id,title,date,last_update,scrape_time,section,source,url,lead,news_content
60235585,太平清醮搶包山｜數百人等入場　排頭位觀眾清晨5時入長洲有原因,2025-05-05 23:16,2025-05-05 23:21,2025-05-05 23:30,社會新聞,hk01,https://www.hk01.com/社會新聞/60235585/太平清醮搶包山-數百人等入場-排頭位觀眾清晨5時入長洲有原因,長洲太平清醮重頭戲「搶包山」比賽於周二（6日）凌晨0時舉行，大會今晚（5日）10時開始派入場籌。約晚上9點，排籌區外已有數百人等候，當中排頭位,"長洲太平清醮重頭戲「搶包山」比賽於周二（6日）凌晨0時舉行，大會今晚（5日）10時開始派入場籌。約晚上9點，排籌區外已有數百人等候，當中排頭位的市民今日凌晨約5時半已搭船到長洲排隊，稱已親身觀看搶包山比賽十數年，今年更有過往一齊排隊的團友進入搶包山決賽，冀到場支持。

搶包山是長洲一年一度於太平清醮結束後舉行的攀登競賽，每年吸引不少人到場觀看。今年設有4個區域供市民觀賞賽事，於夜晚10時派發免費籌。約晚上9時，排籌區外已有數百人等候獲取入場券，人龍打蛇餅，有島內區民表示今年特別多人。

排頭位觀眾：要來支持今年入圍決賽「排隊團友」

排頭位的張先生表示，為於活動中佔有利觀賞位置，今日凌晨約5時半已搭船入島排隊。他稱已親身觀看搶包山比賽十數年，結識了幾位一齊提早入島排隊看搶包山的團友，今年有團友談健鴻報名參加搶包山，更闖入決賽，冀望比賽時可親身支持對方。

至於為何不在長洲租住度假屋過夜，他表示團友及自己皆有家室，只可提早搭船入島排隊。

內地客行完麥理浩徑後特意入長洲看搶包山

內地旅客余小姐、龍小姐、鄭小姐等人表示，5月1號時來港參加麥理浩徑100公里徒步團，導遊與她們分享搶包山活動的資訊，剛完成徒步團，便於下午5時搭船入島，冀觀看香港傳統活動，活動完結後將搭船出島至租住的旺角酒店。

鄭小姐首次來港，她表示很喜歡香港，既有城市化之景，又有戶外景觀，而且還有如長洲般的小島風情。余小姐則說：「香港保護野生動物的措施不錯。」他們特意請多了幾天假在香港遊玩。他們分享麥理浩徑於內地的徒步團中以風景優美著稱，是很多徒步登山客的嚮往之地。

排隊長洲居民：第二次親身到場看

居住於長洲的劉先生表示，今日約下午5、6時與家人開始排隊，途中曾去不同地方閒逛。他們表示，是次為他們第二次親身到場看，過往通常會於假期外遊。問及是次為何未有外遊，他表示「太多人」，故留港。"
60235588,獨家丨黃澤鋒爆太太曾經小產　今胎預產期9月開心迎「小黃妃2.0」,2025-05-05 23:11,2025-05-05 23:12,2025-05-05 23:15,即時娛樂,hk01,https://www.hk01.com/即時娛樂/60235588/獨家-黃澤鋒爆太太曾經小產-今胎預產期9月開心迎-小黃妃2-0,現年58歲的黃澤鋒與同齡太太陳麗麗於2010年結婚，婚後一直積極努力造人，直至2019年陳麗麗以52歲「超高齡產婦」身份誕下女兒黃熙恩，乳名「小黃妃,"現年58歲的黃澤鋒與同齡太太陳麗麗於2010年結婚，婚後一直積極努力造人，直至2019年陳麗麗以52歲「超高齡產婦」身份誕下女兒黃熙恩，乳名「小黃妃」，不經不覺今年已經6歲。今日陳麗麗以58歲「超高齡產婦」再度懷孕，消息一出引來熱話，不少網民送上祝福，同時關注高齡產婦的健康狀況。

黃澤鋒今日接受《香港01》訪問，他以短訊回覆，透露一直有計劃追多一個小朋友，太太已懷孕5個月，預產期是今年9月頭，而且是「小黃妃2.0」，他說：「囡囡勁開心，成日求我哋可以多個妹妹，佢已經開始學習做家姐，妃妃願望成真。」

不過，陳麗麗在生小王妃時已屬高齡產婦，當時更因血壓急升突患妊娠毒血症，有中風之危，產後需送入ICU觀察，幸好兩母女最後有驚無險出院。問到今次太太再懷孕是否風險很高？黃澤鋒說：「其實之前曾經小產過，所以今次更小心。（醫生有冇建議你哋唔好要？）係醫生建議盡快再接再厲。」對於外界亦有不少反對聲音，黃澤鋒未有理會：「無論你什麼時候做什麼動作都一樣俾人話，我只需要向自己屋企人交代就是了。」他表示現在要更加落力賺錢養家。"
60235211,網戀遇恐怖情人！女生首見「男友」遭狂毆兼性侵　手機被搶走變賣,2025-05-05 23:02,2025-05-05 23:02,2025-05-05 23:15,熱爆話題,hk01,https://www.hk01.com/熱爆話題/60235211/網戀遇恐怖情人-女生首見-男友-遭狂毆兼性侵-手機被搶走變賣,網上情緣未經見面相處，隨時會遇到恐怖情人，萬事一定要小心！台灣花蓮1名女生與1名鐵工陷入網戀，雙方交往後相約見面，豈料首次見面當天，女生已,"網上情緣未經見面相處，隨時會遇到恐怖情人，萬事一定要小心！台灣花蓮1名女生與1名鐵工陷入網戀，雙方交往後相約見面，豈料首次見面當天，女生已在網吧慘遭「男友」痛毆，而且被對方暴力猥褻得逞。女生在其後逾1周內接連再被狂毆，甚至遭性侵，手機更被「男友」搶走變賣，然後拿錢花費，她脫離魔掌後報警求助。

被告案底累累曾與未成年人士性交

台媒今年5月報道，該名鐵工案底累累，過往曾與未成年人士性交，而且干犯竊盜罪行，他今次和受害女子在通訊程式認識，2023年6月7日起開始交往，雙方相約同年6月10日上午8點許見面，當日他們前往網吧消遣，鐵工強迫「女友」就範，用手毆打對方，導致其右頸和左胸瘀傷，並用生殖器摩擦對方下體。

多次毆打「女友」兼性侵

去到6月13日中午12時許，鐵工再次在網吧毆打「女友」，並進行猥褻行為。到了6月15日深夜10時許，他們進入花蓮中山公園，鐵工再打「女友」，今次更性侵得逞，並在未經女方同意下，搶走其手機到通訊行變賣，獲取現金花費。6月16日晚上8時左右，鐵工在網吧打完受害人後，向她進行指侵。

受害女子事後逃脫魔掌，立即前往警局報案，警方經調查後，拘捕涉案鐵工。

法官判罪成多罪分別判刑

案件在花蓮地院審理，被告在庭上認罪，法官認為被告當時和受害人交往，但沒有控制自身行為，為了滿足一己私慾，嚴重戕害對方的性自主權，同時侵害受害人財產權。法官考慮到被告有前科、雙方未達成和解，法官判處被告2項強制猥褻罪名成立，各囚7個月，2項強制性交罪名成立，分別入獄3年2個月，1項竊盜罪名成立，入獄2個月，竊盜罪刑期可以易科罰金，以1,000新台幣折算1天，全案仍可上訴。

（綜合）"
60235587,關稅戰｜道指早段跌250點後回穩　納指跌逾0.6%,2025-05-05 23:01,2025-05-05 23:01,2025-05-05 23:15,財經快訊,hk01,https://www.hk01.com/財經快訊/60235587/關稅戰-道指早段跌250點後回穩-納指跌逾0-6,美國總統特朗普（Donald Trump，又譯川普）推出新關稅，向美國境外製作的電影徵稅100% 。 美股周一（5月5日）早段個別發展，道指曾跌逾250點後回穩,"美國總統特朗普（Donald Trump，又譯川普）推出新關稅，向美國境外製作的電影徵稅100% 。 美股周一（5月5日）早段個別發展，道指曾跌逾250點後回穩，納指則暫跌0.6%。

截至本港晚上10時50分，道指報41,324點，升7點或0.02%；納指最新報17,870點，跌107點或0.60%；標普500指數報5,663點，跌23點或0.41%。

油價挫逾2%

油價下跌。紐約原油期貨現時每桶報56.74美元，跌1.55美元或2.66%；倫敦布蘭特期油每桶報59.83美元，跌1.46美元或 2.38%。

CoinDesk顯示，比特幣（Bitcoin）價格最新報94,330.04美元、24小時內跌逾1%。"
60235564,隱世歌手靠翻唱別人的歌獲關注　辭工追夢新歌將戀愛經歷擺上枱,2025-05-05 23:00,2025-05-05 23:00,2025-05-05 23:15,眾樂迷,hk01,https://www.hk01.com/眾樂迷/60235564/冼婉雯靠翻唱別人的歌獲關注-辭工追夢新歌將戀愛經歷擺上枱,冼婉雯（Jess Sin）十多年前因興趣開始在YouTube拍翻唱影片，當時已獲不少網民關注，更被電視台邀請於「隱世歌手」環節演出：「細細個已經好鍾意唱,"冼婉雯（Jess Sin）十多年前因興趣開始在YouTube拍翻唱影片，當時已獲不少網民關注，更被電視台邀請於「隱世歌手」環節演出：「細細個已經好鍾意唱歌，成日參加唔同嘅歌唱比賽，中學嗰陣仲組過隊A capella㗎。喺YouTube唱Cover嗰陣，好幸運有電視台邀請我去唱『隱世歌手』嘅環節，之後都有陸陸續續去唱歌表演。我覺得人生都係要任性一次，所以就好勇敢咁辭咗7年嘅正職，正式出道做獨立歌手。」

雖然Jess翻唱過不少作品，但能夠以獨立歌手身份推出首支派台歌《眼淚太淺》心情特別興奮，新歌除了描述眼淺的女生，同時亦有緣淺的意思：「當你對一段感情已經經歷過太多次失望，就算你喊得再多，都冇辦法為呢段感情起到啲咩作用，最終不得不離開呢段關係。我自己都係淚腺比較發達嘅人，但係我嘅性格就倔強啲，所以喊完，我會好好收拾自己，重新出發。」

MV亦落足心機準備多個不同造型，更邀來影壇前輩麥子樂、最近憑電影《看我今天怎麼說》獲金像獎提名最佳新演員的吳祉昊（Macro）及集主持、演員、編劇、導演於一身的李文意（阿My）合力演出。Jess在MV中有分別有兩場喊戲，她笑指因為歌名的關係，喊戲是必須的，其中一幕更是Jess過去戀愛時的親身經歷：「有一場我聲嘶力竭咁喊，而男主角就繼續喺我旁邊瞓覺扮聽唔到。呢個我真實經歷過，其實唔會聽唔到㗎嘛，係咪？所以拍嗰陣，我都有諗過嗰時嘅感覺，相信大家透過鏡頭都會感受到我當時嘅心情。」她又指MV的情節需要由笑演到喊，絕對是高難度挑戰。

提到這次的男主角麥子樂，Jess認為對方有種神秘感：「睇唔透、好若即若離咁，呢個vibe好吸引我，啱晒呢個MV。」身旁的麥子樂說：「我唔覺我自己有（神秘感），但係我好榮幸拍到你第一個MV。我哋唔識㗎，但係拍嘢之前，你會主動send message畀我，我覺得你好尊重呢件事。同埋首歌好好聽，我而家已經識唱，個人又好nice。」麥子樂透露初出道時曾想過當歌星，可惜當時的唱片公司倒閉未能圓夢，Jess即邀請他下次一同合唱。身為前輩的麥子樂，更全程仗義幫忙，為Jess親授演技，令她學到不少真功夫。

Macro大讚Jess人很好，期待有機會再合作，他說：「我有試過代入歌詞嘅感受，入面有好多好Sad同無力感，有啲沉重，演嗰陣都帶住呢個感覺，好好玩。」至於獲金像獎提名，Macro直言自己不執着獎項，因此不會感到緊張：「嚟緊都會繼續讀書，但係如果喺演藝上有機會，我都想繼續試吓。」至於第二女主角阿My，覺得好好玩亦好疲累：「因為今次好多演戲，好用力，但係首歌好好聽，聽咗兩、三次已經入晒腦。」 阿My又指未與Jess合作前，已經在社交平台聽過她的歌：「感覺佢好靚女、好斯文，今日見面果然真係好靚女。我最近搞咗個IG短劇平台，主力都係寫劇本同導演，不過我都仲做緊演員同主持㗎，所以歡迎大家繼續搵我開工。」

Jess用兩個字總結首次拍攝MV的感覺：「好玩！因為我們成班演員休息嗰陣，會捉住Marco教我哋做手語，係咁問佢啲好刁鑽、好搞笑嘅事，全部人都笑到癲晒，但係一埋位又好集中。我覺得今天全日都處於一個好好笑、好傷心、好好笑、好傷心嘅狀態，好似有啲精神分裂，但係最後大家都好享受成個過程，好多謝大家。」"
60235586,西班牙高鐵訊號電纜被盜　數千乘客受影響,2025-05-05 22:48,2025-05-05 22:55,2025-05-05 23:00,即時國際,hk01,https://www.hk01.com/即時國際/60235586/西班牙高鐵訊號電纜被盜-數千乘客受影響,西班牙高鐵馬德里至安達盧西亞線因高鐵訊號電纜被盜而中斷近20小時後，5日午間逐步恢復運營。事件導致有乘客被困在車廂內一夜，也有有乘客滯留在車,"西班牙高鐵馬德里至安達盧西亞線因高鐵訊號電纜被盜而中斷近20小時後，5日午間逐步恢復運營。事件導致有乘客被困在車廂內一夜，也有有乘客滯留在車站。

5月4日晚間，有高鐵訊號電纜被盜，迫使數百乘客在車廂過夜。馬德里阿托查車站滯留旅客達數千人。

這是繼上週全國性斷電導致列車停擺後，西班牙兩週內第二單重大運輸癱瘓事件。"
60235584,巴郡B股盤中瀉逾半成　股神巴菲特年底卸任CEO一職,2025-05-05 22:36,2025-05-05 22:36,2025-05-05 22:45,財經快訊,hk01,https://www.hk01.com/財經快訊/60235584/巴郡b股盤中瀉逾半成-股神巴菲特年底卸任ceo一職,股神巴菲特退任巴郡（Berkshire Hathaway）首席行官，巴郡B股一度瀉逾6%，最新仍瀉5.5%至509.77美元。巴郡今天宣布，董事會昨天投票通過阿貝爾（Gr,股神巴菲特退任巴郡（Berkshire Hathaway）首席行官，巴郡B股一度瀉逾6%，最新仍瀉5.5%至509.77美元。巴郡今天宣布，董事會昨天投票通過阿貝爾（Greg Abel）明年1月1日出任公司總裁兼執行長人事案，而巴菲特將續任董事長。
60235581,Skype今起停止服務　一步驟轉移Teams與備份聊天記錄,2025-05-05 22:33,2025-05-05 22:33,2025-05-05 22:45,即時國際,hk01,https://www.hk01.com/即時國際/60235581/skype今起停止服務-一步驟轉移teams與備份聊天記錄,美國科技公司微軟（Microsoft）旗下即時通訊軟件Skype在5月5日正式停止運作，用戶可在2026年1月前使用賬戶免費登入Teams，通訊紀錄與聯絡人亦會自,"美國科技公司微軟（Microsoft）旗下即時通訊軟件Skype在5月5日正式停止運作，用戶可在2026年1月前使用賬戶免費登入Teams，通訊紀錄與聯絡人亦會自動轉移，確保順利過渡。

Skype在2011年被微軟以85億美元（約661億港元）收購，但近年不敵趁新冠疫情崛起的諸多新秀，例如Zoom與Salesforce，並在近年逐步將注意力轉移至Teams。

用戶從Skype轉移至Teams的方法很簡單，首先下載Teams，然後登入Microsoft賬號，之後跟隨指示把Skype帳號與微軟帳號同步，記得選「同步聯絡人」，最後按確認即可完成轉移，便能自動同步Skype的通訊紀錄和聯絡人。"
60235539,新婚人夫內地被野生捕獲　在粉絲波衫上簽名原來係阿仙奴粉絲,2025-05-05 22:30,2025-05-05 22:30,2025-05-05 22:45,即時娛樂,hk01,https://www.hk01.com/即時娛樂/60235539/新婚人夫方力申內地被野生捕獲-粉絲波衫上簽名原來係阿仙奴粉絲,45歲的方力申，早前跟圈外女友Maple葉萱拉埋天窗，可喜可賀，但一直注重身材管理的他，婚後卻出現幸福肥，足足重了十多磅，被笑由小方變了大方。近,"45歲的方力申，早前跟圈外女友Maple葉萱拉埋天窗，可喜可賀，但一直注重身材管理的他，婚後卻出現幸福肥，足足重了十多磅，被笑由小方變了大方。近日他痛定思痛，又運動又斷食，終於重拾昔日的運動員身材，最近在長隆水上樂園被野生捕獲，不少網民都拎到他的簽名，大讚他友善親民。

近日方力申在內地長隆水上樂園現身，大批粉絲到場支持，出現萬人空巷的場面，瘦身成功的他，身材甚fit，不少粉絲圍著他拍照，有求必應，任影唔嬲，粉絲又拿出隨身物品給他簽名，除了照片、布袋，最令人意想不到是有粉絲帶來了阿仙奴的波衫，小方一邊簽名，一邊大讚「正喎」，網民更大讚小方識貨，毫無明星架子，抵他紅足多年。"
60211580,三毛別棕熊襲擊事件：日本史上最慘烈　在漆黑一片的家中困獸鬥,2025-05-05 22:30,2025-05-05 22:30,2025-05-05 22:45,熱爆話題,hk01,https://www.hk01.com/熱爆話題/60211580/三毛別棕熊襲擊事件-日本史上最慘烈-在漆黑一片的家中困獸鬥,人類的發展與大自然的衝突是從古到今持續在發生的事情，不論是棲息地的減少、環境的破壞或是導致物種的滅絕，在人類漫長的歷史中都早已屢見不鮮。在,"人類的發展與大自然的衝突是從古到今持續在發生的事情，不論是棲息地的減少、環境的破壞或是導致物種的滅絕，在人類漫長的歷史中都早已屢見不鮮。

在日本北海道，也曾經因為開拓導致與野生動物的衝突，進而釀成人類死傷的悲劇，今天就讓我們來看看這起發生在大正年間的「三毛別棕熊襲擊事件」吧！

吃過人肉「返尋味」闖12人家中弄熄唯一照明再大屠殺（點圖放大閱讀）：

棕熊現身村落村民遭到襲擊

1915年，在北海道苫前村的三毛別地區，有著一個被稱為六線澤的開拓聚落。這年的11月上旬，聚落中的池田家出現了野生棕熊的身影，儘管棕熊並未傷人，但家主富藏對於家中有熊出現的恐懼，導致其嚴加戒備棕熊的再度出現。11月30日，棕熊又再次地出現在了池田家，雖然富藏已經有所戒備，但並沒有抓到棕熊，而是讓牠負傷逃回了森林。

12月9日，同村的太田三郎早起外出務農，留下妻子與兒子在家，就在他結束一天的工作回到家中，卻發現了倒在地上的兒子的屍體，妻子則不知所蹤。由於已經接近日落，村民們決定隔天再進行搜索，隔天一早，村民們提著獵槍找到了襲擊的棕熊，但由於發現時的距離實在太近，村民們並沒有捕獲那頭棕熊，只是在牠所在處的樹下發現了太田三郎的妻子的遺體。

失去照明而遭棕熊吞噬如同地獄般的屋子

12月10日晚上，太田家正為了死去的兩人進行守夜，但記住人類味道的棕熊卻再度來到了此處，儘管守夜的村民們連忙製造噪音驅趕棕熊，但棕熊卻往河川下游逃跑。此時，在下游的明景家正好聚集著避難的明景一家以及齋藤一家共12人，棕熊闖入了這戶人家中，並打翻了唯一的照明，頓時場面一團混亂。

棕熊在明景家中大肆肆虐，由於失去了唯一的光明，屋內的人們根本不知道該向哪裡逃跑，棕熊就這樣在屋內肆無忌憚的攻擊著兩戶人家。上游的村民帶著武器趕到時，棕熊正好出現在明景家的玄關並逃回了山裏，至於屋內則是一片狼藉，有些人帶著重傷成功逃了出來，有些人在屋子內奇蹟的生還，但仍然造成了5死3重傷的悲劇，短短兩天，這頭棕熊就已經在這個村子殺了7個人。

【延伸閱讀】日本史上極殘忍「壽產院事件」魔鬼夫婦殺害過百嬰兒死狀淒慘（點圖放大閱讀）：

獵熊行動開始隊伍人數多達600人

明景家事件過後，村人們將六線澤聚落的所有村民都遷往更下游的三毛別分校避難。12月12日，山下的警察終於來到，並與村民組織了獵熊隊試圖解決，但並未成功，無奈地警方知道靠這些力量是不足以解決事情的，只得請求軍方的援助。

12月14日，加上軍方派出的人手，這時的獵熊部隊已經有600人以上，加上60把槍枝以及10條獵犬。終於，討伐隊們在山上找到了負傷的棕熊，前一天見過棕熊的老兵山本在眾人吸引注意力時悄悄地接近了棕熊的附近，並一槍結束了棕熊的性命。這時，放晴了三天的天候也突然變調，開始吹起了風雪，這個天後急變，被村人們稱為「熊風」。

村人們解剖了這頭巨大的熊，發現裏頭有著許多未被消化的人肉以及衣服。事後，北海道其他地區也傳出了這頭棕熊早在襲擊太田家之前，就已經有著傷害人類並吃人的紀錄。但隨著牠的死亡，至此，巨大棕熊所引發的傷人事件也暫時告一段落。六線澤附近的居民在1990年時樹立了石碑紀念這起事件，苫前町的鄉土資料館也留下了關於這起事件的資料，藉此留下先民辛苦開拓的慘痛記憶。

事件帶給我們什麼樣的教訓

「三毛別棕熊襲擊事件」並不是當時唯一一起的棕熊襲擊事件，這些事件反映了當時的人們為了開拓內陸，拾取柴薪而深入森林，導致棕熊與人類的生存空間有所重疊，因而導致了這起悲劇。這並沒有誰對誰錯，而是人類在持續開拓自然空間時就有可能遭受到的反噬，也希望現在的人們在開發自然時，也能夠秉持著共榮共存的想法，以免哪一天又再度遭受到大自然的反撲，發生類似的慘劇。

【延伸閱讀】

【本文獲"
60235583,以高官：若下周未達成人質交換協議　將對加沙展開大規模攻勢,2025-05-05 22:01,2025-05-05 22:04,2025-05-05 22:15,即時國際,hk01,https://www.hk01.com/即時國際/60235583/以高官-若下周未達成人質交換協議-將對加沙展開大規模攻勢,據路透社報道，以色列一名高級國防官員5月5日表示，如果哈馬斯未能在美國總統特朗普（Donald Trump）下周訪問中東期間，與以色列就人質達成協議，,"據路透社報道，以色列一名高級國防官員5月5日表示，如果哈馬斯未能在美國總統特朗普（Donald Trump）下周訪問中東期間，與以色列就人質達成協議，以軍將在加沙地帶對其展開大規模攻勢。

以色列內閣周日（5月4日）晚批准加沙軍事計劃，包括加強打擊哈馬斯及佔領整個加沙地區。該官員5日透露，若人質協議未能達成，以軍將以「極大強度」在加沙展開「基甸戰車」行動（Gideon Chariots），並且不會停止，直到實現所有目標。"
60235541,TVB花旦誕B坐月自爆患「媽媽手」　手綁護腕緩解痛症：唔識抱BB,2025-05-05 22:00,2025-05-05 22:00,2025-05-05 22:15,即時娛樂,hk01,https://www.hk01.com/即時娛樂/60235541/黃翠如誕b坐月自爆患-媽媽手-手綁護腕緩解痛症-唔識抱bb,TVB花旦黃翠如3月中誕下與蕭正楠的愛情結晶品，兒子「哈哈」相當健康，組成三口之家幸福滿瀉。榮升新手媽媽的黃翠如湊B親力親為，昨日（4日）黃翠,"TVB花旦黃翠如3月中誕下與蕭正楠的愛情結晶品，兒子「哈哈」相當健康，組成三口之家幸福滿瀉。榮升新手媽媽的黃翠如湊B親力親為，昨日（4日）黃翠如自爆患上「媽媽手」，剛生完已有痛症。

黃翠如日前分享一段短片，她透露因為手一向沒有甚麼力氣，加上做新手媽媽經驗不足，手腕不幸拉傷了，她一邊綁上護腕一邊說：「唔識抱BB、唔識喂BB，所以而家手裏面有好多痛症。」她使用護腕是為了讓手更能夠受力。黃翠如又指指坐月為了不弄濕雙手，刷牙、去廁所、食飯都會換一對手套，做媽媽認真不易！"
60235578,隆重紀念二戰勝利80周年　英國王室領銜　4天慶典開始,2025-05-05 22:00,2025-05-05 22:00,2025-05-05 22:15,即時國際,hk01,https://www.hk01.com/即時國際/60235578/隆重紀念二戰勝利80周年-英國王室領銜-4天慶典開始,為紀念第二次世界大戰歐洲戰場勝利80周年，英國自周一（5日）起展開為期4天的連串活動。國王查理斯三世（King Charles III）率王室成員、首相施紀,"為紀念第二次世界大戰歐洲戰場勝利80周年，英國自周一（5日）起展開為期4天的連串活動。國王查理斯三世（King Charles III）率王室成員、首相施紀賢（Keir Starmer，又譯施凱爾或斯塔默）與二戰老兵共同參與首日盛大的軍事閱兵及飛行表演，重現歷史榮光，同時彰顯對烏克蘭的堅定支持。

中午12時，倫敦大笨鐘鳴響揭開慶典序幕。逾1300名英國軍人從國會大廈列隊行進至白金漢宮，沿途民眾揮舞旗幟致敬。

查理斯夫婦、威廉王子及其妻子凱特等王室成員於宮殿陽台觀禮，見證皇家空軍「紅箭」特技小組與二戰古董戰機編隊飛越倫敦上空。烏克蘭軍隊首度加入遊行隊伍，象徵英國對其抗俄行動的持續聲援。

首相施紀賢致辭強調：「我們永遠銘記為自由獻身的英雄。」政府同步宣布撥款5000萬英鎊設立退伍軍人支援計劃，涵蓋醫療、就業及歷史教育等領域。

1945年5月8日納粹德國投降當日，時年19歲的伊利沙伯公主（即已故女王伊利沙伯二世Elizabeth II）曾與妹妹混入狂歡人群，成為王室親民傳奇。此次紀念活動恰逢美國總統特朗普斡旋俄烏停火之際，英國通過此舉既重溫團結精神，亦加強對當前地緣危機的立場。

慶典首日以白金漢宮老兵茶會作結，50餘名高齡逾百的二戰親歷者與王室共憶崢嶸歲月。後續活動將持續至5月8日，包括全國默哀、燈光藝術展及社區紀念儀式。"
60235580,黃澤鋒58歲熟齡太太再懷孕　母親節前夕宣布成功追B：妃妃做家姐,2025-05-05 21:50,2025-05-05 21:54,2025-05-05 22:15,即時娛樂,hk01,https://www.hk01.com/即時娛樂/60235580/黃澤鋒58歲熟齡太太再懷孕-母親節前夕宣布成功追b-妃妃做家姐,藝人黃澤鋒與太太陳麗麗於2010年結婚，婚後一直努力造人，二人的「愛情結晶」終於在結婚第9年出現。陳麗麗更以52歲成為「超高齡產婦」，順利誕下女,"藝人黃澤鋒與太太陳麗麗於2010年結婚，婚後一直努力造人，二人的「愛情結晶」終於在結婚第9年出現。陳麗麗更以52歲成為「超高齡產婦」，順利誕下女兒黃熙恩（小黃妃），6年後，黃澤鋒與陳麗麗再次在社交平台公布好消息，指小黃妃成為了家姐。

黃澤鋒與陳麗麗趁母親節前夕向大家公有喜訊，二人在社交平台寫下：「母親節號外，妃媽『愛💖的續約』成功，妃妃終於夢想成真做家姐啦！」更分享了陳麗麗的懷孕照，還有三人一起開心指著陳麗麗肚子，而本身陳麗麗誕下小黃妃已經是「超高齡產婦」，今再次懷孕已經是58歲了，相信要再加小心照料。"
60235579,五一丨鐵路運輸旅客發送量累計超1億人次　廣深為熱門城市,2025-05-05 21:46,2025-05-05 21:58,2025-05-05 22:15,即時中國,hk01,https://www.hk01.com/即時中國/60235579/五一-鐵路運輸旅客發送量累計超1億人次-廣深為熱門城市,《新華社》報道，中國國家鐵路集團有限公司消息，5月4日，全國鐵路發送旅客1978.6萬人次，4月29日「五一」假期運輸啟動以來至5月4日，全國鐵路累計,"《新華社》報道，中國國家鐵路集團有限公司消息，5月4日，全國鐵路發送旅客1978.6萬人次，4月29日「五一」假期運輸啟動以來至5月4日，全國鐵路累計發送旅客1.12億人次，同比增長10.5%。

5月5日，鐵路返程客流繼續攀升，全國鐵路預計發送旅客2110萬人次，計劃加開旅客列車1896列。

從鐵路12306車票預售情況看，5日熱門出發城市主要有北京、廣州、成都、上海、西安、武漢、杭州、深圳、鄭州、長沙；熱門到達城市主要有北京、上海、廣州、成都、武漢、深圳、西安、杭州、鄭州、長沙；北京往返上海、西安往返成都、瀋陽至北京、北京往返呼和浩特、南寧至廣州、武漢至上海、太原至北京等熱門區間客流較為集中。

據交通運輸部，5月5日預計全社會跨區域人員流動量超2.6億人次，同比增長13%。從5月1日到5月5日，預計全社會跨區域人員流動量累計14.67億人次。

民航方面，「五一」假期期間，全國民航預計累計發送旅客1115萬人次，比2024年同期增長11.8%；預計航班正常率89%，比2024年同期提高1.97個百分點。"
60235576,東張西望｜苦主130萬裝修新屋激到生蝦咁跳　同裝修師傅一拍兩散,2025-05-05 21:35,2025-05-05 21:35,2025-05-05 21:45,即時娛樂,hk01,https://www.hk01.com/即時娛樂/60235576/東張西望-苦主130萬裝修新屋激到生蝦咁跳-同裝修師傅一拍兩散,TVB節目《東張西望》今日（5日）一集講到苦主陳小姐於2023年打算裝修3層高的新屋，在朋友介紹之下認識了裝修師傅「阿佳」，整個工程連傢俱一共報價,"TVB節目《東張西望》今日（5日）一集講到苦主陳小姐於2023年打算裝修3層高的新屋，在朋友介紹之下認識了裝修師傅「阿佳」，整個工程連傢俱一共報價96萬，結果工程一直加到130萬。工程由2023年9月開始，大約裝修了一年，陳小姐老公有問到阿佳能否於暑假前交樓，而阿佳亦有回覆指：「暑假前搞唔掂畀你，唔係你死，係我死啊！」最後當然是暑假前仍然未能交樓。

陳小姐表示阿佳指去年7月20日可以交樓，但結果一拖再拖：「11月就同我講，唔得啊，就嚟新年啦，我要啲外牆油要返大陸買，大陸啲料靚啲啊。我話唔緊要，你返大陸買唔緊要啦，不如你喺香港買啦我同佢講，我話你搵啲質素靚啲都唔緊要啦，你快啲買完運落嚟啦！點不知佢同你講佢要運船喎，佢話五桶，要行船路過，嗰度玩咗兩個禮拜。」陳小姐表示事件不止發生一次，除了運油外，阿佳繼續向陳小姐表示下屬「走佬」，沒有人能工作。

通常大家都說「事不過三」，但是阿佳的情況就一次又一次的發生，之後他向陳小姐表示家人離世，未能繼續開工。隔了一星期，陳小姐以為阿佳能復工時，他又表示自己確診流感，所以新屋的裝修一直處於半工作的狀態。陳小姐為此感到氣憤不已，打算一拍兩散，與裝修師傅繼續鬥過你死我活。

節目組陪同陳小姐致電阿佳了解情況，一開始通電話時二人的態度尚算正常，阿佳亦有叫陳小姐做「老闆娘」，然後二人的對話就開始混亂。阿佳有指陳小姐不讓他開工，陳小姐一直叫他解釋事件，阿佳亦有讓陳小姐選擇，「一係開門畀我做就做，唔做就話我聽」，更指不想與陳小姐講電話。

之後梁敏巧接過電話繼續向阿佳了解，阿佳表示自己被人「走數」，更指於3月中正在工作時，陳小姐報了警，更拔走鎖匙不讓他繼續做。但是阿佳一邊說，陳小姐就一邊反駁，但阿佳就堅稱：「我唔係唔做啊，係你唔畀我做阿嘛！」二人對話之中繼續勢成水火，未幾阿佳更掛掉電話。

梁敏巧單獨再致電阿佳，阿佳亦有表示4月中可以交樓予陳小姐，但4月時節目組再向陳小姐了解進度，但她就指「沒有進度」，新家仍然維持原狀。阿佳向梁敏巧解釋有苦衷：「佢咪搵咗律師囉，等緊律師囉，咪追討囉，佢唔畀我做，唔係我唔做嘛。」但陳小姐不打算罷休，誓要兩個只能活一個，向阿佳發出了律師信，事件繼續沒完沒了。"
60234579,舊油麻地警署外持仿製槍拍照！疑內地客扮警動作　網民：製造恐慌,2025-05-05 21:33,2025-05-05 21:33,2025-05-05 21:45,熱爆話題,hk01,https://www.hk01.com/熱爆話題/60234579/舊油麻地警署外持仿製槍拍照-疑內地客扮警動作-網民-製造恐慌,內地正值五一黃金周長假，香港各處都見到內地遊客拍照打卡，其中充滿港味、曾是多部港產片取景地的舊油麻地警署，繼續成為內地遊客的打卡熱點。近日,"內地正值五一黃金周長假，香港各處都見到內地遊客拍照打卡，其中充滿港味、曾是多部港產片取景地的舊油麻地警署，繼續成為內地遊客的打卡熱點。近日網上流傳照片，有疑似內地遊客在舊油麻地警署外，手持仿製槍械模仿警員動作拍照留念，引來香港網民熱議，「使用（玩具）槍製造恐慌，單憑遠觀，市民分不清真假，容易給不法分子利用這點犯案，警方要正視」。

有港人於facebook群組「西環變幻時」轉發2張

疑內地客持仿製槍械舊警署外拍照

另1張照片，金髮女子同樣手持仿製槍械，戴上墨鏡，槍口對着蹲在地上的女子，蹲地女子雙手抱頭，手腕疑似戴上手銬，兩人模仿警員用槍制服疑犯畫面。

網民斥：onX當有趣

帖文引來香港網民熱議，指出「onX當有趣」、「管有仿製槍械，危害公眾安寧」、「見疑即報」、「其實可以報警，因為玩具槍都不可以鬧市攻擊狀態展示。如果銀行附近咁做，真係似打劫」。

香港法例：管有仿製火器最高判監兩年

根據香港法例第238章《火器及彈藥條例》，管有仿製火器屬嚴重罪行，一經定罪，最高可被判監兩年。

舊油麻地警署是內地遊客的打卡熱點▼▼▼"
60235538,視帝北上掘金捱到殘　凍齡老婆武漢被捕獲睇得到仙氣,2025-05-05 21:30,2025-05-05 21:30,2025-05-05 21:45,即時娛樂,hk01,https://www.hk01.com/即時娛樂/60235538/視帝王浩信北上掘金捱到殘-老婆陳自瑤武漢被捕獲睇得到仙氣,43歲的陳自瑤，跟視帝王浩信婚後，育有一女，但二人各有各忙，王浩信又長駐內地發展，二人多年處於「分居」狀態，又多次傳出婚姻亮起紅燈。近年王,"43歲的陳自瑤，跟視帝王浩信婚後，育有一女，但二人各有各忙，王浩信又長駐內地發展，二人多年處於「分居」狀態，又多次傳出婚姻亮起紅燈。近年王浩信在內地吸金，捱到面容憔悴，暴瘦兼有大黑眼圈，比太太年輕2年，但睇落卻是十分蒼老，反觀陳自瑤卻愈來愈靚，被讚凍齡美人。

近日陳自瑤分享跟張頴康到武漢拍攝旅遊節目，二人乘搭高鐵時，張頴康瞓到失晒知覺，反而陳自瑤甚為精神，體質頗佳。到達目的地後，鏡頭一轉，陳自瑤身處東湖的美景下，薄施脂粉的她，顯得十分年輕，顏值爆燈，在當地的晨霧圍繞下，仿如真正看得到的仙氣，不折不扣是仙氣美女，令網民眼前一亮，紛紛俾讚。"
60213260,癌症｜A型提防胃癌、B型須護肝！醫生揭4種血型「潛在疾病」,2025-05-05 21:30,2025-05-05 21:30,2025-05-05 21:45,熱爆話題,hk01,https://www.hk01.com/熱爆話題/60213260/癌症-a型提防胃癌-b型須護肝-醫生揭4種血型-潛在疾病,血型不僅影響性格，還會影響你的身體健康！對此，台北榮總遺傳優生科主任張家銘 醫生指出，血型是指紅血球表面的糖分子組合，這些糖分子不僅影響輸,"血型不僅影響性格，還會影響你的身體健康！對此，台北榮總遺傳優生科主任張家銘 醫生指出，血型是指紅血球表面的糖分子組合，這些糖分子不僅影響輸血相容性，還會影響病原體的黏附能力，進而導致不同血型者面臨不同的健康風險。

台北榮總遺傳優生科主任張家銘醫生在臉書發文指出，血型實際上是指紅血球表面的糖分子組合，這些糖分子不僅影響輸血相容性，還會影響病原體的黏附能力，進而導致不同血型者面臨不同的健康風險。

張家銘解釋，紅血球表面的糖分子存在於全身，包括腸胃道、呼吸道和血管內壁，影響著身體如何對抗病原體、血液流動和凝血功能，甚至與癌症風險有關。

為此，張家銘也進一步分析了四種血型的健康風險：

A型：

A型血者的紅血球表面帶有A型糖分子，某些細菌如幽門螺旋桿菌特別容易附著，因此罹患胃癌的機率較高。此外，A型血者的免疫系統容易產生較強的發炎反應，可能增加心血管疾病風險。

建議A型血者特別注意胃部健康，定期檢查幽門螺旋桿菌感染，並多攝取抗發炎食物如深色蔬菜和Omega-3脂肪酸。

B型：

B型血者的紅血球帶有B型糖分子，與B型肝炎病毒關係密切，因此感染B型肝炎的機率較高，也較易發展為慢性肝病或肝癌。

建議B型血者特別注意肝臟健康，確認是否已接種B肝疫苗，若已帶有B肝病毒則需定期追蹤肝功能。同時應避免過量飲酒，減少加工食品和高脂肪飲食。

【相關圖輯】

O型：

O型血者的紅血球表面沒有A或B型糖分子，某些病菌較難找到附著點，但也面臨其他 健康挑戰。O型血者的凝血功能較弱，出血性疾病風險較高。此外，O型血者胃酸分泌較多，容易引發胃潰瘍。

建議減少刺激性食物攝取，出現胃痛或消化不良時及早就醫。

AB型：

AB型血者同時帶有A和B型糖分子，可能同時承擔A型和B型血的健康風險。AB型血者的心血管疾病風險高於O型血，免疫系統反應也較為複雜。

建議AB型血者同時關注心血管和肝臟健康，保持規律運動、均衡飲食，並定期進行健康檢查。

【相關圖輯】

張家銘強調，血型只是決定健康風險的因素之一，生活習慣才是關鍵，了解自身血型相關的健康弱點後，應針對性地進行預防，保持良好的生活習慣，才能有效降低疾病風險。他呼籲民眾不要過度擔心，血型並不意味著一定會罹患某種疾病，重要的是根據自身情況採取適當的預防措施。

延伸閱讀：

民進黨發動大罷免「2個一定」！羅智強戳破綠營陽謀：很簡單

【本文獲「"
60235575,巴基斯坦三日內第二次宣布成功試射導彈　總理夏巴茲推遲馬國訪問,2025-05-05 21:30,2025-05-05 21:30,2025-05-05 21:45,即時國際,hk01,https://www.hk01.com/即時國際/60235575/巴基斯坦三日內第二次宣布成功試射導彈-總理夏巴茲推遲馬國訪問,印度與巴基斯坦局勢緊張之際，巴基斯坦兩天內第二次進行導彈試射。法新社報道，巴基斯坦軍方星期一（5月5日）發佈聲明說，軍方進行一次導彈試射，,"印度與巴基斯坦局勢緊張之際，巴基斯坦兩天內第二次進行導彈試射。

法新社報道，巴基斯坦軍方星期一（5月5日）發佈聲明說，軍方進行一次導彈試射，射程為120公里。此次試射旨在確保部隊的作戰準備狀態，並驗證關鍵技術參數，包括導彈的先進導航系統和增強型精度。

據新華社早前報道，巴基斯坦三軍新聞局星期六（3日）發佈聲明說，軍方當天成功試射一枚「阿布達利」（Abdali）地對地短程彈道導彈。導彈射程達450公里，可用於對目標進行精確打擊，有助於增強巴基斯坦軍隊的戰略威懾能力。

巴基斯坦軍方未透露兩次試射的具體地點。總理夏巴茲・謝里夫（Shahbaz Sharif，下稱夏巴茲）對軍方為國家防衛做出的全面準備感到滿意。

夏巴茲原定於本周五（9日）訪問馬來西亞。不過，馬國首相安華星期一早些時候說，夏巴茲已推遲這次訪問；雙方星期天（4日）晚間進行通話，夏巴茲期待今年晚些時候到訪馬國。

印度控制的克什米爾地區一處景區4月底發生致命恐襲後，新德里指責巴基斯坦在背後支持這次襲擊，後者隨即否認。兩國關係急劇惡化，並在克什米爾地區交火。

伊朗外長阿拉格齊（Abbas Araqchi）星期一在巴基斯坦首都伊斯蘭堡進行正式訪問。巴基斯坦信息部長塔拉爾（Attaullah Tarar）在巴控克什米爾地區告訴記者，巴方正在向友好國家闡述本國立場。"
60235571,五一黃金周結束　大批內地客乘高鐵離港　有人讚香港食物種類多,2025-05-05 21:27,2025-05-05 21:29,2025-05-05 21:30,社會新聞,hk01,https://www.hk01.com/社會新聞/60235571/五一黃金周結束-大批內地客乘高鐵離港-有人讚香港食物種類多,內地一連五日的「五一黃金周」今日（5日）結束，不少內地旅客結束在港旅程，在西九站乘高鐵回內地。來自廣州的張小姐認爲，香港雖然很擠擁，但勝在,"內地一連五日的「五一黃金周」今日（5日）結束，不少內地旅客結束在港旅程，在西九站乘高鐵回內地。

在高鐵站出境大堂，雖然不斷有人入閘，但人數不算很多，亦明顯少過抵港大堂。

廣西旅客來香港拜佛6天留在大嶼山座寺廟

現場有人來香港不是爲了旅遊。來自廣西的秦女士特地來香港拜佛，6天也留在大嶼山的一座寺廟裏，完全沒有到香港其他地方。她有很多隨身行李，記者還以爲是在香港購買的東西，豈料全是衣物。被問及對香港有何印象，她說：「還可以呀，繁榮昌盛。」

廣州旅客：香港雖然很擠擁勝在有很多東西吃

來自廣州的張小姐與家人一起來香港旅遊，逗留了3天。她認爲香港雖然很擠擁，但勝在有很多不同種類的東西吃。除了本地特色食物外，他們亦有吃日本菜。所以，她認爲在香港的體驗也是頗好的。

至於消費方面，她直言物價比內地大部分地方高，但也能接受，自己亦沒有計算旅費。

加拿大旅客先遊香港再坐高鐵北上內地遊玩

劉先生在加拿大工作，趁放長假到中國旅行，香港是其中一站，正準備乘高鐵繼續旅程。他去了銅鑼灣、尖沙咀等地，對香港印象不錯，「有點擁擠，但整體印象還是不錯，很方便。」

3天的旅程，他花了二三千元。至於爲什麼會選擇香港，他表示從多倫多直航到香港的班機選擇較多，亦比直航到北京、上海等地便宜。

根據入境處數字，今年「五一黃金周」首4日有83萬內地旅客訪港，較去年同期上升約15萬。"
60235552,今日新聞8分鐘｜醉漢深夜大鬧紅隧 ｜粉嶺丹竹坑私家車疑避狗撼屋,2025-05-05 21:00,2025-05-05 21:00,2025-05-05 21:30,社會新聞,hk01,https://www.hk01.com/社會新聞/60235552/今日新聞8分鐘-醉漢深夜大鬧紅隧-粉嶺丹竹坑私家車疑避狗撼屋,車CAM直擊｜港珠澳大橋口岸機場巴撞旅遊巴　旅巴司機腰痛送院今（5日）早8時許，一輛A61機場巴士沿港珠澳大橋香港口岸旅檢大樓離境層行駛，期間於,"車CAM直擊｜港珠澳大橋口岸機場巴撞旅遊巴旅巴司機腰痛送院

今（5日）早8時許，一輛A61機場巴士沿港珠澳大橋香港口岸旅檢大樓離境層行駛，期間於一個彎位撞到前方一輛旅遊巴。網上流出事發一刻片段，帖主指兩車「一個衝尾燈，一個衝頭燈」。

長洲太平清醮｜小演員準備就緒母憂女突超重近期要少吃多運動

今日（5日）是五一黃金周的最後一日，亦是長洲太平清醮，不少人都入島觀看飄色巡遊及搶包山。早上10時半，新興街街坊會一群小演員換上戲服及化妝。其中扮演保安局局長鄧炳強的小演員連續第二年參與，表示能夠參與巡遊很開心，因為會上電視及在報章上出現。

街坊會早前舉辦海選招募小演員，有300人報名。住天后的林太，其6歲女兒入選。由於女兒的身高體重已達「色芯」上限，近期女兒要多做運動及不要吃太飽以保持身型。

長洲太平清醮｜郭錦記排長龍料售2萬平安包市民大手掃貨求平安

今日（5日）是長洲太平清醮，市民除了觀賞飄色巡遊和搶包山，亦專程到長洲買平安包，寓意「平平安安」。老字號「郭錦記餅店」門口排有20幾米長的輪候人龍，郭錦記的董事郭宇鈿指今日人流暢旺，預計即日可售出約20,000個平安包。

有片｜醉漢深夜大鬧紅隧大字型瞓地阻交通猛扯的士車門遭拖跌

一名男子深夜大鬧紅隧。網上流傳片段，顯示一名黑衣男子躺臥在路中，後方車輛不停響咹，示意男子讓路，惟他恍若未聞。未幾他見旁邊一輛的士行駛過，立即起身猛地抓住的士車門不果被拖跌，有人見狀大叫「睇車呀！」另一片段則見黑衣男大字型躺臥在地，任憑車輛在旁駛過。現場圖片可見有人上前查看黑衣男的情況。

粉嶺丹竹坑私家車疑避狗撼村屋住戶：成架車飛咗入嚟！

粉嶺一輛私家車懷疑避狗直撼村屋，並卡在屋外的鐵皮圍板。涉事村屋住戶形容「突然間聽到砰一聲，好似地震咁樣！」食水喉遭撞斷，無水可用。她又指經常有人在事發地附近等小巴或避車，坦言「好彩今次係無人喺度！」

入台證｜「彩色列印」要求消失當地入境職員證實：可用黑白版本

台灣早前針對實施入境新規，要求港澳居民入台證需「以A4白色空白紙格式滿版『彩色列印』」。不過，日前在最新版的入台證中，有關以要求已消失，改回要求入境人士「以A4白色空白紙格式滿版列印」，未提是否需要彩色列印。當地入境人員今日（4日）向《香港01》記者親友證實，港澳居民可用黑白印刷入台證進入台灣。

特朗普：向非美國製作電影徵收100%關稅稱荷里活面臨滅亡危機

美國總統特朗普（Donald Trump，又譯川普）5月4日宣布，向所有非美國製作的電影徵收100%關稅，強調希望電影可以在美國製作。

貴州遊船9死1失蹤遊客：能見度僅一米所乘船隻衝向岸邊避險

內地五一黃金周期間，貴州畢節市景區5月4日有4艘遊船傾覆，至少造成9人死亡、1人失蹤。有當時在景區乘坐遊船的遊客向內媒表示，事發前突然變天，能見度可能只有一米，她所乘坐的遊船船長和副船長決定返航，最終副船長將船固定在一塊礁石上。"
60235549,美AI業者控中國用龍蝦與假孕婦走私晶片　NVIDIA諷：美企不思創新,2025-05-05 21:00,2025-05-05 21:00,2025-05-05 21:30,即時中國,hk01,https://www.hk01.com/即時中國/60235549/美ai業者控中國用龍蝦與假孕婦走私晶片-nvidia諷-美企不思創新,美國人工智能新創企業Anthropic近日公開點名，中國正透過複雜手法走私受出口管制的AI晶片，其中更包括將晶片藏在假孕婦身上，甚至與活龍蝦一同運送,"美國人工智能新創企業Anthropic近日公開點名，中國正透過複雜手法走私受出口管制的AI晶片，其中更包括將晶片藏在假孕婦身上，甚至與活龍蝦一同運送至中國，引發美國產業界震驚與質疑，連晶片巨頭NVIDIA（中國大陸譯「英偉達」，台灣譯「輝達」）都發聲嘲諷。

內媒《快科技》報道，Anthropic是由OpenAI前成員創立的AI企業，該公司近日公開聲明指出，晶片走私是一個重大威脅，稱中國已建立起成熟、複雜的走私網絡，有記錄的案件就涉及價值數億美元的晶片。聲明中還稱，「在某些案例中，走私者採用了一些別出心裁的方法來規避出口管制，包括將晶片藏在假孕婦的身體上，甚至是與活龍蝦裝在一起。」

此外，Anthropic還指出，中國企業正在以極快的速度，在第三國家設立空殼公司，以逃避美國針對AI晶片的出口限制。

對於這些說法，NVIDIA則忍不住出面反駁，直言美國企業應該把心思放在創新上，來應對不斷崛起的挑戰，而不是編造一些荒誕不經的故事，說什麼又大、又重、又敏感的電子產品藏在假孕婦身上，或者與活龍蝦裝在一起走私。

外媒指出，中國過去確實出現過違法運送電子零件的走私案例，但Anthropic此次並未提供直接證據證明活龍蝦或假孕婦被用於藏匿AI晶片。

《快科技》報道分析認為，Anthropic此番言論並非出於政治立場，而是因為該公司高度依賴NVIDIAGPU訓練大型語言模型，為了確保晶片資源優先留在美國，因而主張更嚴格的出口控管。"
60235493,汪明荃衣錦還鄉開演唱會　舞衣曬白滑美腿完全不似77歲,2025-05-05 21:00,2025-05-05 21:00,2025-05-05 21:30,即時娛樂,hk01,https://www.hk01.com/即時娛樂/60235493/汪明荃衣錦還鄉開演唱會-舞衣曬白滑美腿完全不似77歲,入行接近60年永不言休，仍精力十足工作不斷的殿堂級藝人阿姐汪明荃，近日到內地舉行演唱會，中氣十足唱足全晚，舞衣更盡顯FIT爆身型。《阿姐Diva汪,"入行接近60年永不言休，仍精力十足工作不斷的殿堂級藝人阿姐汪明荃，近日到內地舉行演唱會，中氣十足唱足全晚，舞衣更盡顯FIT爆身型。

《阿姐Diva汪明荃演唱會2025》5月3日在上海圓滿落幕，上海亦即是阿姐的家鄉，衣錦還鄉令她特別興奮：「在家鄉上海的演出，終於完滿成功了。上個禮拜在東京拍外景特，聲帶發炎，聲啞了，後來看了醫生，吃了藥、就好了，真係上天保佑，讓我可以順利演出。入場觀眾非常熱情，我也十分投入，互動的部份很high,真的很享受這個舞台，希望有機會再來。在此要多謝台前幕後所有工作人員。」

阿姐雖已77歲，但多年來嚴格規管身材，全晚個唱換上多套華麗舞衣，直紋西裝英氣十足，另外兩套紅色及金色的表演服，短裙設計曬出白滑美腿，比不少後生女更吸睛。"
60235573,雲南祿豐尾礦坍塌5人被埋包括工人村民　搜救正進行,2025-05-05 20:51,2025-05-05 20:56,2025-05-05 21:00,即時中國,hk01,https://www.hk01.com/即時中國/60235573/雲南祿豐尾礦坍塌5人被埋包括工人村民-搜救正進行,《央視新聞》報道，5月5日上午，雲南楚雄州祿豐市一尾礦乾堆場坍塌，導致5人被埋。目前，當地正全力搜救被埋人員。據報道，事發時，大量塌方體從山,"《央視新聞》報道，5月5日上午，雲南楚雄州祿豐市一尾礦乾堆場坍塌，導致5人被埋。目前，當地正全力搜救被埋人員。

據報道，事發時，大量塌方體從山頂處傾瀉而下，迅速將4輛工程車輛連人帶車掩埋。在塌方體的蔓延下，一位在海拔相對較低山腰處勞作的村民也被掩埋。

目前，事故現場搜救工作正在緊張開展，4輛涉事車輛已全部被找到，但部分車輛車頭、車身分離，駕駛員並不在車中。"
60235565,五一黃金周｜港人家庭北上尋新鮮感：深圳珠海去過太多次,2025-05-05 20:32,2025-05-05 22:03,2025-05-05 22:15,社會新聞,hk01,https://www.hk01.com/社會新聞/60235565/五一黃金周-港人家庭北上去廣西-深圳珠海去過太多次,五一黃金周今日（5日）結束，香港長周末兼佛誕連假也來到最後一天，大批港人結束旅程回港。今天（5日）下午的高鐵西九龍站，不斷有港人出閘。有港,"五一黃金周今日（5日）結束，香港長周末兼佛誕連假也來到最後一天，大批港人結束旅程回港。今天（5日）下午的高鐵西九龍站，不斷有港人出閘。

廣西5天旅程花約2500元：一碗河粉只18元

今天下午的高鐵站，不斷有港人入境，人流明顯比出境大堂多。當中主要也是結束旅程回港的港人，有不少是一家大小，亦有不少人拿着行李箱。

李小姐一家五人在假期去了廣西，選擇廣西是因爲有朋友在那裏居住，另外也因爲已去過深圳、珠海等地很多次，所以選擇從未去過的廣西。她直指廣西物價比香港便宜很多，例如一碗河粉只作價18元，5天的旅程只花了約2,500元。

她表示比起留港，假期時會傾向北上，最大原因是新鮮感，「未去過吖嘛有啲地方。好多地方好大、好靚，好似今次去廣西咁，好多嘢都未見過、未食過。」

上深圳兩天旅程花四五千元一個字：平

高小姐一家則去了深圳，選擇深圳是因爲有家人在那裏居住，所以旅程也是以探親爲主。談到當地物價，高小姐一家立即說「平！」她指不論是購物還是吃東西，價錢也只是香港的一半，兩天的旅程只花了四五千元。她亦表示，雖然假期的深圳也有點擠擁，但擠擁的程度依然不及香港，所以整個體驗也不錯。

小姐妹難忘深圳玻璃橋遊玩

鍾小朋友兩姐妹一家也到了深圳。對小朋友來說，是次旅程最深刻的是在一道玻璃橋遊玩，在香港比較少能碰到。但比較兩地的好玩程度，她們卻說：「差唔多啦」。

她們指道食和買也很便宜，由於看到很多外觀漂亮、品質又好的文具，所以即使家裏已有很多文具仍買了。談到明天要上學，兩位小朋友居然說心情興奮，因爲能見到朋友。"
60235515,南京明孝陵石獸遭塗鴉「到此一遊」　網民怒：都什麼年代了,2025-05-05 20:30,2025-05-05 20:30,2025-05-05 20:45,大國小事,hk01,https://www.hk01.com/大國小事/60235515/南京明孝陵石獸遭塗鴉-到此一遊-網民怒-都什麼年代了,內媒《澎湃新聞》報道，5月3日，南京明孝陵的神獸駱駝遭遊客塗鴉「到此一遊」，景區職員表示，目前石像上被塗鴉的文字已被清理，警方也已介入調查,"內媒《澎湃新聞》報道，5月3日，南京明孝陵的神獸駱駝遭遊客塗鴉「到此一遊」，景區職員表示，目前石像上被塗鴉的文字已被清理，警方也已介入調查。

5月3日，有網友在社交平台發文表示，南京明孝陵景區神道上的神獸被人塗鴉了「到此一遊」4個字，同時還附上了日期和簽名。

事件曝光後，引發不少網民譴責：「都什麼年代了，怎麼還有這種人啊。」「這肯定要查出來嚴懲啊。」「這一類的違法犯罪成本太低，所以經久不衰。」「2025年還能有到此一遊，活在上古時代了吧。」

南京中山陵園管理局職員稱，當天接到遊客反映後，景區第一時間安排技術人員現場查看處理，並且報警，「目前石像上被塗鴉的文字已經被清理了，恢復了原貌，警方也正在進一步排查。」

公開資料顯示，明孝陵坐落在鐘山南麓獨龍阜玩珠峰下，是明朝開國皇帝朱元璋與皇后馬氏的陵寢，始建於公元1381年，1398年朱元璋安葬於此，到1413年建成「大明孝陵神功聖德碑」。

明孝陵被列為全國第一批重點文物保護單位，2003年7月3日，經聯合國教科文組織世界遺產委員會第27屆會議審議通過，明孝陵作為明清皇家陵寢擴展項目列入《世界遺產名錄》。"
60235506,韓團FANTASY BOYS影片多次現求救手勢　經理人有暴力前科惹擔憂,2025-05-05 20:30,2025-05-05 20:30,2025-05-05 20:45,即時娛樂,hk01,https://www.hk01.com/即時娛樂/60235506/韓團fantasy-boys影片多次現求救手勢-經理人有暴力前科惹擔憂,韓團FANTASY BOYS近日被發現多次透過影片向外界做出「SOS」求救手勢「5-4-0」，引起網友極大關注及擔憂。消息最初從韓國論壇和社交平台X瘋傳，不少,"韓團FANTASY BOYS近日被發現多次透過影片向外界做出「SOS」求救手勢「5-4-0」，引起網友極大關注及擔憂。消息最初從韓國論壇和社交平台X瘋傳，不少粉絲懷疑成員們可能正遭遇危險情況或虐待，甚至有人建議應該向警方報案。

成員嫝珉瑞近期在回歸新歌《Undeniable》的宣傳活動中，不止一次在鏡頭前做出明顯的求救手勢，眼神更疑似不安地四處張望，似乎在確認四周環境，令人不禁聯想成員們是否正受到外來壓力。而且，該手勢已非首次出現，就連私下拍攝的問候影片中，其他成員無預警地做出這個手勢，進一步加深了外界的疑惑和擔憂。

此外，嫝珉瑞原定於5月4日參加的視訊簽售活動亦突然缺席，公司僅簡單表示他因狀態不好而取消參與。另一成員李瀚穦亦曾在粉絲溝通平台透露：「我的耳朵流血了，剛從醫院回來，好痛。」雖然他隨即安慰粉絲「沒事，不用擔心」，卻未解釋傷勢原因。另外，成員洪成旻也透露曾經感到極度疲累，寫道：「今天也是很累的一天，現在才回到家。」嫝珉瑞更補充：「現在才下班，不容易，本來想說沒事的，但好像無法沒事，心情有點複雜。」種種蛛絲馬跡令粉絲十分不安。

FANTASY BOYS所屬經紀公司PocketDol Studio亦備受爭議，公司前身MBK娛樂曾多次爆出負面醜聞，創辦人金光洙雖然捧紅過Turbo、SG Wannabe、T-ara等，但卻被指有暴力對待藝人的前科，例如曾傳出以暴力手段對待金鐘國所屬團體Turbo、安排高強度「殺人行程」、對T-ara欺凌事件處理不當以及頻繁替換團體成員等行徑，因而令外界對今次事件更加擔憂。

不少粉絲憂心忡忡地表示：「如果是金光洙旗下藝人，真的非常擔心」、「現在應該要報警了」、「好害怕他們受到更嚴重的對待」。網民目前在社交平台發起「#protectfantasyboys」活動聲援他們；而PocketDol Studio尚未對事件作出任何正式回應。

FANTASY BOYS是由2023年韓國選秀節目《Fantasy Boys》中脫穎而出的12人男子團體，團體成員來自不同國家，包括韓國、中國、日本及美國，組合以多元化風格及年輕活力的形象，迅速在韓國歌壇受到關注，主打歌曲包括《New Tomorrow》及《Undeniable》等，其中2人已退團。"
60234891,母親節蛋糕2025｜8大甜入心推薦：La Famille精緻、agnès b.健康,2025-05-05 20:30,2025-05-05 20:30,2025-05-05 20:45,好生活,hk01,https://www.hk01.com/知性女生/60234891/母親節蛋糕2025-8大甜入心推薦-la-famille精緻-agnès-b-健康,【母親節2025｜母親節蛋糕】5月11日就是一年一度的母親節！除了要準備禮物，精緻的母親節蛋糕都很重要，今年不少品牌都推出了造型特別的限定蛋糕，,"【母親節2025｜母親節蛋糕】5月11日就是一年一度的母親節！除了要準備禮物，精緻的母親節蛋糕都很重要，今年不少品牌都推出了造型特別的限定蛋糕，亦有貼心的減糖蛋糕，讓媽媽們吃得更放心。這次《01女生》為大家精選了幾款別具特色的母親節蛋糕，都是很適合作為此溫馨節日與家人一同享用。

母親節蛋糕推薦1. La Famille Pink Ribbon 士多啤梨玫瑰提拉米蘇戚風蛋糕 17cm HK$548（門市預訂）HK$521（網上預訂）

La Famille 以「Pink Ribbon」為靈感，創作母親節限定的士多啤梨玫瑰提拉米蘇戚風蛋糕。粉紅基調的蛋糕以精緻的禮物盒造型呈現，頂着絲帶造型朱古力，蛋糕宛如精美的禮物盒，朱古力裝飾下藏有一整片士多啤梨慕絲，周邊則圍繞一圈清新酸甜的新鮮士多啤梨，充滿迷人果香。蛋糕夾層由提拉米蘇慕絲與玫瑰士多啤梨果醬組成，每一口都充滿驚喜與愉悅！四重夾層帶來豐富的口感層次，品嚐猶如拆禮物般的驚喜，絕對能讓母親們感到滿意的一款滋味！

母親節蛋糕推薦2. 更紗制菓Sarasei 日本白桃茉莉慕絲蛋糕 20cm HK$460

更紗制菓Sarasei所推出的日本白桃茉莉慕絲蛋糕，有著粉白色優雅簡約的外表，典雅粉紅色的基調是白桃慕絲，清甜香氣，包裹着鬆軟海綿蛋糕。蛋糕底下點綴着顆顆鮮忌廉拼成珍珠造型，優美非凡，頂層又以蝴蝶結帶造型的朱古力圍成一圈，盛着滿滿的香甜日本白桃及清新士多啤梨，果香迷人。而蛋糕夾層有着茉莉花茶慕絲及白桃果醬，優雅清香的茉莉花配上甘醇茶韻，令人心情放鬆的味道，每一口都充斥着幸福甜蜜感。

母親節蛋糕推薦3. 香港置地文華東方酒店 LMO Freshly Baked 「Love with Mum」蛋糕 HK$598

香港置地文華東方酒店 LMO Freshly Baked推出了窩心母親節蛋糕，由行政糕點主廚Carles Codina為母親節精心設計「Love with Mum」蛋糕，以純素白朱古力豆奶慕絲包裹著法式杏仁海綿蛋糕，內餡配搭清新酸甜的紅桑莓果蓉及忌廉，酸甜淡雅的滋味為母親們增添難忘時光。

母親節蛋糕推薦4. 香港麗晶酒店 金桔椰子蛋糕 HK$590

香港麗晶酒店於今年五月及六月，推出「Share Love, Share Cake 分享愛・分享蛋糕」活動，讓大家無論是慶祝節日還是與摯愛共度悠閒時光，都能在屬於自己的「專屬秘境」中締造溫馨而難忘的回憶。酒店糕點團隊特別推出限量版「金桔椰子蛋糕」，以椰子慕斯、新鮮金桔及香脆可可餅底層層鋪陳，呈現出優雅而細膩的味覺層次，為日常生活中的簡單幸福時刻增添一絲甜蜜。

母親節蛋糕推薦5. agnès b. CAFÉLa Belle Fleur 稀少糖粉紅番石榴草莓蛋糕 4吋 HK$350

agnès b. CAFÉ的稀少糖粉紅番石榴草莓蛋糕，蛋糕外觀如盛放玫瑰般精緻動人,每一瓣都蘊含法式甜品的匠心工藝。而且特別採用搭配天然果糖製作，讓媽媽們在享用時更健康輕盈。

母親節蛋糕推薦6. 龍島 x Driscoll’s 雜莓戚風蛋糕 6寸 HK$408

LUCULLUS龍島與擁有120年歷史的全球新鮮莓果品牌Driscoll’s 攜手創作了雜莓戚風蛋糕，以以天然優質的新鮮 Driscoll’s 雜莓為主調，呈現滿滿田園果香！蛋糕以營養價值極高的莓果鋪滿頂層，佔總重量接近3成，非常足料。再有雜莓夾紅桑子意式軟芝士忌廉與士多啤梨戚風蛋糕層層相間，將雜莓以不同形態及味道發揮到淋漓盡致，5層蛋糕都感受著甜酸的對壘起伏，又有著完美平衡。

母親節蛋糕推薦7. 美心西餅 玫瑰永生花蛋糕 HK$288

美心西餅所推出的玫瑰永生花蛋糕，頂部特別配置粉色的玫瑰永生花擺設，象徵著永恆的愛，與媽媽的愛一樣長久不變，不單可以享用美味的蛋糕，更可送上裝飾，讓媽媽持久保存，更具儀式感。

母親節蛋糕推薦8. Häagen-Dazs 繁花禮頌雪糕蛋糕 HK$699

假如多人一同慶祝的話，Häagen-Dazs的繁花禮頌雪糕蛋糕很適合﹐以8件（4款口味）不同深淺粉紅與粉紫色相間的雪糕蛋糕組成，上面有著精緻的各種粉色花卉造型，隱喻母親的細心關懷。4款口味包括：甜美的士多啤梨紅桑子馬卡龍雪糕、清新的呍呢嗱藍莓馬卡龍雪糕、經典呍呢嗱雪糕以及焦香的焦糖脆餅雪糕，各自蘊藏獨特風味，讓母親節至臻完美！"
1020031,傳統行業冇將來？專訪4位30+女生　看她們怎尋獲事業、人生第二春,2025-05-05 20:16,2025-05-05 20:16,2025-05-05 20:30,好生活,hk01,https://www.hk01.com/職場/1020031/傳統行業冇將來-專訪4位30-女生-看她們怎尋獲事業-人生第二春,2024年，全國考研人數達到了438萬人，且沒有年齡限制，其中不少步入中年的職場人，希望通過考研的方式轉專業，進而實現轉行，在傳統價值觀裏成家立,"2024年，全國考研人數達到了438萬人，且沒有年齡限制，其中不少步入中年的職場人，希望通過考研的方式轉專業，進而實現轉行，在傳統價值觀裏成家立業的年紀，他們選擇從0開始，選擇一門越老越吃香的職業。

一条採訪了其中4位，38歲的雲卿考研三次轉行心理諮詢師；阿咪在教培創業10年後轉投金融行業，做起近年來興起的高門檻行業：家族辦公室；36歲的Ivy雖考研失敗，但通過參加法考成為一名實習律師；小聖在結婚生子後，離開了景氣不再的建築行業，轉行保險經紀人，時間自由，也發現了事業上更多可能性。

迄今為止，他們均轉行2年以上，並且對現在的事業抱有極大熱情和期望，他們不約而同地形容現在所在的行業「能夠持續做下去」，並且讓工作的主動權，掌握在自己手裏。

從樂器培訓創業，到高門檻、高天花板的金融諮詢

準確來説，我截至目前15年的職業生涯，已經轉行3次。

第一次，從剛畢業乾的數據運營，到創業樂器培訓機構，一做9年；第二次，考CPA，進會計師事務所做審計；第三次，唸MBA，轉行到金融投資，目前在家族辦公室行業。

我本科是統計精算專業，畢業時趕上了2008年的金融危機。我運氣很好，找到了地產行業的數據分析諮詢的工作，一份很對口的工作。但幹了一年，我就辭職去創業，做了音樂培訓機構，一做就是9年。

阿咪曾在土豆網寫道：

我一直都是想甚麼就去做了，於是很快就辭職跟小夥伴一起全職創業。其實樂器培訓是一個低門檻的行業，這些機構發展初期是魚龍混雜的，甚至很多都是「騙子」，所以我們某種程度算是整頓了這個行業的規範。

後來我為甚麼轉行呢？大部分樂器都是以傳統為美的，不像電子產品可以快速迭代，天花板也低，做樂器工作室已經不能滿足我的人生追求，跟合夥人也有一些理念的衝突，我就離開了。

鑑於我的統計背景，我就想轉做門檻高、天花板也高的行業，跟做金融的朋友説了這個想法後，得知考CPA或許是轉行的捷徑，可以先從會計師事務所開始幹起。

2019年初，我開始半脱產狀態準備考試，會計這門課程幾乎是邊哭邊學這麼過來的。當時我沒有甚麼退路，30歲的女性重新在社會打拼，壓力還是蠻大的，考完試等待成績的時候我非常焦慮。

沒想到，4門考試我都一次通過。我立馬找朋友幫我內推事務所，一個八大所當天就給我發了面試通知，週一去面試，週二就入職了。

做審計的這三年就很苦。雖然不是我的追求，但我很專注，進步很快，第二年就開始帶隊，一路升職。當時我有機會獨立帶一個上市公司年審，但還是毅然決然地走了，因為再幹下去對我來説就是邊際效益會降低（一個主體為追求最大的利益，多次進行擴大生產到一個零界點後，每一次投資產生的效益都會較上一次少），成長的空間不大。

當時2022年大環境已經不算太好了，其實辭職也是挺衝動的，但我一直都是這樣，還沒想好自己到底要什麼，但知道自己不想要甚麼。

我在辭職前的2020年，報考了上海交大高金MBA。從報考到聯考只有兩個月，同時我還在工作，每天早上四五點起牀刷題，最終順利拿到了offer。

畢業後我決定裸辭開始找工作，試了很多機會，不是不匹配就是沒資源，就在我已經投不出去簡歷的時候，我接到了獵頭的電話，説這家獨立家族辦公室對我很感興趣。團隊不乏藤校背景，氣氛很好，也是我喜歡的前台工作，對金融知識儲備要求高，還在家門口，柳暗花明。

我現在的工作就是給客户做風險管理和資產配置，提供諮詢和解決方案，其實是非常有難度，而我們的客户也往往是很成功並且積累了很多自信的人，你要解決他解決不了的問題，要了解市場上的各種信息。

但這也絕對是越老越吃香的行業，基本上可以幹到死（笑）。首先它在發展初期，成長空間很大，家族辦公室是財富管理中的藍海。跟之前做審計to b的業務不一樣，做財富管理是to c的業務，比起平台，它更依賴個人的綜合能力，而且可以持續做下去。

在這行業年齡大一些是優勢，但如果年紀大，又沒有與年齡相匹配的智慧（笑），也是不行的。

對於轉行，我的建議是，選擇一個職業的時候都要考慮三件事情：第一這個事情是不是你真的熱愛的；第二你是否擅長；第三，這份工作給你的回報你是否滿意，比如薪資，或是客户、領導及同事的認可。

現在工作上時常會受挫和感到孤獨，因為它真的極具挑戰性，當時跟我一起進公司的90%都走掉了，那一批幾乎只剩我一個人。同行也很少，行業認可度也沒有其他金融行業那麼高，偶爾會想是不是選錯了。

但隨着更多知識的積累和客户的正反饋，尤其身邊圍繞着一羣優秀的夥伴，我越來越覺得這個事要堅持做下去。

延伸閱讀：

生娃之後，我更看中時間自由，轉行收入翻3倍

入行4年2012年我從東南大學建築系畢業後，去歐洲學習工作了四年。回國後投入了建築行業，進入了一家日企。2022年我正式辭職，現在是一名保險經紀人主管，帶一個15人的團隊，薪資比以前翻了三倍。

我高考的時候正是建築最好的時候，行業還挺賺錢的，我小時候喜歡畫畫，家裏也有人在建築行業，於是順理成章地報考，被東南大學錄取，屬於建築老四校，學校是學術型教學，大家都比較務實。

我轉行的根本原因有兩個。

首先是建築行業不能承載我更多的期待了，包括收入的期待、職位的晉升，事業的廣度和長度，都不能滿足我。

其次是家庭原因，我生了小孩，當時上海封城，小孩剛出生，建築的工作量很大，耗費我大量的時間和心力，一邊還要搶菜，每天事情都很多，壓力很大。我是很想換個行業的，但一直不知道要做甚麼，正好在朋友圈看到一個學建築的學姐在發保險的內容，才知道她轉行了，機緣巧合接觸了保險。後來我一邊在家裏畫圖，一邊兼職做保險。

我花了一年時間摸清了行業的規律、做得好的人都怎麼做出來的，對自己也有了規劃。當時我兼職的收入都已經比全職工作高了，水到渠成辭了職，那時候還是疫情期間，甚至沒有拿到離職大禮包（笑），當時我34歲。

我現在的工作，一部分是家庭財務的管理和梳理，幫客户做風險規劃和財務規劃，比如在退休前如何存足夠的錢，比如擔心家中經濟主力失業，就需要梳理一下開支、每年的結餘，可以解決一部分他們的擔憂。

另外一部分，是高端醫療，比如去私立醫院，公立國際部以及海外就醫或者海外赴美生子的保險。現在醫療分層，DRG實行，中產對就醫體驗也越來越重視。高端醫療是不錯的切入點。現在保險經紀人的學歷都是很好的，比如我的團隊有同濟的、交大的，還有中科院的。因為保險產品實在太豐富了，要掌握這些產品就已經很不容易了，還要面對客户的需求，懂銷售，有耐心，對綜合能力的考驗是很大的。

以前我比較膽小謹慎，上班按部就班，很擔心丟了飯碗，但現在做自由職業的經紀人，我開始願意做更多的嘗試，幫我打開了很多視野。

之前在建築行業有較強的年齡焦慮，到了保險行業就沒有了，感覺這個事情是可以持續做下去。自己把控節奏，我可以讓自己很忙，也可以躺平一段時間。

不像之前的建築行業很被動，行業標尺掌握在別人手裏：甲方想讓我忙，我就得忙，他想讓我閒，我也得忙（笑），要一直不停地滿足甲方和老闆的要求。

我從內心深處還是希望過屬於自己的人生，掌握主動權。尤其年紀越大越有這樣的感觸。時間很寶貴，有限的時間要做自己，不做別人的嫁衣。

我現在不用坐班，時間自由，我很滿意。

離開建築行業可惜嗎？其實偶爾會感到遺憾。但不同人生階段有不同的生活目標，現階段我需要更多資金，讓小孩接受更好的教育，相比起理想，我會選擇務實地生活、去賺錢。

可能等什麼時候我財務自由了，真正不去為生存動腦筋的時候，我再可以很情懷地做建築，或者藝術的創作。

相關文章：

當了10年老師，我從膿制裏任性離開，要做自己真正熱愛的事

我是四川自貢人，人生前34‍年都是在四川老家度過的。2012年大學畢業，就考到了當地的一所中學做歷史老師，一做就是10年，但其實我是很嚮往自由的人。

當老師的好處就是寒暑假多，放假的時候我到處玩、做義工，還去澳洲gap了兩個假期，體驗了一回換宿。我換宿的住家是一家四口，他們改裝房車，自駕環遊歐洲，回來之後買了輛大巴住在森林深處，自己種菜、生活，這種生活方式對我造成了不小的震撼。從澳洲回來之後我就意識到人生只有一次，我想去做我自己想做的事情。

2018年我們家裏人遇到車禍，對方是個公交車公司，説幫我們請律師，結果是他們的法律顧問做了我們的律師，她作為被告常年法律顧問的同時做了原告的代理律師，‍但當時家裏沒人懂法律，是非常無助的，我就想往法律方面轉行。

‍2021年我決定辭職，準備了一年考法律碩士，但沒有考上。我想盡快進入法律行業，就開始準備法考，後來順利通過。

「租了來上海的第一套房子，竟然每扇窗户都能看到樹，感恩自己是多麼幸運呢。年初在天府機場的時候，認真給老公説着我的白日夢，説想要逃離四川的冬天去沿海城市體驗生活，此刻，竟有種夢想成真的感覺。」我們家也從成都搬到了上海，轉行的同時，也換了生活環境和生活方式。現在，我在上海的一家律所做實習律師，我老公在上海的遊戲行業做音樂，娃也開始上幼兒園了。

我轉行最大的考量，就是要做我自己想做的事。我現在的工資不高，之前也沒什麼積蓄，但也沒有焦慮。我和我老公不會把賺錢、攢錢作為自己非常大的目標，體驗生活對我們來説更重要。

相關文章：

35歲，我獨自帶孩子考研三年，希望離開任何人我都可以過得很好

我一共考研三次。從32歲開始，一邊讀書、一邊帶孩子、一邊工作。2021年35歲時，考上了華中師範大學的非全日制應用心理學專業。現在，我正在讀研三，成了一名心理諮詢師。

我高考是一個重大失誤，大學我是專升本，所以走上火車去讀大專的那一刻，我就決定未來我是要考研的。用心理學分析的話，這是一個未完成事件，始終在我心中的鯁。

畢業後我一直在長沙做打工人，當時還是傳統媒體的時代，我做過記者，給企業寫過內刊，一直做編輯類的工作。

30歲時生了孩子，我愛人在外地，從孩子兩歲開始，我一直一個人帶孩子。等孩子上幼兒園託班後，我嘗試出去找工作，很受挫。一方面傳統媒體機會已經很少了，另一方面孩子要上學，我要找家附近的工作，公司也會問你：小孩怎麼辦？後來都沒有迴音。

其實我在2017年就有了轉行的想法，因為喜歡心理學，我用業餘時間考了國家二級心理諮詢師，後來一直自學心理學的課程。

2018年我第一次考研，當時就是想試試水，因為身邊也沒有一起考研的人，我就像傻瓜一樣自己學。當時成績出來就過了國家線，所以第二年也就掉以輕心了，考得不如第一年。2020年生完孩子之後，我真正認真地開始學習，第三次考研。

我不是很擅長讀書，也不會規劃時間，尤其生完孩子之後記憶力下降，讀書真的很困難，讀不下去。每天送完孩子去幼兒園，我就一個人沿着我家背後的河堤來來回回走，邊走邊背；帶孩子去廣場上玩的時候，兜裏就會揣着小紙條寫上需要背的內容，時不時拿出來看看。現在想想多麼孤獨的時光，就這樣走過來了。

但我的物慾很低，消費很少，我有做編輯的收入，還在做家教、寫作班教課、自由撰稿，我的愛人也給了我很大的支持，所以在經濟方面沒有什麼壓力。

學習心理學後我有很大的改變，我無時無刻對自己的人生有更多認知和覺察，感受到過去沒有感受到的痛苦，然後不斷去療愈的過程。我現在還是個新手，未來希望可以有自己的建樹和發展，能不斷探索我就已經很開心了。

我希望能夠過自由又熱愛的生活，擁有離開誰都可以過得很好的能力，還能實現自我價值。

【本文獲「一条」授權刊出，歡迎關注："
60235570,太古城餐廳男職員遭切肉機割傷手指　清醒送院治理,2025-05-05 20:15,2025-05-05 20:15,2025-05-05 20:30,突發,hk01,https://www.hk01.com/突發/60235570/太古城餐廳男職員遭切肉機割傷手指-清醒送院治理,太古城道18號一間餐廳，今日（5日）發生工業意外。傍晚6時14分，一名男職員工作期間，意外被一部切肉機割傷手指，其同事見狀報警求助。救援人員接,太古城道18號一間餐廳，今日（5日）發生工業意外。傍晚6時14分，一名男職員工作期間，意外被一部切肉機割傷手指，其同事見狀報警求助。
60235562,五一黃金周｜首4日83萬內地客訪港　比往澳門多19萬　9萬港人遊澳,2025-05-05 20:14,2025-05-05 20:42,2025-05-05 20:45,社會新聞,hk01,https://www.hk01.com/社會新聞/60235562/五一黃金周-首4日83萬內地客訪港-比往澳門多19萬-9萬港人遊澳,一連五日的黃金周今日（5日）進入尾聲。據入境處數字，黃金周首四日，共有83萬人次的內地旅客訪港；據澳門治安警察局數字，同期訪澳內地客則有近62,"一連五日的黃金周今日（5日）進入尾聲。據入境處數字，黃金周首四日，共有83萬人次的內地旅客訪港；據澳門治安警察局數字，同期訪澳內地客則有近62萬人次，而同期有約9萬港人訪澳。

41萬港人昨出境八成北上

入境處資料顯示，昨日有585,901人次入境香港，653,086人次出境，合共逾123萬人次。港人方面，有401,877人次入境，比出境少不足一萬，昨日有411,341人次出境。

近八成北上內地，當中最多人經羅湖及落馬洲支線（即福田口岸）口岸北上，分別有98,872人次及84,894人次。

黃金周首4日有83.2萬人次內地旅客來港

內地旅客方面，昨日有150,375人次來港，四日都高過去年五一黃金周同日。當中近四分一，即35,757人次坐高鐵入境，另26,204人次經落馬洲支線口岸到港，另各約2萬人經羅湖口岸及深圳灣口岸到港。出境共有195,456人次，比入境人次多超過4.5萬。

累計四日有83.2萬人次內地旅客來港，比去年五一黃金周五日76.6萬人次總和，多出約6.6萬人次或8.6%。扣除出境的83萬人次，尚有約2,000名內地旅客留港。

澳門：黃金周旅客比去年同期升超過四成

澳門治安警察局數字則顯示，黃金周首四日，訪澳旅客有757,251人次，比去年同期升超過四成。當中，內地客有618,104人次，最多人入境是5月2日，有超過19萬人次。

另外，同期訪澳的港人有90,472人次，最多人經港珠澳大橋，有52,860人次。同期，港人經港珠澳大橋離港總共有17.3萬人次，即同期經港珠澳大橋北上人次為12.2萬人。連同經六個陸路口岸、高鐵站、中國客運碼頭北上的112.3萬人次，即本月頭四日，共有124.5萬港人北上。"
60235178,獨留校車內逾4.5小時！5歲男童曾掙扎終缺氧身亡　校車司機被捕,2025-05-05 20:00,2025-05-05 20:00,2025-05-05 20:15,熱爆話題,hk01,https://www.hk01.com/熱爆話題/60235178/獨留校車內逾4-5小時-5歲男童曾掙扎終缺氧身亡-校車司機被捕,馬來西亞發生兒童被獨留車內缺氧身亡悲劇。1名5歲男童如常乘搭校車前往幼稚園上學，惟懷疑被人獨留車內，直至中午被發現時已陷昏迷，送院搶救後最,"馬來西亞發生兒童被獨留車內缺氧身亡悲劇。1名5歲男童如常乘搭校車前往幼稚園上學，惟懷疑被人獨留車內，直至中午被發現時已陷昏迷，送院搶救後最終不治。警方經調查後，相信男童在車內超過4.5小時，其右眼附近有瘀傷，相信死前曾經作出掙扎，事後拘捕涉事校車司機。男童死因有待驗屍確定，初步調查是缺氧死亡。

男童是家中獨生子和唯一男孫

不幸身亡的5歲男童張禹澤，是家中獨生子和唯一男孫，禹澤的張姓姑姑接受當地媒體訪問時透露，禹澤和父母及婆婆同住新山武吉英達花園，父母每日前往新加坡工作，所以主要由婆婆一手照顧。禹澤3歲就被送往涉事幼稚園，本身由其他家人開車接送返學，去到4歲時才改乘校車，父母更開始為兒子規劃未來教育，打算將他送到國際學校讀書。

右眼附近出現瘀傷拚命掙扎逃出車外不果

姑姑又說，禹澤生前活潑可愛，前幾天曾前往姑姑家中嬉戲，其身體最近沒有大礙，非常健康。事發4月30日，禹澤如常早上近7時由婆婆送上校車，理應7時半抵達上學，豈料家人事後收到噩耗，禹澤當日中午被發現時倒在車門旁邊，其呼吸已經非常微弱，右眼附近出現瘀傷，相信感到難受拚命掙扎想逃出車外。禹澤被緊急送往附近診所，再轉送私人醫院，經過兩輪搶救後，因始終缺氧太久，最終不治。

家屬質問幼稚園負責人沒有回應

家人事發當日接到消息立刻趕到醫院，姑姑一度詢問在場的幼稚園負責人，對方當時承認校車司機疏忽，沒有發現禹澤仍然在車內睡覺，姑姑再質問為何無人發現，「為什麼學生沒到學校，你們沒通知家長，如9點多10點發現，都（可能）不會釀成悲劇」，但負責人低頭沒有回答。

司機和老師同樣沒有檢查

姑姑批評，該輛校車屬於小型客貨車，只要司機和老師有檢查1次，「都不會釀成這起慘劇」，指就算成年人被鎖在沒有冷氣的車內20分鐘都覺得難受，何況禹澤在車內超過4.5小時，希望幼稚園同樣承擔責任。

禹澤的林姓姑丈亦指，涉事司機當時將校車泊在1個甚少使用的門口，相信即使侄兒拍打車窗求救，其他人都難以發現。

警方拘捕校車司機

依斯干達公主城警區主任古馬拉山表示，警員當日下午2時40分左右在武吉英達花園一帶拘捕56歲校車司機，被捕人沒有案底，對毒品呈陰性反應，警方獲准延扣疑犯7天進行調查。

他指出，男童遺體已被送往新山蘇丹後阿米娜醫院（中央醫院）剖驗，警方循《2001年兒童法令》第31(1)(a)條文調查案件，即是父母和監護人疏忽照顧孩子,導致孩子暴露在危險下，一旦罪成，犯人可被判處罰款不超過5萬令吉（約8.95萬港元）或監禁不超過20年，抑或兩者兼施。

父︰不要害怕，去找阿公母親由親友攙扶

家人事後為禹澤舉行喪葬儀式，眾人至今都無法接受禹澤突然離開，表現悲慟不已，禹澤父親親手寫上「不要害怕」和「爸爸愛你」字眼，向愛兒告別時流下男兒淚，在棺木旁叮囑兒子「不要害怕，去找阿公」。禹澤母親傷心到要由親友攙扶，多次用紙巾擦拭棺木，場面悽慘。

（綜合）"
60235569,日本上皇明仁疑出現心肌缺血　將入院接受詳細檢查,2025-05-05 20:00,2025-05-05 20:08,2025-05-05 20:15,即時國際,hk01,https://www.hk01.com/即時國際/60235569/日本上皇明仁疑出現心肌缺血-將入院接受詳細檢查,日本宮內廳5月5日稱，91歲的上皇明仁可能患有心肌缺血，將於6入院接受詳細檢查。共同社引述宮內廳消息指，上皇今年4月在宮內廳醫院接受定期診察，,"日本宮內廳5月5日稱，91歲的上皇明仁可能患有心肌缺血，將於6入院接受詳細檢查。

共同社引述宮內廳消息指，上皇今年4月在宮內廳醫院接受定期診察，結果顯示存在疑似心肌缺血（即從冠狀動脈到心肌的血流不足），上皇將於東京大學醫院接受住院檢查，住院時長將視檢查結果而定。

據指，上皇尚未出現任何症狀。

而上皇夫婦原定自周四起於位於神奈川縣的葉山御用邸的休養安排將延期。

上皇2012年被診斷為狹心症並接受心臟冠狀動脈搭橋手術，今次是他2012年以來再次住院。2022年，上皇被診斷為右心衰竭。"
60235542,中年好聲音3｜黃博成大熱感壓力唔敢睇報道　曾靠聽一個節目抒壓,2025-05-05 20:00,2025-05-05 21:27,2025-05-05 21:30,即時娛樂,hk01,https://www.hk01.com/即時娛樂/60235542/中年好聲音3-黃博成大熱感壓力唔敢睇報道-曾靠聽一個節目抒壓,黃博今日（5/4）現身屯門出席無綫歌唱比賽節目《中年好聲音3 》7強見面會。曾經為電影幕後做配唱，因外表不敢踏出幕前，如今參賽成為冠軍大熱，黃,"黃博今日（5/4）現身屯門出席無綫歌唱比賽節目《中年好聲音3 》7強見面會。曾經為電影幕後做配唱，因外表不敢踏出幕前，如今參賽成為冠軍大熱，黃博接受《香港01》訪問時表示：「其實而家講真我唔係好夠膽睇咁多報道，因為唔想影響到心情，反而自己想專注咁放喺練歌嗰度，就嚟決賽，咁所以要調整好自己嘅心態去迎戰。」

提到頭兩年初到香港，生活未及適應，要靠聽電台廣播放鬆心情，黃博直言是心靈雞湯：「其實喺幾年前，我嚟香港第一份工作就係做幕後，加上初初嚟香港唔係好適應，變咗每晚我都會聽港台節目《音樂情人》。每次聽呢個節目，都會令到我好感觸，因為唔同嘅音樂都會令我諗起唔同嘅嘢。」"
60235557,被問及美國總統是否須維護憲法　特朗普：不知道,2025-05-05 20:00,2025-05-05 20:00,2025-05-05 20:15,即時國際,hk01,https://www.hk01.com/即時國際/60235557/被問及美國總統是否須維護憲法-特朗普-不知道,美國總統特朗普（Donald Trump，又譯川普）在受訪時被問到他作為總統是否必須維護憲法時，他的回答是「我不知道」。《紐約時報》報道，特朗普在全,"美國總統特朗普（Donald Trump，又譯川普）在受訪時被問到他作為總統是否必須維護憲法時，他的回答是「我不知道」。

《紐約時報》報道，特朗普在全國廣播公司（NBC）星期天（5月4日）播出的專訪中表示，他不知道維護憲法是不是他的職責。

美國憲法第五修正案明確規定，生活在美國領土上的人都有權獲得正當的法律程序。NBC節目《會見媒體》主持人韋爾克（Kristen Welker）說，國務卿魯比奧指美國公民和非公民都有權享有正當的法律程序，她問特朗普是否同意魯比奧的觀點，特朗普說：「我不知道。我不是，我不是律師。我不知道。」

他也說，未認真考慮是否競選第三個總統任期。美國憲法規定總統任期最多為兩屆。特朗普告訴韋爾克，他打算在執政四年後把總統職位交給繼任者，可能人選包括副總統萬斯和魯比奧。

自1月重返白宮以來，特朗普多次觸碰憲法警戒線，尤其是他未經法庭聽證就大規模驅逐無證移民的做法，更是招致廣泛批評。

對於經濟在第一季出現萎縮，特朗普堅稱美國經濟基本面良好，他把經濟中不好的部分歸咎於前任總統拜登，並稱關稅會讓美國變得富有。

特朗普也說，他不會在聯邦儲備局主席鮑威爾的任期結束前解除他的職務。他指鮑威爾不懂得變通，並再次呼籲美聯儲降息。

與特朗普大多數的專訪一樣，NBC的專訪涉及廣泛課題，涵蓋近期的美國經濟數據、中美貿易戰、俄羅斯與烏克蘭的談判等。

特朗普表示，美國正在與包括中國在內的多個國家就貿易協議進行磋商，他與中國打交道的首要目標是達成一項公平的協議。

他還說，他會在某個時候降低對華關稅，「要不然，你將永遠無法跟他們做生意，而他們非常希望跟我們做生意」，並重申中美兩國達成的任何協議都必須是「公平」的。

特朗普的NBC訪問星期五（2日）在佛羅里達州海湖莊園錄製。當天，中國商務部以不具名發言人名義表示，美國高層多次表態願與中國就關稅問題進行談判，也通過相關方面多次主動向中國傳遞信息。中國正在評估與美國進行貿易談判的可能性。

這是自特朗普大幅對華加徵關稅以來，北京首次露出可能與華盛頓啟動談判的口風。"
60235523,五一內地新趨勢：縣城和小眾景點大逆襲　鄉村精品民宿一晚4440元,2025-05-05 20:00,2025-05-05 20:00,2025-05-05 20:15,中國觀察,hk01,https://www.hk01.com/中國觀察/60235523/五一內地新趨勢-縣城和小眾景點大逆襲-鄉村精品民宿一晚4440元,本文獲「真叫盧俊」公眾號授權轉載。來啦，又是五一時間到不知道此時各位是奔赴在高鐵，還是早已穿上自家最花哨的衣服挑選最靚麗那條絲巾，瘋狂在各,"本文獲「真叫盧俊」公眾號授權轉載。

來啦，又是五一時間到

不知道此時各位是奔赴在高鐵，還是早已穿上自家最花哨的衣服挑選最靚麗那條絲巾，瘋狂在各大景點門口花壇前拍拍拍了

第一個小長假有多期待

我敢說今年五一就是奔著破紀錄去的

不僅是「請4休11」請假方式越來越狂野，也就是傳說中的請假5月6日-5月9日，最終獲得5月1日-5月11日共11天假期

至我朋友圈已經在印尼曬太陽的打工人

「勇敢的牛馬」先享受假期

哪怕從數據來看

4月29號提前被爆擠的虹橋火車站證明一切

包括各大景區

黃山的山道、長沙的五一廣場、川西的國道318也一如既往開啟了堵堵堵模式

珠穆朗瑪峰都能堵成停車場的那種

但也正因為人流量激增

就是各位有沒有發現，今年五一的畫風又又開始突變了

首先

盼著五一機票跳水的打工人們，率先破防了

要知道過往五一乃至國慶，鑒於每逢佳節必降價定律，作為無數次被機票背刺過的倒霉蛋，這次我提前做足了功課

但沒想到的是

今年熱門目的地有七成以上機票價格都在漲，漲幅大多在2%-5%

我朋友五一上海飛廣州的機票

3月16日下單1494元到了4月29日來到1702元

跳水不成反被漲價200塊

本質上以前機票跳水也是為了快速拉動上座率，而當人流量逐漸恢復，2024年一季度中國民航客運量創新高

但經濟艙平均票價同比下滑超過10%，於是眼見著買賣虧本

對於今年航司那是寧可減配座椅

南航最近調整後的超薄座椅，被網友稱為「刀片椅」

也要堅決不降價

沒想到南航開始向春秋航空對齊顆粒度了

另外對於第二大刺客，

你以為今年漲價最猛的酒店還是一線豪華酒店，其實都在被縣城和小眾景點逆襲

隨便搜了下某三線城市的豪華酒店

平時300元/晚的房間，五一期間一套總統套房標價6142元

4人入住480平，平均下來一人占地100平

是我高攀不起的樣子

怎麼今年瘋狂五一人多了，消費反而越來越反常

1)

縣域酒店、鄉村精品民宿，開始「反超」一線城市

這可不是我隨便說的

最近就看到一個新聞，說是在莫干山也是國內頭部的民宿連鎖品牌

大樂之野的67%股份被攜程收購

最初還疑惑為什麼一個民宿能博得大廠青睞

暫且不說民宿品質，我們單看大樂之野的五一期間的入住價格

最高的91平兩室一廳能達到一晚4440元

不得不感慨這年頭打工20年，連民宿都快住不起了

而當我整理完五一大部分城市的酒店漲價情況，更是肉眼可見如今小眾景點以及縣域酒店

才是那個潛伏最深的

首先可以看到

今年整個五一期間跨市住宿的訂單占比已經突破80%，連住兩日及以上的深度遊客用戶比列預計將達到20%

有客戶自然能帶動溢價

而在我統計的18座典型高能級城市裡，確實酒店價格也都在漲

整體漲幅普遍集中在40%-195%

其中漲幅最高195.4%的西安某酒店，從平日的174元/晚漲價到514元/晚

是不是已經覺得有點誇張了

但對於今年而言

任你一線城市酒店再豪，在縣域、小眾景點面前都是弟弟

類似許昌、昆山的酒店（民宿）分分鐘漲價300%以上

以許昌某酒店為例

五一前還是163元/晚，五一後就變成了672元/晚，前後每晚相差509遠，夠住之前快4個晚上的費用了

但我更想說的，還是這些小眾酒店（民宿）的價格

無論是安吉整套別墅7783元/晚，還是安徽肥東縣一套33平的單間要價要488元/晚

五星級酒店看了都得汗顏

究其原因大概有兩點

第一，是縣域、小眾景點反向旅遊正在強勢崛起

前幾年伴隨淄博、天水麻辣燙火遍全網，越來越多旅遊寶藏小城鎮被大家挖掘出來，據數據顯示五一縣域民宿126%的訂單增速

遠超平臺73.6%的大盤增速

而今年這股風又吹到了胖東來的大本營：許昌

預訂量同比增速和熱門小城旅遊目的地均在TOP3之列

相信最近這段時間大家朋友圈已經習慣被胖東來刷屏，關於它的熱銷，關於它的產品口碑

但對於許昌胖東來來說

一家超市能把自己活成旅遊景點也是沒誰了

早在去年國慶期間許昌就接待旅遊人數約728.9萬人次，胖東來共接待遊客300多萬人次，胖東來天使城、時代廣場、生活廣場3家店接待遊客達220萬人次

其中外地遊客占85%以上

第二

現在縣城酒店確實也有不輸一線的豪華度

以前大家都覺得地段越貴的酒店天生更容易上檔次，在住進縣城大酒店之前，還擔心它會不會只是設施老舊的樣子貨

不過對於如今縣城大酒店們

這富麗堂皇的大堂，堪比新加坡的室內綠化

健身房、恒溫泳池、行政酒廊、SPA中心這樣的配套更是安排的明明白白

類似JW萬豪酒店也老早就把品牌開到曲阜這樣的縣城，開業時客房就高達868元/晚起

一邊需求在增長，一邊硬件實力也過硬，所以你說哪來的漲價底氣

畢竟都是小鎮貴婦嚴選，要相信她們的眼光

而反向旅遊帶來的不僅是縣城酒店的傲嬌，背後消費人群也在改變

2）

「死氣沉沉」的年輕人，和五一朝氣蓬勃的老年人、外國人

就是你會發現當國內年輕遊客越來越佛系，要麼去小眾景點，要麼直接家裡躺圖個清淨

這兩年外國人真是被中國遊迷的不要不要的

一個很特別的消費增長點

今年會是有史以來「外國人」含量最高的五一

伴隨我國單方面免簽國家名單不斷拉長，截至2025年3月底，全國各口岸入境外國人921.5萬人次，較去年同期增長40.2%

同樣體現在五一

今年「五一」入境遊訂單量同比去年增長173%

尤其是近期「甲亢哥」《中國奇遇記》系列短視頻在海外社媒裂變式傳播

拉動五一期間入境酒店搜索同比激增200%

而面對這樣的潑天流量

「入境旅遊第一站」也就成了所有城市爭奪的新名片

以五一入境遊增長187%的深圳為例

新晉頂流「甲亢哥」聊到深圳就提到自己一口氣下單三部華為「三折疊」手機

再次引發全球範圍對於華為手機的討論度

於是

如今最強打卡地來自深圳老網紅：

華強北

在深圳5年的意大利外籍志願者Luca Baroli

你還能偶遇在這裡穿著紅馬甲做義工的外國人

如今華強北的電子產業進出口輻射120多個國家和地區，日均接待海外客商7000多人次，主要來自歐美、東南亞、中東等地

外籍人士占比達到全市的四分之一，是全市外國人密度最高的區域

與此同時

又因為在近期出臺的境外旅客購物離境退稅「即買即退」等舉措

越來越多外國人開始來中國

前幾天還被頂上熱搜：

美國遊客來華用支付寶消費同比增長200%

從化妝品、香水、包包，一路蔓延至各大電子產品、家居用品…

這股揭秘中國工廠的風反而因為關稅

讓世界看到了中國製造的實力

現在來看當初提出單向免簽的真是個小天才，我免簽你歡迎你來我家看看，看看這個真實

也和那些媒體說的不一樣的中國，到底什麼樣

而如果說外國遊客還有免簽政策的助推，那麼還有一類人稱得上異軍突起的

領著退休金躺平的老年人

從用戶年齡來看

以往五一都是精打細算的大學生特種兵，而今年幾乎成為了中青年主戰場，其中80、90後出遊人次占比分別高達45%和24%

尤其是對於老年人

據統計60歲以上老年遊客在部分熱門景區遊客構成中占比超過35%，較去年同期增長8個百分點

於是我們看見

有了專為老年人服務的銀髮旅遊列車

除了配件的適老化，還將全程配備醫護人員，為老年人的出行提供健康保障

整個退休屆都沸騰了

而且論精力上，各位最近有爬山計劃的朋友可以留意下，先倒下的很可能是脆皮大學生們

擦肩而過還有位健步如飛的老年人

3）

所以五一消費反常，其實是旅遊個性化被無限放大

提到過去對於五一的印象

我們最先想起的應該是一大家子熱熱鬧鬧出去旅行的場景，但是伴隨個體需求與情緒的迸發

如今的小長假

更像是讓那些或自由或孤獨的靈魂，可以短暫的離開一下，提供一個可以喘息的棲息地

旅遊也在被嵌入更多的「人格屬性」

年輕人偏愛在寧靜的縣城，去到大山，夏天響起蟬鳴

反之又催生縣域經濟的崛起

今年五一期間旅遊下沉化更加明顯，四線及以下城市消費升級趨勢顯著大於三線及以上城市

前者市場旅遊熱度同比增長25%，增速高出高線城市11個百分點

來自《DT商業觀察》五一調研一位90後的分享：

印象深刻的旅行經歷就是「在神州半島的corona，吹著海風、聽著海浪聲，喝著小甜水無比愜意。突然店裡切到了龍神道的《觀照心間》，間奏不斷重複的雷鬼版『南無阿彌陀佛』讓精神上的癲狂和不羈指數放大。當時感覺整個人的靈魂都被蒸騰到夜空的雲裡。」

這樣的旅遊既不累，也散心，更值得回味

那種對著雪山，對著湖泊，對著青草依依牛羊滿山遍野

在某個時刻，與風景與世界精神共鳴

當然也還有人會去杭州的靈隱寺、法喜寺拜訪寺廟，去上海追一場二次元漫展，去小鎮聽一場演唱會

於是愛好取代網紅打卡，被寫進旅遊清單裡

而對於老年群體

也可以通過銀髮列車的方式，和其他同齡人一起去抱團旅遊，去認識新的旅遊閨蜜，去拿著最好看的絲巾打卡

不用在意任何眼光

而每一個陽光燦爛的阿姨後面也都蹲守一位會拍照的大爺

所以誰說老年人就沒有詩和遠方

也都可以擁有屬於自己不被定義的假期

最後

分享給各位一首很喜歡的一首歌，來自陳綺貞的《旅行的意義》，如果此時你也坐在高鐵，如果此時也在奔赴自己的旅行

旅行的意義有很多

但明天一定會是好天氣"
60235566,長洲太平清醮｜回流港人為購平安包首次入長洲：島上多人熱鬧,2025-05-05 19:54,2025-05-05 19:54,2025-05-05 20:15,社會新聞,hk01,https://www.hk01.com/社會新聞/60235566/長洲太平清醮-回流港人為購平安包首次入長洲-島上多人熱鬧,長洲今日（5日）舉行太平清醮，不少人湧到長洲觀看。島上平安包名店郭錦記及康蘭店外亦排起長龍，有排隊者稱排逾30分鐘才成功購買。有從英國回流的,"長洲今日（5日）舉行太平清醮，不少人湧到長洲觀看。島上平安包名店郭錦記及康蘭店外亦排起長龍，有排隊者稱排逾30分鐘才成功購買。有從英國回流的港人為購買平安包，特意今午約3時從中環搭船入島。他表示是次為其首次進入長洲，感到很熱鬧、很多人。

郭錦記：整個黃金周假期售逾6萬包

島內平安包名店郭錦記，今日老闆郭錦全及郭宇鈿父子檔迎接太平清醮人潮。郭錦全說：「今日天氣好，都多人嚟買包。」

郭宇鈿表示，因今年較常推廣，亦多了在超市擺貨售賣，整個黃金周假期共售出逾6萬個平安包，生意額比往年多約一至兩成。不過，他指出今日生意額與往年相若，大多是本地客購買。至於今年特別推出的雙餡包，則於早上約11點售罄。

長洲小朋友：買平安包送給澳門親戚

郭錦記外有不少市民排隊，居住於長洲的鄭小朋友表示，等候逾30分鐘才成功買包。他稱購平安包是其家族的傳統，每年都會購買平安包，然後送給現時於澳門的親戚。

從英國回港的曾先生表示是次為首次到長洲，直言很熱鬧、很多人。他14歲時前往英國，5年前回港，今日因有朋友邀請他到長洲購買平安包，故特意3時搭船入島。他表示買完包便離開，不會留島觀看搶包山比賽。

女兒任飄色旗手父：今次特意帶女兒親身體驗

今日擔任飄色旗手的柔柔表示，是次為第二次於長洲遊玩，除了做旗手外，亦品嚐了不同美食，感到開心。柔柔父親馮先生則解釋，過往時常觀賞太平清醮的飄色遊行，認為飄色是香港的傳統文化，故今次特意帶女兒親身體驗。問及會否逗留至夜晚觀看搶包山決賽，他則笑笑說，明日要上班及送女兒上學，「會在電視機前觀看。」

手信店：人均消費力疲弱生意低預期

另一邊廂，專賣平安包掛飾手信店的店主楊先生表示，今日生意未如預期，比想像中差約一成。他指出，今日天氣不錯，有很多人入島及消費，惟港人及內地客消費力未如以前強勁。

楊舉例，以前人均購買約300至400元貨物，今日人均僅購買100至200元。不過，他表示今年特別推出的家姐細佬熊貓搶包山掛飾成功吸客，截至下午5點，已幾近售罄。"
60235335,Carhartt工衣走過百年歲月　藍領制服跨界登上潮流版圖｜勞工之美,2025-05-05 19:36,2025-05-05 19:36,2025-05-05 20:15,好生活,hk01,https://www.hk01.com/一物/60235335/carhartt工衣走過百年歲月-藍領制服跨界登上潮流版圖-勞工之美,【Carhartt/工衣/Vintage】說到經典工作服，絕對不可不提Carhartt，這美國百年老字號隨著近年Y2K、舊化、Vintage等潮流復興，#Carhartt成為這兩、,"【Carhartt/工衣/Vintage】說到經典工作服，絕對不可不提Carhartt，這美國百年老字號隨著近年Y2K、舊化、Vintage等潮流復興，#Carhartt成為這兩、三年人氣持續高企的時尚關鍵字。

時光倒流回到1889年，美國底特律一名男子Hamilton Carhartt，憑著四台縫紉機和五名工人，在閣樓裡創立了Carhartt。當時美國正處於工業革命的高峰，國家大興土木，鐵路建設如火如荼，工人需要耐用、實用的服裝來應對惡劣的工作環境。Hamilton Carhartt敏銳地捕捉到這種市場需求，以「誠實的價格，誠實的報酬」（Honest value for an honest dollar）為品牌口號，開始為鐵路工人設計工裝褲。Carhartt工裝褲不但採用堅韌的丹寧布和帆布，同時加入重型螺紋和鉚釘加固，Hamilton更四出走訪鐵路部門，傾聽用家工人意見，確保產品能貼合實際工作需求，以人為本的設計理念，經得起Heavy Duty重勞動的考驗，迅速贏得美國藍領階層的歡心。

其後，Carhartt不斷擴張，在美加歐洲設立了17家工廠，除了服務工人，還吸引了農民和戶外愛好者，產品線從工裝褲延伸至外套、背心等，熬過了經濟大蕭條危機，於二戰期間為美軍製作軍用服飾供應商。到了90年代，Hip Hop文化與街頭潮流相繼冒起，Carhartt透過與街頭藝術家和音樂人合作，強化了品牌在年輕族群中的認同感，跟傳奇Hip Hop唱片廠牌Tommy Boy Records的聯乘，奠定了其在街頭文化中的地位，令Carhartt從工裝品牌進化為次文化的重要符號。

聯乘亦是Carhartt走進潮流界別的重要一步，若說跟Stussy推出別注成街頭文化的基石，那麼與日本設計師Junya Watanabe合作，則是走上高端時裝舞台的起點，成功打破了藍領工衣與高級時裝的界線，讓Carhartt變得更多元化。隨後，由美國同鄉Adam Kimmel、Awake NY，到日本裏原宿WTAPS、SOPH、A BATHING APE，還有歐洲代表APC、toogood，數之不盡聯乘項目，令Carhartt保持強勁人氣。

Carhartt近年另一經典大事，就是品牌殘破的二手工衣在二手市場交投暢旺，昔日在eBay拍賣網站大量百多二百元平價二手款式任你揀，現在全部炒上過千以上，加上Kanye West、Juntin Bieber等人都愛穿上Vintage Carhartt工衣，名人效應令Old Carhartt熱潮一發不可收拾，而一些美國製造的全新Deadstock，甚至罕有刺繡，更是驚人的天價，近日在eBay發現了一件標價$250,000美元（約$1,9393,00港元）的粉紅色Southwest Jacket，雖然可能有價無市，但這進取的定價某程度上也引證了Carhartt的熱度。

除了主線原汁原味工作服，Carhartt支線Carhartt WIP（Work in Progress），融入了現代化設計、剪裁、顏色和面料，是將傳統Modern化的成果，像2023年跟台灣品牌INVINCIBLE合作的別注，加入了大量口袋和超闊身剪裁，迎合Gorpcore機能風格，這種新舊撞擊就是Carhartt WIP最大賣點。最新SS25系列，宣傳照交由藝術家 Joshua Gordon掌鏡，粗糙而夢幻的扭曲感結合過度曝光的元素，充滿Y2K的迷幻感覺；至於產品方面，有基本黑白灰和色彩繽紛的T恤、Hoodie外，重塑經典的OG Santa Fe Jacket是今季度的焦點，帶有現在流行美式西部Western Style風情，配合Loose Fit剪裁，絕對是時尚之選。

Carhartt從1889年走到2025年，以真實、耐用和多變的形象，贏得一代又一代人的喜愛，那件經典土黃色Duck外套，是跨越世紀的美國精神與當代時尚，Carhartt工裝永恆經典。"
60235568,東涌私家車疑路中U Turn　電單車收掣不及　鐵騎士跌坐路中受傷,2025-05-05 19:34,2025-05-05 21:14,2025-05-05 21:30,突發,hk01,https://www.hk01.com/突發/60235568/東涌私家車疑路中u-turn-電單車收掣不及-鐵騎士跌坐路中受傷,東涌發生車禍。今日（5日）傍晚約6時半，一輛私家車與一輛電單車，在大嶼山北警署對開的裕東路與順東路交界相撞，驚動途人報案。救援人員趕至，發,"東涌發生車禍。今日（5日）傍晚約6時半，一輛私家車與一輛電單車，在大嶼山北警署對開的裕東路與順東路交界相撞，驚動途人報案。救援人員趕至，發現26歲非華裔鐵騎士腳部擦傷及報稱胸口痛，將他送往北大嶼山醫院救治；私家車48歲姓葉司機亦報稱腳痛，拒絕送院。

據了解，當時私家車與電單車分別沿裕東路左一線及左三線往九龍方向行駛，而左二線則正在封閉進行工程。兩車駛至順東路交界時，私家車疑突然U Turn，電單車收掣不及撞到私家車，鐵騎士倒地受傷。"
60234917,染髮劑點解要有「阿摩尼亞」？專家教染劑不傷髮挑選7大正確觀念,2025-05-05 19:32,2025-05-05 19:32,2025-05-05 20:15,好生活,hk01,https://www.hk01.com/美容手帳/60234917/染髮劑點解要有-阿摩尼亞-專家教染劑不傷髮挑選7大正確觀念,為了延長年輕氣色，並增添髮型變化，我們著迷「染髮」造型，更依賴染髮帶來的回春效果。然而，時常染髮的你，是否也曾顧慮「染髮劑」可能帶來的刺激,"為了延長年輕氣色，並增添髮型變化，我們著迷「染髮」造型，更依賴染髮帶來的回春效果。

然而，時常染髮的你，是否也曾顧慮「染髮劑」可能帶來的刺激與負面影響？甚至搞不清楚市售染劑中註明的「阿摩尼亞」成分效用與風險？這次邀請L'Oréal Paris PRO染髮品牌大使暨Round2沙龍主理人—Seven專業解答：染劑挑選7大觀念。

專業髮型師解答染髮劑挑選7大迷思，了解「阿摩尼亞」，守護頭皮健康（點擊放大瀏覽）▼▼▼

為甚麼染髮劑需要添加「阿摩尼亞」？

無論是有蓋白髮需求的民眾，還是喜歡變換髮色玩造型的時髦男女，肯定都曾留意過染髮劑中的常見成分：「阿摩尼亞（Ammonia）」。如今許多染髮劑甚至特別以「無添加阿摩尼亞」作為銷售亮點，這讓人不禁好奇，為什麼傳統染髮劑非它不可？Seven解釋，

「阿摩尼亞染髮劑」缺點與風險有哪些？

過去的傳統染劑依賴阿摩尼亞作為持色、進色的輔助成分，但同時也帶來染髮的刺激與負擔。Seven指出，

天然、植物性染髮劑真的好嗎？

為了追求更溫和、舒適的染髮體驗，許多人會選擇「天然、植物性成分染髮劑」。但植物性就一定安全嗎？其中是否潛藏其他問題？Seven直言，

「居家染髮」潛在風險成本更高

市面上有各式不同成分與功效的染膏，若消費者沒有專業知識，盲目選擇「居家染髮」可能會引發各種問題。Seven強調，

原因包括：

同場加映：

髮廊染髮迷思要釐清！

許多消費者對染髮仍有錯誤認知，特別是擔心髮廊染髮會對頭皮造成刺激，導致部分人害怕上髮廊染髮。Seven解惑，

接觸染髮劑前一天不要洗頭

染髮劑的挑選、使用有學問，但一般民眾難免在無預期的狀況下接觸不適合、有刺激性的染膏，因此染髮前的預防便很重要。Seven提醒，

同場加映：

最新染髮劑新趨勢

染髮劑背後存在著複雜的科學、成分新知，也使人好奇，如今市場上有哪些趨勢值得關注？Seven分享，

延伸閱讀：

護髮油該怎麼使用？明星髮型師解答日常養髮5大觀念：產品怎麼挑？顧好髮質才有好髮型

雨天頭髮毛躁怎麼辦？專業髮型師指導「自然捲、捲髮造型整理」3技巧：吹頭不能吹全乾、梳頭方式要小心

【本文獲「"
60235466,黃精甫繼《周處》再夥阮經天拍新戲　一視帝嘆辛苦：下班念頭強烈,2025-05-05 19:30,2025-05-05 19:30,2025-05-05 20:15,即時娛樂,hk01,https://www.hk01.com/即時娛樂/60235466/黃精甫繼-周處-夥阮經天拍-沉默的審判-薛仕凌-下班念頭強烈,《周處除三害》全球賣破30億台幣，導演黃精甫推出10集影集《沉默的審判》，集結班底阮經天、王淨、陳以文等，加入雙金影后賈靜雯、金鐘視帝薛仕凌,"《周處除三害》全球賣破30億台幣，導演黃精甫推出10集影集《沉默的審判》，集結班底阮經天、王淨、陳以文等，加入雙金影后賈靜雯、金鐘視帝薛仕凌、北影影后謝欣穎等，只是黃精甫極盡磨人，薛仕凌坦言是近幾年「下班念頭最強烈」的一部，賈靜雯也已被逼瘋，跟導演放話：「下次我要演啞吧！」

【圖輯】點圖放大看更多《沉默的審判》劇照👇👇👇

賈靜雯和王淨繼電影《瀑布》再合作，王淨透露導演黃精甫非常愛這部電影及賈靜雯，原本也打算請兩人再演母女，但最後讓賈靜雯演心理鑑定師。賈靜雯跟檢察官李銘忠在法院不少對手戲，李銘忠也跟他口中的「賈姐」一樣崩潰，也決定下次再也不演這類角色了。

薛仕凌已是影帝級，但碰上黃精甫也顯得無助，他嘆常常一顆鏡頭結束就想下班，內心默唸：「不要再換鏡位了啦，我已沒有東西了！」但黃精甫會一直告訴他：「你可以！」他也覺得其他演員都「比我自己還相信我」。

【圖輯】點圖放大看更多《沉默的審判》記招現場照片👇👇👇

宋芸樺為此劇「徹底改變人生計畫」，她原本已飛美國遊學，才去第1個月就接到迫約，但慶報接了，沒接會後悔；周采詩為角色2個月內狂瘦6公斤，不只產後最瘦，根本算是10年來最苗條。

《沉默的審判》再度以暴力復仇為主題，神級卡司包括賈靜雯、陳以文、宋芸樺、薛仕凌、謝欣穎、張孝全、曾珮瑜、葉全真、袁富華、李銘忠、周采詩、張翰、林敬倫、劉子銓，對劇本、場景以及動作戲每一個部分都做到極致的精雕細琢，讓搶先看過片段的記者會主持人曾寶儀也驚訝大讚：

【相關圖輯】

延伸閱讀：

蔡凡熙大馬錄影出意外！遮雨棚突被壓垮「砸到謝佳見」

50歲李奧納多打破25歲魔咒！第58任女友超線交往2年

【本文獲「"
60235524,DeepSeek也能造飛機？內地航空首席專家：已引進AI研發新型戰機,2025-05-05 19:30,2025-05-05 19:30,2025-05-05 20:15,即時中國,hk01,https://www.hk01.com/即時中國/60235524/deepseek也能造飛機-內地航空首席專家-已引進ai研發新型戰機,中國航空工業集團瀋陽飛機設計研究所（簡稱瀋陽所）首席專家兼科技委主任王永慶近日接受媒體專訪時表示，作為中國自主研發的最新一代隱身戰鬥機，「,"中國航空工業集團瀋陽飛機設計研究所（簡稱瀋陽所）首席專家兼科技委主任王永慶近日接受媒體專訪時表示，作為中國自主研發的最新一代隱身戰鬥機，「殲-35A」目前正按規劃有序推進，並強調其擁有高度智能化的信息融合能力，是未來空戰體系作戰中的「組織後衛」。

內媒《中新社》報道，王永慶透露，他所帶領的團隊已正式引入DeepSeek大模型，並結合實際需求，深入研究其在「複雜問題分析與解決中的應用前景」。王永慶指出，這是在智能化領域的一次重要嘗試，也是未來航空科研工作的發展方向。

報道介紹，王永慶現年60歲，自瀋陽所工作近40年，參與了包括殲-8、殲-11、殲-15、殲-35等多型號戰機的總體設計任務，也培養了大量專業技術人才。

根據中航工業信息，瀋陽所成立於1961年，是建國後首個飛機設計研究所，長期擔任中國戰鬥機總體設計任務，被譽為「中國戰鬥機設計研究的基地」。截至目前，已承擔超過40個重點航空武器裝備型號的研製任務。

根據公開資料，「殲-35A」於2023年11月12日首次在珠海航展公開亮相。中航工業當時指出，該型號具備強大隱身性能、優異飛行表現，以及智能化的資訊融合與處理能力。王永慶形容，其在體系作戰中如同籃球場上的「組織後衛」，能聯合協同其他戰場裝備，構建高效殺傷網。

他還指出，中國自2000年以來出現大量新型號飛機的「井噴式」發展並非偶然，而是老一輩航空人努力的成果。「從預先研究到技術突破，從系統思維到體系建設，不斷探索、勇於創新，為航空工業探索出自立自強的發展道路。」

在AI技術應用方面，王永慶表示，瀋陽所已創新推出首個「數智標審系統」，打造數字員工，實現技術文件與設計數模的標準化審查自動化。「該系統能夠自主完成大量繁瑣的審查工作，讓科研人員能夠全身心投入到更重要的科研工作。」

王永慶強調，人工智能的引入，將成為未來航空科技發展的重要趨勢，瀋陽所也將持續探索AI技術在國防工業領域的更多應用可能。"
60235544,沈宗賢大爆「渣男」鄭梓浩同無綫未解約：群組仲見到佢,2025-05-05 19:15,2025-05-05 19:15,2025-05-05 20:15,即時娛樂,hk01,https://www.hk01.com/即時娛樂/60235544/沈宗賢大爆-渣男-鄭梓浩同無綫未解約-群組仲見到佢,沈宗賢今日（5/4）現身屯門出席無綫歌唱比賽節目《中年好聲音3 》7強見面會。被問到會可與《中2》戰友聚舊，沈宗賢接受《香港01》時表示：「其實我,"沈宗賢今日（5/4）現身屯門出席無綫歌唱比賽節目《中年好聲音3 》7強見面會。被問到會可與《中2》戰友聚舊，沈宗賢接受《香港01》時表示：「其實我哋《中2》嘅一百強，每年我哋都會搞聚會，日子就定係9月份，就係喺我哋比賽節目首播嗰日。」

被問到會否約埋「渣男」鄭梓浩出席聚會？沈宗賢表示：「我哋已經好少見，因為我見到佢好似喺內地多，而我就係香港多。（會否再度合作？）都要睇公司嘅安排，因為我哋仲係同一間公司。（無綫冇同佢解約？）我喺公司嘅群組上都仲見到佢，因為我哋公司嘅同事都會係嗰個群組上約出嚟食飯。（鄭梓浩喺群組有冇同大家互動？）都冇乜，可能佢喺內地比較忙。」"
60235567,台灣花蓮多次地震最大達5.9級　深度6.6公里　台北有震感,2025-05-05 19:13,2025-05-05 19:33,2025-05-05 20:15,台灣新聞,hk01,https://www.hk01.com/台灣新聞/60235567/台灣花蓮多次地震最大達5-9級-深度6-6公里-台北有震感,台媒報道，根據台灣氣象署消息，今天（5月5日）晚間6時53分台灣東部海域發生芮氏規模5.9地震，地震深度6.6公里，震央位於花蓮縣政府東南東方33.7公,"台媒報道，根據台灣氣象署消息，今天（5月5日）晚間6時53分台灣東部海域發生芮氏規模5.9地震，地震深度6.6公里，震央位於花蓮縣政府東南東方33.7公里（位於台灣東部海域），最大震度花蓮縣4級。

綜合台媒報道，5月5日18:09起，花蓮東部外海發生連續發生多起地震，最大規模達5.9級。據ETtoday新聞雲報道，有台北、台中市民表示亦有震感。

氣象署地震測報中心技正邱俊達表示，氣象署認定規模5.9的極淺層地震為主震，前6次的地震則為前震。

邱俊達指出，18時53分規模5.9地震全台有感。針對晚間地震發生主因，邱俊達表示為菲律賓海板塊以及歐亞大陸板塊的相對運動所導致，不排處在未來3天內還會有規模5至5.5的餘震發生。"
60235548,泄密風波後沃爾茲轉用可存檔版Signal　據報程式遭黑客攻擊,2025-05-05 19:00,2025-05-05 19:00,2025-05-05 20:15,即時國際,hk01,https://www.hk01.com/即時國際/60235548/泄密風波後沃爾茲轉用可存檔版signal-據報程式遭黑客攻擊,在3月誤將《大西洋》月刊總編輯Jeffrey Goldberg加入應用程式Signal聊天群組的前美國國安顧問沃爾茲（Mike Waltz），在今月開頭遭總統特朗普（Dona,"在3月誤將《大西洋》月刊總編輯Jeffrey Goldberg加入應用程式Signal聊天群組的前美國國安顧問沃爾茲（Mike Waltz），在今月開頭遭總統特朗普（Donald Trump，又譯川普）炒魷前，還被發現開會前使用翻版Signal——聊天程式「TM SGNL」，而時過未到一週，科技媒體就披露這獲白宮認購存檔功能的程式遭到黑客入侵，部份訊息被攔截。

獨立媒體404media在5月4日報道引述黑客成員，稱他們已經侵入TeleMessage中，程式後端的基礎設施，並攔截了部份用戶的聊天訊息。

報道強調黑客組織有提供可讓媒體獨立核實的資料，但補充黑客組織未攔截沃爾茲或其他特朗普內閣官員的訊息。

這個名為「TM SGNL」的聊天程式由TeleMessage開發，它與Signal極為相似，除擁有Signal的基本功能外，還添加有存檔功能。而Signal有時隔一段時間就可自動清除聊天訊息的功能，美國檢方在風波時還請求法官下令，以確保留下涉事聊天訊息作為證據。"
60235498,Lady Gaga巴西免費騷吸引250萬觀眾朝聖  警拘兩人涉企圖炸彈襲擊,2025-05-05 19:00,2025-05-05 19:00,2025-05-05 20:15,即時娛樂,hk01,https://www.hk01.com/眾樂迷/60235498/lady-gaga巴西免費騷吸引250萬觀眾朝聖-警拘兩人涉企圖炸彈襲擊,樂壇天后Lady Gaga於周六（3日）在巴西里約熱內盧科帕卡巴納海灘（Copacabana）舉行一場免費戶外演唱會，原預計會有超過160萬人撐場，最終卻吸引到,"樂壇天后Lady Gaga於周六（3日）在巴西里約熱內盧科帕卡巴納海灘（Copacabana）舉行一場免費戶外演唱會，原預計會有超過160萬人撐場，最終卻吸引到250多萬民眾聚集海灘睇騷，場面極為墟撼。今次Gaga的免費演唱會更超越了去年麥當娜（Madonna）里約海灘免費騷的160萬觀眾紀錄，刷新史上女歌手及個人免費演唱會最高動員人次紀錄。

由於今次Gaga開騷製作費用由私人機構贊助，估計演唱會能為里約市帶來超過6億雷亞爾（約8.4億港元）的經濟收益。這是Gaga自2012年以來首次回歸巴西開騷，吸引大批巴西歌迷前來朝聖，而連日來已有大批歌迷聚集在Gaga下榻酒店門外守候，開騷前一日更有大量群眾來看Gaga為演唱會進行綵排。

開騷當日，當地警方嚴陣以待，現場派出3300名軍警、1500名警員和400名消防員駐守，出席演唱會人士必須通過金屬探測器，當局也使用無人機和臉部辨識攝影機來協助活動監管。昨日（4日）巴西警方公布，與司法部合作搗破一宗針對Lady Gaga演唱會的炸彈襲擊圖謀，逮捕2名疑犯。"
60235534,鍾發發火鬧成龍　爆李健生拍《警察故事》跳巴士昏迷幾日無人理,2025-05-05 18:45,2025-05-05 18:45,2025-05-05 20:15,即時娛樂,hk01,https://www.hk01.com/即時娛樂/60235534/鍾發發火鬧成龍-爆李健生拍-警察故事-跳巴士昏迷幾日無人理,「洪家班」鍾發早前大爆曾志偉約食飯，專登從內地回港隔離完，對方竟然「放飛機」，因而嬲爆反面割席，更指老死不相往來。日前鍾發接受YouTube頻道,"「洪家班」鍾發早前大爆曾志偉約食飯，專登從內地回港隔離完，對方竟然「放飛機」，因而嬲爆反面割席，更指老死不相往來。日前鍾發接受YouTube頻道節目《威哥會館》訪問，率性的他又炮轟成龍無好好照顧為他出生入死的「成家班」兄弟，直斥：「你啲錢帶落棺材咩？！」

訪問中，鍾發多次感激洪金寶的提攜，令到洪家班個個都能獨當一面，反之成龍未好有善待一班兄弟，鍾發說：「火星最慘嗰個，最辛苦嗰個，所有替身係火星嚟㗎，張華、火星、李健生個個都辛苦。喂，成龍，你拿千分一（資產），唔好講幾多，都養佢哋一世啦，你何必呢？你啲錢帶落棺材咩，係咪呀！你搞到亂晒，搞到個個都冇晒。你唔好忘記呢班人同你搏出嚟，冇呢班人能夠咩呀，我講真事，李健生瞓醫院瞓到驚呀！」

1985年《警察故事》雙層巴士跳落車驚險場面逐格睇：

鍾發回憶1985年《警察故事》其中幕驚險場面，有兩個人從雙層巴士的上層車頭位置，插水式從頭跳落地下，之後兩人瞓地狀甚痛苦。鍾發說：「巴士跌落嚟嗰個，福健生李健生，昏迷咗幾日，你（成龍）都冇人理佢嘅，所以我就爆大鑊，我就鍾意，等佢牙X擦，等佢走過嚟同我傾呀，我絕對有權同佢講呢啲嘢。」

鍾發表示做龍虎武師有好多辛酸，不是一出來便好風光，認為「阿頭」好重要，他說：「成龍你冇你班底，你好好咩？成龍你冇洪金寶，你能返得轉以前咁，一部搶包山你差啲死啦，拍一部《飛龍猛將》塑造你嘅警察故事，食到依家。」鍾發不忘讚洪金寶：「我讚大哥（洪金寶）好嘢，黃炳耀好嘢，真係諗啲嘢出嚟好似度身訂造，你留意洪金寶電影，每一個角色子似度身訂造。」"
60235537,網傳山東滕州私家車撞巴士站釀多人死傷　官方暫無通報,2025-05-05 18:30,2025-05-05 18:30,2025-05-05 20:15,即時中國,hk01,https://www.hk01.com/即時中國/60235537/網傳山東滕州私家車撞巴士站釀多人死傷-官方暫無通報,網傳山東5月4日有私家車高速衝向巴士站站台，造成人員傷亡，目前官方暫無通報。網傳影片顯示，山東棗莊滕州一輛黑色私家車以高速衝向巴士站站台，,"網傳山東5月4日有私家車高速衝向巴士站站台，造成人員傷亡，目前官方暫無通報。

網傳影片顯示，山東棗莊滕州一輛黑色私家車以高速衝向巴士站站台，路邊民眾被撞倒在地，路燈也被撞倒。現場有交警和醫護人員處置，可見有醫護人員為躺在地上的民眾蓋上藍布。有當地網民傳，事件造成7人死亡1人受傷，但官方暫時並無通報。

網上還有消息指，肇事司機疑似酒駕，事發後當地正在維修公交站台，並拆除被撞倒的路燈，有人到站台獻花悼念。"
60235460,雷霆特攻隊*｜爛番茄新鮮度88%叫好叫座　哨兵原定由另一男神飾演,2025-05-05 18:30,2025-05-05 18:43,2025-05-05 20:15,電影,hk01,https://www.hk01.com/電影/60235460/雷霆特攻隊-爛番茄新鮮度88-叫好叫座-哨兵原定由另一男神飾演,Marvel年度大片《雷霆特攻隊*》（Thunderbolts*）上週磅礡登場，以7600萬美金拿下週末票房冠軍，全球也斬獲1.62億美金，並在歐美評論網站屢獲好評,"Marvel年度大片《雷霆特攻隊*》（Thunderbolts*）上週磅礡登場，以7600萬美金拿下週末票房冠軍，全球也斬獲1.62億美金，並在歐美評論網站屢獲好評，不僅在爛番茄影評網站拿下88%的新鮮度，觀眾評分CinemaScore也交出A-的亮眼成績，在片中擔綱關鍵角色「哨兵」（Sentry）的男星路易斯普曼（Lewis Pullman）也獲得關注，而該角原本屬意由《齮齕人生》（Beef）、《行屍》（Walking Dead）韓裔美籍Steven Yeun主演，他當初定裝的形象照也出爐。

【圖輯】曾憑《齮齕人生》奪得金球獎「最佳男主角」！點圖放大看Steven Yeun照片及更多《齮齕人生》劇照👇👇👇

在網路上盛傳的形象照當中，Steven Yeun與現今路易斯普曼飾演的「哨兵」鮑伯照片無異，同樣都是滿頭金髮，穿著霸氣的金色盔甲，Steven Yeun原本與導演Jake Schreier在《齮齕人生》合作愉快，本來計畫再度合作，卻受到編劇工會、演員工會的罷工影響導致片約行程大亂，最後讓《米奇17號》（Mickey 17）、《雷霆特攻隊*》開拍時程撞期，在先行答應《米奇17號》的狀態下只好忍痛放棄《雷霆特攻隊*》，但他直言非常喜歡Marvel電影，去年接受《Variety》訪談時就表示「我知道Jake Schreier會做得非常好，我未來還想演Marvel電影」，不過未來是否鎖定哪一部Marvel電影，他則說為時過早，只想說感謝當初Marvel邀請：

【相關圖輯】

雖然換角，導演Jake Schreier仍與Steven Yeun是好友，但他也稱讚繼任的路易斯普曼表現傑出，並說劇本並沒有太大更動，並誇讚路易斯非常積極與他討論「哨兵」這個角色，「我認為任何演員都希望能夠探索他們與角色的契合點，所以與路易斯合作是一個全新的過程，他非常開放，並且致力於挖掘角色的各個層面」，如今也證實路易斯的表現非常好。

【圖輯】點圖放大看《雷霆特攻隊*》預告畫面👇👇👇

延伸閱讀：

NBA季後賽／勇士70：62火箭！勇士頻頻化解火箭追分攻勢

【本文獲「"
60235517,花劍世界盃溫哥華直擊｜大批港人現場觀戰　儼如主場港隊感驚喜,2025-05-05 18:29,2025-05-05 18:29,2025-05-05 20:15,即時體育,hk01,https://www.hk01.com/即時體育/60235517/花劍世界盃溫哥華直擊-大批港人現場觀戰-儼如主場港隊感驚喜,首度踏足加拿大土地，香港劍擊隊驚喜地迎來一片「主場」。花劍世界盃第一次移師加拿大，大批香港人前往溫哥華會議中心（Vancouver Convention Cent,"首度踏足加拿大土地，香港劍擊隊驚喜地迎來一片「主場」。

花劍世界盃第一次移師加拿大，大批香港人前往溫哥華會議中心（Vancouver Convention Centre）觀戰。儘管香港隊先在個人賽8強失利，張家朗面對意大利的Davide Filippi打到14：14後輸1分，男團和女團亦僅以第6及第15名完成賽事，但無損居於加拿大的香港人為港隊打氣的興致。

01體育記者潘思維溫哥華直擊

昨日（4日）的團體戰，港隊以張家朗、蔡俊彥、梁千雨及吳諾弘出戰，他們首圈輪空直入16強，並與波蘭爭入決賽。雙方在9個回合打得激烈，梁千雨在第5回合被Michal Siess打出一波12：4，令港隊由領先20：13變落後24：25；完成8個回合後，港隊仍落後34：40。

第9回合，張家朗面對Michal Siess，他力挽狂瀾贏11：4，港隊終以45：44驚險晉級。

「最後一劍真的『好難講』，從來都不只講求技術，亦有運氣成份，就算之前幾次我贏最後一劍，情況都一樣。」張家朗賽後回顧團體賽壓倒波蘭的最後一劍，以及日前個人賽8強以14：15不敵意大利的Davide Filippo，他表示難以單靠最後一劍評價比賽：「個人賽對Filippo，比賽初段捉不到戰術和節奏，但很快就調整過來，找到方法應戰，輸最後一劍當然可惜。整場比賽發揮其實沒太大問題，但我寧願這是一課，讓我有機會檢討改進。」

至於團體賽，港隊擊敗波蘭晉級8強後，以32：45不敵意大利跌入名次賽，最終與日本爭第5名，以34：45落敗。

「團體賽我們當然以獎牌為目標，輸了是可惜的，但入到8強總算保住一些排名積分。」張家朗說。

值得一提是梁千雨，他日前在個人賽首圈淘汰世界排名第7的埃及劍手咸沙，他總結今站表現：「之前曾與咸沙練習，都贏過他，所以知道自己有機會。不過我在團體賽打得不好，不夠放膽，都要跟教練好好相討如何改進。」

女隊方面，陳諾思、鄭曉為、符妤名和關渝澄出戰，她們在16強以30：42不敵日本，終在名次賽以45：25輕勝智利，取得第15名。

回顧去年同一站世界盃在香港舉行，今年移師加拿大，但香港觀眾聲勢不遜於去年的亞洲博覽館，站滿整個賽場，令港隊十分驚喜。張家朗感激觀眾支持：「以前聽爸爸媽媽講過，知道加拿大很多香港人，今天我亦有親戚來看比賽，但我沒想過整個現場與香港主場無異，明明身在外國比賽，我在會場聽廣東話多過英文，感覺好奇妙，非常感激大家到場支持香港運動員。」"
60235532,影后衛詩雅入行前寫真出土　即轉發老公：佢即刻話靚求生意識好強,2025-05-05 18:15,2025-05-05 18:46,2025-05-05 20:15,即時娛樂,hk01,https://www.hk01.com/電影/60235532/影后衛詩雅入行前寫真出土-即轉發老公-佢即刻話靚求生意識好強,「香港流行文化節2025」重磅活動「全港戲院日」將於5月10日舉行，當日全港所有戲院票價均劃一激減至$30，適用於所有電影及播放格式，本年已經為連,"「香港流行文化節2025」重磅活動「全港戲院日」將於5月10日舉行，當日全港所有戲院票價均劃一激減至$30，適用於所有電影及播放格式，本年已經為連續第三年推出同類型優惠吸引觀眾入場！出爐金像影后衛詩雅今日（5日）到旺角戲院外為「全港戲院日」活動造勢，親自向觀眾影迷派發爆谷，鼓勵大家把握優惠入場支持上映中外作品，吸引現場過百觀眾粉絲圍觀，群情洶湧！

衛詩雅於派發爆谷活動上接受傳媒訪問，表示今日活動竟一圓自己多年心願：「細個我第一次去見工就係做賣爆谷，但係人哋冇請我！其實我係想做𢳂爆谷嗰個位，你明唔明呀？真係好香、好治癒㗎！」笑言希望到待會到旺角戲院客串感受𢳂爆谷的樂趣！衛詩雅作為出爐影后，得獎後已馬不停蹄開工宣傳，表示將會繼續出席《破．地獄》謝票活動，亦呼籲觀眾支持其他香港電影。

周日將迎來母親節，衛詩雅表示得獎後終於在日前攜帶獎座探望父母：「我拎埋個獎返屋企，陪媽咪買餸、返去煮飯，呢個係最大嘅禮物！」貴為出爐影后現身街市，Michelle笑言竟再次被認錯：「完全冇反應呀！都有人恭喜我，前日我架車去差電，有兩個姐姐話『恭喜晒呀衛小姐！』另一個姐姐話『唔係衛小姐呀』我以為佢會叫我周太，點知佢話『係連小姐呀！妳姓連㗎呵？』我呆咗，然後話我姓衛嘅……大家都好可愛嘅！」

衛詩雅表示在《破．地獄》金像報捷後，正在籌辦一次大型飯聚讓所有人共聚一堂，更表示演陳茂賢竟鬆口透露將拍攝《不日成婚》系列第三集，Michelle笑言：「家樂仔生埋仔、珈其第二個小朋友都就嚟出世，我都嫁埋喇，仲唔開第三集？等我哋八十歲先開咩？」

自從衛詩雅榮封影后，不少網友出土Michelle出道前為雜誌拍攝的寫真照片，她隨即笑言有留意、更轉發予老公：「我梗係睇到啦！簡直青澀呀！其實嗰輯相係我入行前，得16歲咋！嗰隻小腿夠全村人食幾日！骨膠原滿瀉、個眼皮脹卜卜！我係咁Share畀我老公睇，佢即刻話好靚呀，求生意識幾強呀！」笑言將會用作手機桌布，放大在床頭、取代結婚照片。"
60235554,台灣歌手酒駕撞死人案情曝光　飲大量｢生啤＋小米酒｣還衝紅燈逃逸,2025-05-05 18:04,2025-05-05 18:06,2025-05-05 20:15,熱爆話題,hk01,https://www.hk01.com/台灣新聞/60235554/邱軍酒駕撞死人案情曝光-飲大量-生啤-小米酒-還衝紅燈逃逸,台灣歌手邱軍早前被爆出2024年底凌晨在基隆疑似酒駕，撞上正在路邊的的士司機，造成兩人受傷，其中一名的士司機搶救7天後不幸身亡。今年初邱軍到案,"台灣歌手邱軍早前被爆出2024年底凌晨在基隆疑似酒駕，撞上正在路邊的的士司機，造成兩人受傷，其中一名的士司機搶救7天後不幸身亡。今年初邱軍到案後被羈押至今近4個月。

檢方起訴指出，去年12月27日凌晨，邱軍在基隆市一家酒館內飲用大量生啤酒及數杯小米酒，當天凌晨4時5分上車開往友人住處途中，撞擊前方在車道上聊天的2名的士司機，造成1死1傷。

邱軍肇事後繼續往前行駛，雖一度減速稍向路邊停靠，但未下車，又繼續開車往前行駛，直至遇上紅燈才停下。有人目睹2名的士司機被撞，跑到邱軍車子的副駕駛座旁拍打汽車並大聲呼喊「你撞到人了」，但邱軍仍未下車，反而衝越紅燈開車逃離現場。

檢方認定邱軍涉犯不能安全駕駛致死罪嫌、肇事致人死傷逃逸罪嫌，提起公訴。檢方今天將邱軍移審基隆地院，法官裁定邱軍20萬元交保。

邱軍來自屏東排灣族，原本從事木工工作，2021年為了一圓夢想，參加選秀節目《聲林之王3》，拿下第二名的成績後，2024年2月發行首張個人專輯《情歌手》，其中歌曲〈愛不愛我〉登上各大數位音樂平台的國語歌冠軍。

邱軍近期還因歌曲《運轉人生》爆紅，MV突破3000萬次點擊，邱軍自己的YouTube頻道突破5000萬次總點擊量，且該歌曲還是電視劇《華麗計程車行》插曲，入圍第59屆金鐘獎戲劇原創歌曲獎。"
60233809,尖沙咀遇內地男女集體索香煙！港男無視捱轟不願分享　這樣做掀議,2025-05-05 18:02,2025-05-05 18:02,2025-05-05 20:15,熱爆話題,hk01,https://www.hk01.com/熱爆話題/60233809/尖沙咀遇內地男女集體索香煙-港男無視捱轟不願分享-這樣做掀議,香港街頭不時出現借錢黨，難道如今演變為「借煙黨」？有港男稱，於尖沙咀街頭準備吸煙時，遇到一群內地男女上前，向他索取香煙以及借出打火機，他曾,"香港街頭不時出現借錢黨，難道如今演變為「借煙黨」？有港男稱，於尖沙咀街頭準備吸煙時，遇到一群內地男女上前，向他索取香煙以及借出打火機，他曾假扮聽不懂打算離開，卻被其中一人截停，並稱「不是吧香港人，一支煙也不願意分享」、「大家都是同胞」。由於他當時趕往接送女友，不想和他們爭論，還是贈予對方1支煙，事後則怒斥「仲衰X過乞兒」。

港男途經尖沙咀街頭遇內地女索取香煙

該港男在

港男欲離開被截停內地男：一支煙也不願意分享

詎料另一名與女子同行的男子截停樓主，稱「不是吧香港人，一支煙也不願意分享」、「大家都是同胞」，而其他人則旁敲側擊，樓主當時不想和他們爭論，又因趕往接送女友，所以還是送予對方1支煙。惟對方見狀「打蛇隨棍上」，更要求樓主「幫人幫到底」，要他借出打火機。

事主指眾人「身光頸靚」狠批：仲衰X過乞兒

樓主終於按捺不住，向眾人指出只需5元便可於士多買到打火機，又認為那群內地男女每人給10元，即可買到一包香煙，質疑他們全部人身光頸靚，卻逼他贈予香煙，不滿斥「一個比一個厚面皮」、「仲衰X過乞兒」，惹來網民熱議。

網民怒批：掉喺地下都唔益佢啦

許多人批評樓主不應送出香煙，「真係睇到眼火爆，趕時間更加要直接走人，又唔係要同佢哋做人世」、「點解你仲要畀佢？掉喺地下都唔益佢啦」、「我會叫佢伸隻手出嚟，成支煙焫落去」、「你助長咗佢哋覺得『香港人好蝦』呢個觀念」、「你咁都畀真係癲，下次問你拎錢又怕煩，畀埋佢？」，同時揶揄該群內地男女，「除咗乞錢，仲可以乞煙，佩服」。

街頭索煙要小心？網民憂涉騙案

有人就覺得事件反常，認為樓主應該要提高警覺，「我噚日喺旺角經過都見到有個大陸女人問個後生攞煙，係咪新型𢯎煙手法」、「遇到咁嘅事叫佢哋滾開，然後同佢哋保持距離，唔好同佢哋有身體接觸，因為可能係行騙。佢哋目的唔係要支煙，只係想接近你，睇下仲有無得進一步行動」、「佢哋可能碰瓷㗎，食一啖跟住話唔舒服、煙有問題，要你賠錢，就算你話報警自己都麻煩」。

（threads＠_hildon_）"
60235533,教宗方濟各座駕將改裝成加沙兒童流動診所,2025-05-05 18:00,2025-05-05 18:00,2025-05-05 20:15,即時國際,hk01,https://www.hk01.com/即時國際/60235533/教宗方濟各座駕將改裝成加沙兒童流動診所,梵蒂岡官方媒體消息，已故教宗方濟各的其中一輛教宗座駕，正被改裝成加沙地帶兒童流動診所。這是方濟各的遺願之一。路透社報道，方濟各2014年訪問,"梵蒂岡官方媒體消息，已故教宗方濟各的其中一輛教宗座駕，正被改裝成加沙地帶兒童流動診所。這是方濟各的遺願之一。

路透社報道，方濟各2014年訪問聖地時使用的這輛教宗座駕，正在安裝診斷和急救醫療設備，以為巴勒斯坦地區的兒童病患提供醫療服務。加沙地帶的醫療設施因以色列入侵而遭到嚴重破壞。

梵蒂岡新聞網星期天（5月4日）報道，多個月前，方濟各已將改裝教宗座駕的工作委託給天主教援助組織「耶路撒冷明愛」（Caritas Jerusalem）。

這個流動診所將配備快速檢測試劑、疫苗、診斷工具和縫合包，並有醫務員隨行。一旦人道援助能夠進入加沙地帶，耶路撒冷明愛計劃將把流動診所部署到無法獲得醫療服務的社區。

支持這個項目的瑞典明愛秘書長布魯內說：「在加沙地帶衛生系統幾乎完全崩潰的情況下，這是一個具體和挽救生命的干預措施。」

他說：「這不僅僅是一輛車。它要傳遞的信息是，世界並沒有忘記加沙地帶的孩子們。」

羅馬天主教教宗方濟各4月21日去世，享年88歲。4月26日舉行葬禮，安葬於羅馬聖母大殿。梵蒂岡將在5月7日開始舉行選舉下一任教宗的秘密會議。"
60235530,有片｜泰山景區兩遊客欲走捷徑　翻越護欄險墮崖,2025-05-05 18:00,2025-05-05 18:00,2025-05-05 20:15,大國小事,hk01,https://www.hk01.com/大國小事/60235530/有片-泰山景區兩遊客欲走捷徑-翻越護欄險墮崖,五一假期間，山東泰山景區內人山人海，兩名遊客翻越護欄時險墮崖。5月5日，景區客服表示，後續將增派人員加強重點區域監管。事發於5月4日，山東泰,"五一假期間，山東泰山景區內人山人海，兩名遊客翻越護欄時險墮崖。5月5日，景區客服表示，後續將增派人員加強重點區域監管。

事發於5月4日，山東泰山景區。影片顯示，兩名遊客翻越護欄時，女子墮下瞬間被同伴拽住雙腳懸於峭壁之上，兩人滾落數米山崖才停下。

目擊者稱，因現場人太多，涉事兩名遊客想抄近道，男子先翻過護欄後接應，女子從上方落地時失平衡，兩人一同墮下，幸該名男子拉住另一人的雙腳。雖然兩人經歷高空跌落但未受重傷，事後已自行離開。

網民睇法："
60235494,吳幸美自爆當年曾在紅館碌落樓梯　全身瘀痕險退選港姐決賽,2025-05-05 18:00,2025-05-05 18:45,2025-05-05 20:15,即時娛樂,hk01,https://www.hk01.com/即時娛樂/60235494/吳幸美自爆當年曾在紅館碌落樓梯-全身瘀痕險退選港姐決賽,選美出身的吳幸美日前接受《安哥同學會》訪問時，分享當年的入行經過，她透露03年懵懂地寄表格參選港姐，純粹想在暑假找玩意，既不會化妝、行catwa,"選美出身的吳幸美日前接受《安哥同學會》訪問時，分享當年的入行經過，她透露03年懵懂地寄表格參選港姐，純粹想在暑假找玩意，既不會化妝、行catwalk，唯一可取是口材，但仍有一定壓力。而在決賽當日綵排時，吳幸美更一度在紅館碌落樓梯，媽媽見狀即時要求退選。「嗰時抽中試戴后冠，但嗰日好攰，因為前一晚太緊張無咩點瞓，落樓梯嗰下，個台都有一兩米高，我kick到 ，打根斗咁碌咗落去，我手腳損晒。因為媽媽喺現場，佢話要退選，但我覺得有體育精神，要對自己負責感。」吳幸美憶述當時全身都是遮瑕膏，但出場所有佳麗都在水中，對她來說完全是又凍又痛。

吳幸美其後加入TVB，先由拍劇開始，當時因為撞樣吳美珩，所以有不少機會，但她坦言自己戲屎，直到09年加入《東張西望》才開始被認識。工作至今，最難忘是曾為一位需要換心臟的女生作出呼籲，對方當時情況頗嚴重，多年後在工作場合上，對方的親戚上前向她道謝，指女生最後成功換心，如今已有一個幸福的家庭。「有人入行選美想做superstar，我估唔到做主持係有使命感。」提到工作苦與樂，吳幸美以前十分怕做醫院或殯儀更，而每次颱風時都需要開工，但她亦十分感恩工作上獲不少客戶支持。"
60235525,人雀重逢｜鸚鵡小B現筲箕灣站　同伴叫聲引現身　女主人：好神奇,2025-05-05 17:58,2025-05-05 18:39,2025-05-05 20:15,突發,hk01,https://www.hk01.com/突發/60235525/人雀重逢-鸚鵡小b現筲箕灣站-同伴叫聲引現身-女主人-好神奇,筲箕灣愛東邨一隻3個月大的紫白色鸚鵡「小B」，昨日（4日）飛出窗外後蹤杳，消防、警方、愛協合力搜救逾一小時無果。女主人容小姐徹夜難眠，幸今午,"筲箕灣愛東邨一隻3個月大的紫白色鸚鵡「小B」，昨日（4日）飛出窗外後蹤杳，消防、警方、愛協合力搜救逾一小時無果。女主人容小姐徹夜難眠，幸今午（5日）傳來好消息，有熱心途人閱畢網上帖文及《香港01》報道後，在港鐵筲箕灣站對開發現小B蹤影。容小姐聞訊即帶同另外4隻鸚鵡趕往尋雀，在同伴「吱吱喳喳」的啾鳴聲中，小B飛出現身與主人重逢。容小姐終可放下心頭大石，「成晚都冇瞓過覺‥‥‥我真係覺得好神奇呀！」

容小姐向《香港01》透露，今午3時左右，有熱心途人在港鐵筲箕灣站外，發現疑似小B蹤影，惟對方不清楚其聯絡方法，遂在網上發文；有其他熱心網民見到後，立即致電容小姐。她隨即趕往筲箕灣站附近搜索，未幾即在巴士總站對開人雀重逢，「我帶埋屋企嗰4隻出去，喺度叫，認得佢哋把聲，咁佢就飛出嚟，喺我面前飛過。」小B飛入草叢矮樹，她爬入叢內，不費吹灰之力將其抱走，「冇跑走，佢認得我。」

小B沒有受傷，但十分肚餓，回家後不停進食。容小姐亦鬆一口氣，「成晚都冇瞓過覺，今朝又落去搵。」她又指，的4隻同伴「小豬」、「小高」、「小綠」、「天天」全部與小B一樣3個月大，均為雄性，全靠牠們的叫聲再得以團聚，「我真係覺得好神奇呀。」經歷今次失散，容小姐日後會加裝蚊網之類，防止愛雀飛出窗外，亦感激所有熱心市民的協助。

案發於昨日傍晚6時45分"
60235555,英超｜阿歷山大阿諾特宣布今夏離開利物浦　勢投皇家馬德里,2025-05-05 17:53,2025-05-05 18:38,2025-05-05 20:15,即時體育,hk01,https://www.hk01.com/即時體育/60235555/英超-阿歷山大阿諾特宣布今夏離開利物浦-勢投皇家馬德里,利物浦後衛阿歷山大阿諾特（Trent Alexander-Arnold）正式向利物浦表達季尾離隊的意願，外界估計他將會以自由身轉投西甲班覇皇家馬德里。阿歷山大,"利物浦後衛阿歷山大阿諾特（Trent Alexander-Arnold）正式向利物浦表達季尾離隊的意願，外界估計他將會以自由身轉投西甲班覇皇家馬德里。

阿歷山大阿諾特是利物浦自家培育的青訓球員，已在紅軍各級梯隊效力共20年，現時是球隊其中一名副隊長。他在各項賽事為「紅軍」上陣352場，射入23球，為球會贏得8個主要錦標，包括在英超上陣257場賽事，成功於2019/20及今季兩奪英超冠軍，而2018/19及2021/22兩季亦僅以一分不敵曼城屈居亞軍；此外亦贏得過歐聯冠軍和世界冠軍球會盃。

阿歷山大阿諾特在社交平台發表離隊告白：

阿歷山大發表的聲明表示：「我首要說的是，這是一個不容易的決定，混合了很多想法或感受才得出這個結果。我在這裏已經20年了，我深愛着在這裏的每一分鐘，我想在這裏得到的一切夢相都已經達成了。」

「在這裏每日出入逾20年後，我開始覺得自己要一個新的轉變，無論作為球員還是一個人，都需要新的挑戰；而我相信現在正是時候。」

阿歷山大阿諾特為利物浦贏盡所有錦標：

「我有很多話想說，而最重要的是由衷的感謝。你們（球會）在我紅軍生涯第一天開始已經陪我一起度過，支持我直至今天。」

「你們所作的一切我都感受到，感到被支持，我感到被愛，我享受在球會的每一分鐘。我希望大家感到，我已傾盡一切去報答大家，我為球會已經付出了所有。」

「我希望我會能一切贏下去，有關我離隊決定的各種聲音，都不能洗去我們今季取得的成就。今季是神奇的一季，我能夠置身其中感到很驚喜，希望大家不要為這一新聞糾纏太久，可以在季尾為大家所作的成就投入地慶祝。」

至於利物浦球會則在聲明中表示，「阿歷山大阿諾特將會離隊，球會感激和感謝他所作的一切，並持續地為球會帶來成功。」"
60235556,新台幣暴力升值　台央行總裁親上火線：未操縱匯率、否認美國壓力,2025-05-05 17:52,2025-05-05 17:52,2025-05-05 20:15,台灣新聞,hk01,https://www.hk01.com/台灣新聞/60235556/新台幣暴力升值-台央行總裁親上火線-未操縱匯率-否認美國壓力,面對近期新台幣兌美元匯率劇烈升值，引發市場關注與諸多揣測，台灣中央銀行總裁楊金龍今（5）日下午親自主持記者會，作出七點說明與兩項公開呼籲，,"面對近期新台幣兌美元匯率劇烈升值，引發市場關注與諸多揣測，台灣中央銀行總裁楊金龍今（5）日下午親自主持記者會，作出七點說明與兩項公開呼籲，強調台灣央行未操縱匯率，並呼籲市場各方理性看待匯市變動。

台媒《中央社》報道，楊金龍表示，近期新台幣匯率波動受到多重因素影響，但央行政策透明一致，未參與任何操控性行為，強調「央行不會操縱匯率，近年來台灣也沒有被列為匯率操縱名單」，並在記者會上做出7點說明。

楊金龍首先強調台灣經濟基本面良好，並引台灣主計總處統計，台灣去年經濟成長率初步統計為4.59%，今年第一季概估為5.37%，均優於美國、中國、新加坡與韓國等主要經濟體。

第二，楊金龍表示，今年以來，金融市場逐步修正去年10月興起的特朗普交易，不過4月9日至今，美國總統特朗普宣布對等關稅暫緩90天實施，並開始與主要貿易對手國協商，全球股市回溫；此期間外資匯入資金投資台股，加上廠商因新台幣升值預期心理而增加美元供給，使得今年至5月5日，新台幣對美元匯率波動幅度擴大。

第三，楊金龍強調，台灣央行並未參與台美經貿工作小組，美國財政部也未要求新台幣升值。楊金龍指出，台美貿易順差擴大主要反映美國對台資通訊產品需求上升，而非匯率變動所致。楊金龍重申，央行不會操縱匯率，近年來台灣也沒有被列為匯率操縱名單。

第四，針對市場傳言所謂「海湖莊園協議」（Mar-a-Lago Accord）將涉及貨幣升值或百年債券轉換，楊金龍指出此為市場臆測。白宮經濟顧問米蘭（Stephen Miran）也已澄清，百年債構想並非特朗普政府當前政策。

第五，關於美國換債問題，楊金龍援引美國財長貝森特（Scott Bessent）說法指出，美方並無相關計劃。楊金龍提及，美國財政部今年4月30日公布第2季再融資聲明稿及webcast記者會指出，預計未來維持原有發債計劃，也未提及百年債券或外國持有美國公債課稅等議題。

第六，楊金龍呼籲市場評論人員「切勿以臆測方式，評論國內匯市相關議題」，以免影響匯市秩序與穩定，甚至波及實體經濟。

第七，楊金龍代表台灣央行，呼籲廠商勿輕信過度誇大或不實的市場分析，產生非理性預期而貿然拋匯，最終恐損及自身利益。"
60235551,譚公誕｜筲箕灣今早有慶祝活動　巡遊、醒獅吸引大批巿民圍觀,2025-05-05 17:51,2025-05-05 19:12,2025-05-05 20:15,社會新聞,hk01,https://www.hk01.com/18區新聞/60235551/譚公誕-筲箕灣今早有慶祝活動-巡遊-醒獅吸引大批巿民圍觀,今日（5日）農曆四月初八除了是佛誔，亦是譚公誕，港島筲箕灣一帶有巡遊、舞龍、醒獅等慶祝活動，吸引大批巿民圍觀。「譚公」為另一位海神　筲箕灣,"今日（5日）農曆四月初八除了是佛誔，亦是譚公誕，港島筲箕灣一帶有巡遊、舞龍、醒獅等慶祝活動，吸引大批巿民圍觀。

「譚公」為另一位海神筲箕灣譚公廟歷史最悠久

每年農曆四月初八除了是佛誕外，亦是譚公誕，紀念天后以外另一位海神「譚公」。全港歷史最悠久的筲箕灣譚公廟，舉辦「東區慶賀譚公寶誕2025」一系列活動，包括綜藝表演、粵劇神功戲、醒獅比賽等。

12頭醒獅隊伍表演多項花式

儀式早上在筲箕灣金華街舉行，吸引大批巿民圍觀。12頭醒獅組成的隊伍表演了多項花式，包括梅花椿及一柱擎天，又向觀眾展示祝福語，巡遊隊伍之後沿東大街步行到譚公廟上香祈福。

巡遊歷時約七小時，而譚公誕活動歷時九日，之前已舉行「迎神」及粵劇晚會等。"
60235527,中年好聲音3｜七強名單誕生　趙浚承奪回合冠軍+MVP 逆轉勝,2025-05-05 17:45,2025-05-05 18:46,2025-05-05 20:15,即時娛樂,hk01,https://www.hk01.com/即時娛樂/60235527/中年好聲音3-七強名單誕生-趙浚承奪回合冠軍-mvp-逆轉勝,《中年好聲音3》昨晚（4日）「經典情歌」8強戰競爭激烈，最終趙浚承因為真情獻唱《Forever Love》給到現場打氣的太太，成功打動所有評審獲得98分，,"《中年好聲音3》昨晚（4日）「經典情歌」8強戰競爭激烈，最終趙浚承因為真情獻唱《Forever Love》給到現場打氣的太太，成功打動所有評審獲得98分，除成本回合第一名，還同時獲嘉賓評審王馨平頒發MVP，令他本回合獲得14分累積分數；至於向來以唱功取勝的王鄭浚仁，獻唱《I Will Always Love You》雖然歌唱技巧獲一再肯定，可惜卻因評審整體感覺「情感不足」僅獲88分，成本回合最低分，累積分數僅得5分。

由於趙浚承與王鄭浚仁本回合累積分數相差9分，二人總累積分數排名出現戲劇性變化。原本以3分落後王鄭浚仁、以25分總累積分數排名第八名的趙俊承，經過本回合總累積分數激增至39分，由原本的第八名躍升至第六名。至於原本以28分排名第七名的王鄭浚仁，因本回合只得5分累積分，結果以總累積分數33分排名第八名，成為今集被淘汰選手。最終，殺入七強的選手依次為（根據總累積分數排名由高至低）黃博、張與辰、劉洋、李金凱、陳芷盈、趙浚承及占士丁丁。

對於成為《中年好聲音3》第八名，王鄭浚仁笑言是「光榮畢業」：「我好想多謝我媽媽每一集都有捧我場、Message我同埋鼓勵我。第八強，我覺得我自己係光榮畢業，接落嚟我會愈唱愈強，證明畀大家睇王鄭浚仁係非常識唱歌嘅。」之後還大方擁抱及感激趙浚承，笑指二人因經歷了一場又一場不相上下的比拼，成為不可分割的戰友：「我哋依家有個新名叫做『王鄭浚承』，其實好多時我哋分數都好接近，同埋我哋兩個都係迷失緊，所以我哋都會互相鼓勵，今次見到浚承可以攞到MVP，真係戥佢好開心，好正呀！」

而抱著隨時被Foul心態、放盡一唱的趙浚承，對於榮獲MVP大為感動，並淚流披面多謝太太一直以來的支持及包容：「多謝咁多位評審老師，一步一步幫我搵番個自信。今日呢個MVP係我老婆嘅，謝謝！『老婆，在那麼多個月的比賽過程，我沒有太多時間去照顧孩子，多謝老婆』。」

趙太在台下聽時亦表現得相當感動，一再掩臉兼熱淚盈眶。談到頒發MVP準則，王馨平直指因覺得趙浚承有突破：「MVP應該係今晚令我哋覺得有所突破嘅，所以我鍾意降龍十八掌（指趙浚承）！」對於昨晚戲劇性賽果，網上引發熱議，有網民為王鄭八強止步感到可惜，亦有網民大讚趙浚承確是大躍進：「韓國人（趙浚承）呢幾Round的確進步咗好多」、「浚承係唱得好聽，冇（無）話可說」、「今集趙同金係唱得都好喎」、「王鄭雖敗猶榮」。

昨晚大熱門劉洋及李金凱亦同樣獲得了96分高分及高度評價，反觀被指魔王級的黃博則僅獲92分排名第四，令人更期待總決賽當晚7位選手的臨場表現及變數。"
60235547,女排｜朱婷重回歐洲再締大滿貫成史上唯一　十個錦標記載人生跌宕,2025-05-05 17:44,2025-05-05 18:04,2025-05-05 20:15,即時體育,hk01,https://www.hk01.com/即時體育/60235547/女排-朱婷重回歐洲再締大滿貫成史上唯一-十個錦標記載人生跌宕,當中國女排在新帥趙勇上任忙着組軍同時，正在意大利聯賽效力的主攻手朱婷，率領勁旅科內利亞諾（Imoco Volley Conegliano）征戰歐洲冠軍球會盃，昨,"當中國女排在新帥趙勇上任忙着組軍同時，正在意大利聯賽效力的主攻手朱婷，率領勁旅科內利亞諾（Imoco Volley Conegliano）征戰歐洲冠軍球會盃，昨日（4日）在決賽擊敗另一支意大利班霸斯坎迪奇（Savino Del Bene SCANDICCI），個人第3次高舉歐冠獎盃。

歐冠是科內利亞諾今季第5冠，球會之前已贏得意大利超級盃、世界冠軍球會盃、意大利盃及聯賽，首次締造大滿貫霸業，這次大滿貫亦令朱婷的排球生涯達到新高峰，寫下一頁「史上唯一」。

史上僅得兩間女排球會曾在一季內奪得五項錦標完成大滿貫，對上一支是2017/18球季的土耳其球會華基夫銀行，朱婷正是當時主力之一。

換言之，今次是朱婷排球生涯第二次大滿貫，她是史上唯一一個達此成就的女子排球運動員。

回看兩次大滿貫，今次對朱婷來說別具意義——由2016里約奧運首奪金牌後，加盟土耳其頂級聯賽延續生涯高峰，此後返回家鄉天津征戰中國聯賽，右手手腕終於敵不過長年勞損而受傷，兵敗東京奧運，曾經備受萬千寵愛的中國女排最強主攻，頓時變成內地球迷「箭靶」；不過她亦趁這段時間學會愛惜自己，完成手腕手術專心養傷，之後重回歐洲落班，簽約意大利班霸斯坎迪奇，去年轉會科內利亞諾，與巴西國手嘉比、瑞典得分王赫姬（Isabelle Haak）等高手，組成堪稱女排界「銀河艦隊」，力爭各項錦標。

再次回到歐洲的朱婷，不再是昔日二十出頭的當打新貴，已成年屆三十的老將。但不變的是，她依然是火力驚人的強勁大槌。

觀乎歐冠盃決賽一役，科內利亞諾以25：16、25：21及25：19輕取斯坎迪奇，朱婷、嘉比和赫姬是得分三巨頭，朱婷取得全隊次高的14分，嘉比和赫姬分奪11分和全隊最高21分，三人皆是奪冠功臣。

盡攬最強兵器的科內利亞諾，今季狂掃意大利超級盃、世界冠軍球會盃、意大利盃、聯賽冠軍和歐洲冠軍盃，達成大滿貫，朱婷賽後表示：「這座歐冠盃是我受傷後奪得的，我感覺自己心態更沉穩。對我來說，不知如何定義『巔峰期』這個概念，這是關於一個人的沉澱。無論狀態如何，都要享受當下、享受比賽。」"
60235543,旺角女子疑遭摸臀非禮拒啞忍　熱心情侶助擒人　警拘涉案55歲男,2025-05-05 17:43,2025-05-05 18:16,2025-05-05 20:15,突發,hk01,https://www.hk01.com/突發/60235543/旺角女子疑遭摸臀非禮拒啞忍-熱心情侶助擒人-警拘涉案55歲男,旺角發生非禮案。一名女子在社交平台threads發文，指昨晚（4日）在彌敦道橫過馬路時，遭一名男子以手觸碰其左邊臀部，有人更折返欲重施故技，幸她,旺角發生非禮案。一名女子在社交平台threads發文，指昨晚（4日）在彌敦道橫過馬路時，遭一名男子以手觸碰其左邊臀部，有人更折返欲重施故技，幸她及時避開，並一邊尾隨該名男子，一邊致電報警，同時高呼非禮，期間有一對情侶協助出手截停該男子。她指過往曾在港鐵遇上同類事件，故今次不再啞忍；獲網民稱讚行為勇敢。
60235522,岳母控訴洗碗遭女婿從後頂撞致子宮膀胱下垂　索償166萬判決曝光,2025-05-05 17:39,2025-05-05 19:00,2025-05-05 20:15,熱爆話題,hk01,https://www.hk01.com/台灣新聞/60235522/岳母控訴洗碗遭女婿從後頂撞致子宮膀胱下垂-索償166萬判決曝光,台灣新竹張姓婦人控訴洗碗時，遭女婿范男衝撞致身體多處瘀傷，甚至引發子宮、膀胱及直腸下垂等問題，憤而求償650萬元（台幣，下同；折合約166萬港,"台灣新竹張姓婦人控訴洗碗時，遭女婿范男衝撞致身體多處瘀傷，甚至引發子宮、膀胱及直腸下垂等問題，憤而求償650萬元（台幣，下同；折合約166萬港幣）。不過新竹地院審理後認定多數症狀與范男行為無因果關係，僅判賠醫療費3萬578元及精神慰撫金7萬元，合計10萬578元。

張婦指出，2023年3月2日晚間8時30分許，她在新竹縣女婿住處廚房洗碗，兩人因家庭瑣事爭執，范男竟以肚子頂撞她後背，把她壓在洗手台前，導致她胸壁疼痛及四肢多處瘀青，事後又出現持續腹瀉及泌尿、婦科症狀，累積醫療費逾7萬元。

范男坦承衝撞岳母一事，刑事部份也被依傷害罪判拘役40日，得易科罰金。不過范男仍主張，他僅是輕微碰撞，張婦所稱部份傷病並非其所致。

【相關圖輯】

法官認為，張婦主張與范男衝撞行為相關的直腸下垂、泌尿障礙等，未提出醫療證據證實與衝撞有關，另就部份泌尿及婦科症狀，就診距離事發已逾半年，亦難認具因果關係。

不過法官認為，張婦因衝撞受傷後需多次就醫，身體確受影響，精神上亦受痛苦，范男作為女婿，對長輩未能理性應對反而出手衝撞，違背人倫親情，判范男需賠償岳母精神慰撫金7萬元、醫療費3萬578元，合計共10萬578元，其餘駁回。

【相關圖輯】

延伸閱讀：

今年第一號颱風恐生成不利梅雨鋒面形成？氣象署回應了

王品「身份證兩個2」送A5和牛！丸龜「烏龍麵買1送1」

【本文獲「"
60235540,長洲太平清醮｜外國青年首任飄色持旗手：機會難逢　冀明年再參與,2025-05-05 17:34,2025-05-05 18:03,2025-05-05 20:15,社會新聞,hk01,https://www.hk01.com/社會新聞/60235540/長洲太平清醮-外國青年首任飄色持旗手-機會難逢-冀明年再參與,【長洲/太平清醮/太平清醮2025/搶包山/長洲船期】今日（5日）是五一黃金周的最後一日，亦是長洲太平清醮，重頭戲飄色巡遊下午在長洲島上進行。有在,"【長洲/太平清醮/太平清醮2025/搶包山/長洲船期】今日（5日）是五一黃金周的最後一日，亦是長洲太平清醮，重頭戲飄色巡遊下午在長洲島上進行。有在港工作的外國人獲邀為飄色隊伍擔任持旗手，大讚是絕佳的文化體驗，又形容是一生中難得的一次機會（once in a lifetime），明年若繼續在港，一定會再參與。

長洲太平清醮重頭戲飄色巡遊由下午一時半開始，隊伍出發來回島上的大街小巷，今年共有8個團體參與，總共約20台飄色。其中長洲體育會的飄色隊伍，出現兩位非常亮眼的持旗手，原來是來自法國的Justin及來自美國的Hugo。

Justin表示，他們現時在港工作，有同事是長洲居民，受對方所邀，因此今日到場參與。在烈日下，二人滿頭大汗，Hugo表示，雖然今日天氣的確炎熱，但認為仍是絕佳的文化體驗，又形容為「一生中難得的一次機會（Once in a lifetime），因此覺得十分值得，若明年仍在港，一定會再參與。

巡遊吸引不少市民圍觀，不少人不約而同表示，最喜歡以哪吒為主題的飄色。江祉逴與媽媽和妹妹在新興街觀賞飄色巡遊，他最喜歡踩着風火輪的哪吒飄色台，認為「好似，同套戲差唔多」。

本月從廣東搬入長洲的陳小姐今日首次看飄色巡遊，她認為飄色主題融入了運動員、政要、動畫角色等，非常多元化和有趣。她和子女最喜歡「哪吒」，覺得非常可愛生動。她認為今日長洲特別多人，氣氛相當熱鬧。雖然天氣炎熱，惟陳小姐和小朋友都十分投入，稱是「難得一遇的盛事，大家都很開心。」

首次觀看巡遊的張小姐亦認為今日氣氛熱鬧，她拿出彩帶，不時跟色芯小朋友加油打氣。她指最喜歡哪吒主題，因為最可愛有趣。

郭先生今年首次觀看飄色巡遊，認為氣氛相當熱鬧。他認為「加風正茂」隊伍最為出眾，因為說出很多港人反對公院加價的心聲，小演員亦十分可愛。此外，他指「逃出K嶇」以豬隻裝飾象徵「賣豬仔」亦十分有創意。"
60235473,獵金遊戲｜劉德華罕談12歲女兒　劉向蕙向同學「曬爸」竟無人相信,2025-05-05 17:30,2025-05-05 17:30,2025-05-05 20:15,電影,hk01,https://www.hk01.com/電影/60235473/獵金遊戲-劉德華罕談12歲女兒-劉向蕙向同學-曬爸-竟無人相信,劉德華日前為宣傳新電影《獵金·遊戲》接受電影頻道專訪時，罕見分享了12歲女兒劉向蕙在學校「曬爸」的趣事，引發外界關注。【圖輯】罕談12歲女兒劉,"劉德華日前為宣傳新電影《獵金·遊戲》接受電影頻道專訪時，罕見分享了12歲女兒劉向蕙在學校「曬爸」的趣事，引發外界關注。

【圖輯】罕談12歲女兒劉向蕙！點圖放大看劉德華怎麼說👇👇👇

63歲的劉德華在專訪中透露，女兒劉向蕙曾在學校向同學表示「我爸爸是劉德華」，但同學們都不相信，主持人問：「那女兒有要求你來給她證明一下嗎？」他回：「好玩而已。」考慮到可能會引起騷動，因此作罷。

【圖輯】點圖放大看更多劉德華昔日靚相👇👇👇

劉德華在訪談中也分享了自己粉絲群的特色：「現在我歌迷會（後援會）有幾個月大的會員，年齡最大是92歲，年齡層很寬，他們都是一家人來看我，這種感覺很奇妙。」他表示，當聽到有歌迷說從3歲就喜歡他時，他會去思考3歲幼兒對明星的認知，認為可能只是在那時就「知道」劉德華這個人。

【圖輯】點圖放大看更多《獵金·遊戲》劇照👇👇👇

一向低調保護家人的劉德華，在帶女兒外出時會希望外界不要特意關注，給予女兒隱私空間。不過，去年（2024年）劉向蕙曾現身父親在香港紅磡體育館舉辦的演唱會，當時僅憑一雙水汪汪大眼就被現場歌迷認出。據了解，劉向蕙的同學也在演唱會現場，這似乎成為了最好的「天王老爸」身份證明。

【相關圖輯】

延伸閱讀：

罷免領銜人陳曉煒拒絕辯論牛煦庭5點回應：怯戰！

【本文獲「"
60235526,特朗普證實提議派兵駐墨西哥打擊販毒　諷墨總統「害怕毒販」拒絕,2025-05-05 17:30,2025-05-05 17:30,2025-05-05 20:15,即時國際,hk01,https://www.hk01.com/即時國際/60235526/特朗普證實提議派兵駐墨西哥打擊販毒-諷墨總統-害怕毒販-拒絕,美國總統特朗普（Donald Trump，又譯川普）5月4日證實自己曾向墨西哥總統欣鮑姆（Claudia Sheinbaum）提議派駐美兵進駐墨西哥打擊毒品販運，他強調,"美國總統特朗普（Donald Trump，又譯川普）5月4日證實自己曾向墨西哥總統欣鮑姆（Claudia Sheinbaum）提議派駐美兵進駐墨西哥打擊毒品販運，他強調原因在於販毒集團恐怖，令數千人死亡，並推測欣鮑姆因過於害怕「以至於無法正常思考」，才做出拒絕自己的幫助的舉動。

特朗普在當日乘總統專機返回華盛頓途中回應事件，他形容欣鮑姆是「可愛的女性」，還補充如若墨西哥日後需要幫助打擊販毒集團，「我很榮幸能夠效勞（ I would be honored to go in and do it）」。

欣鮑姆日前披露事件時，指自己出於維護墨西哥主權而回絕特朗普提議，強調願與美國合作，但雙方應在各自國境內行事，還希望特朗普能夠阻止美國武器流入墨西哥，以免助長暴力與販毒。

她此番表態最早源於《華爾街日報》5月2日報道，其中披露特朗普的派兵幫助墨西哥禁毒的提議。"
60235512,NBA季後賽｜畢地希特狂灌9球三分　助勇士關鍵戰挫火箭闖西岸四強,2025-05-05 17:15,2025-05-05 17:47,2025-05-05 20:15,即時體育,hk01,https://www.hk01.com/Jumper/60235512/nba季後賽-畢地希特狂灌9球三分-助勇士關鍵戰挫火箭闖西岸四強,NBA季後賽西岸首圈，勇士與火箭本港時間周一（5日）早上上演搶7關鍵戰。憑藉奇兵畢地希特（Buddy Hield）挺身而出轟入9記三分球、包辦33分，助勇士,"NBA季後賽西岸首圈，勇士與火箭本港時間周一（5日）早上上演搶7關鍵戰。憑藉奇兵畢地希特（Buddy Hield）挺身而出轟入9記三分球、包辦33分，助勇士淘汰火箭躋身西岸四強，將遇上淘汰湖人的6號種子明尼蘇達木狼。

勇士主將史提芬居里首節遭火箭死守，單節4投0中並未得分，反而祖蒙特格連及畢地希特首節各入兩球三分，助勇士打完首節取得23：19領先。戰至第二節，勇士更靠畢地希特三分火力全開，把領先差距擴大到14分，打完半場，勇士51：39領先，畢地希特攻入半場6球三分球、獨取22分。

勇士雖在第三節一度擴大領先到15分，但其後火箭卻打出一波14：4的攻勢追上，儘管畢地希特突然「啞火」，但上半場僅拿3分的居里卻及時找回手感，助勇士重新擴大領先優勢到雙位數，甚至在比賽末段勇士打出10：0的小高潮，在最後2分半鐘擴大領先優勢至20分，作客將火箭淘汰。

勇士祖蒙特格連今天15投7中，貢獻16分、6籃板及5助攻，特別在進攻表現令人驚喜，不過勇士今日大部分得分都來自正選，板凳陣容只有卡科隆尼（Kevon Looney）取得3分，相信卡爾教練仍然需要花時間找出更多得分點。落敗的火箭則以亞文湯臣（Amen Thompson）24分最高，辛古恩（Alperen Sengun）21分、14籃板，雲菲特（Fred VanVleet）17分、7籃板。"
60226573,曾為「大男人」說話很傷人！怎知婚後竟為太太、孩子作180度轉變,2025-05-05 17:02,2025-05-05 17:04,2025-05-05 20:15,熱爆話題,hk01,https://www.hk01.com/親子/60226573/曾為-大男人-說話很傷人-怎知婚後竟為太太-孩子作180度轉變,結婚後真的能改變一個男人的個性嗎？一名男網友發文，稱他原本是「大男人主義」的人，但在結婚後，開始為了老婆學美甲、洗頭、編髮，甚至因為老婆懷,"結婚後真的能改變一個男人的個性嗎？一名男網友發文，稱他原本是「大男人主義」的人，但在結婚後，開始為了老婆學美甲、洗頭、編髮，甚至因為老婆懷孕學會最不會的烹飪和烘焙，變得非常溫柔，巨大的變化讓他自己也感到吃驚，對此許多網友紛紛稱讚他是「好男人」。

一名男網友在Dcard發文，表示他原本是「大男人主義」的人，講話很傷人、很自私，也不認為自己需要改變。但在結婚之後，他開始會配合懷孕老婆的作息排假，下班很累也會陪老婆，開始幫她洗頭、編髮，甚至只因老婆說「很想試試看美甲」而學習美甲。事主表示，老婆懷孕後，他開始學習如何保養孕婦身體，學會了他最不擅長的烹飪和烘焙，煮一些孕婦適合吃的食物。

事主接着說，孩子出生後，他會幫兒子換尿布、泡奶粉、洗澡，很多家事都是他和老婆分工，個性也變得很溫柔，很多朋友說他「變了」，他也發現自己的變化，並認為是「婚姻」和「孩子」的愛讓他改變，變得連他自己都不認識自己。

此文一出，不少網友誇讚事主是真男人：

也有網友分享另一半或自己結婚後的變化：

人妻洗衫洗出老公衫袋2千蚊！原來是他特意安排浪漫背後有段故

婚姻｜被抱怨不做家務人妻索性去兩日旅行用事實證明給老公看

延伸閱讀：

結婚就靠心動瞬間？她1句話「好婆」融化男友 過來人勸冷靜：聽到麻痺

到底娶不娶？她將步入30歲 男友頻喊「先買房」卻遲不結婚

【本文獲"
