id,title,url,section,news_type,lead,date,source,scrape_time
60215418,兒童易感染！廣東錄2328宗猩紅熱　全身紅疹、舌頭呈「草莓樣」,https://www.hk01.com/即時中國/60215418/兒童易感染-廣東錄2328宗猩紅熱-全身紅疹-舌頭呈-草莓樣,即時中國,article,隨着多地開學，猩紅熱疫情頻繁出現。廣東省疾病預防控制局表示，全省1月累計錄得猩紅熱2328宗。綜合內媒報道，不少廣東的家長都表示自家孩子中招猩,2025-03-01 11:07,hk01,2025-03-01 11:14
60215407,天文台｜明日至周一潮濕有霧最高25度　下周三起氣温逐降低至16度,https://www.hk01.com/天氣/60215407/天文台-明日至周一潮濕有霧最高25度-下周三起氣温逐降低至16度,社會新聞,article,一股潮濕的海洋氣流正影響廣東沿岸。天文台預測本港今日(3月1日)大致多雲。日間部分時間有陽光及相當溫暖，最高25度。晚上有一兩陣微雨及薄霧。吹,2025-03-01 11:04,hk01,2025-03-01 11:14
60215136,名牌袋美女啟德問阿叔攞錢！港男緊追拍片　她崩潰蹲地：求你別拍,https://www.hk01.com/熱爆話題/60215136/名牌袋美女啟德問阿叔攞錢-港男緊追拍片-她崩潰蹲地-求你別拍,熱爆話題,article,有錢用名牌卻四處問途人要錢？近日有港男在啟德發現1名使用名牌背囊女子疑向途人索取金錢，且專向年長男性出手，在問了兩三個人後就成功拿到錢。港,2025-03-01 11:02,hk01,2025-03-01 11:14
60215410,特朗普晤澤連斯基爆罵戰　歐洲各國挺烏　意大利籲開峰會化解分歧,https://www.hk01.com/即時國際/60215410/特朗普晤澤連斯基爆罵戰-歐洲各國挺烏-意大利籲開峰會化解分歧,即時國際,article,烏克蘭總統澤連斯基（Volodymyr Zelensky）2月28日訪問白宮與美國總統特朗普（Donald Trump，又譯川普）會晤，惟雙方會談時卻演變成罵戰。澤連斯基,2025-03-01 11:00,hk01,2025-03-01 11:14
60215310,73歲洪金寶聚餐紅光滿面　同場男星只細1歲黑髮濃密凍齡力驚人,https://www.hk01.com/即時娛樂/60215310/73歲洪金寶聚餐紅光滿面-鍾鎮濤只細1歲黑髮濃密凍齡力驚人,即時娛樂,article,現年73歲的「大哥大」洪金寶縱橫影壇超過60年，拍過不少經典作品，但隨着年齡增長，身體狀況不如以往，近年受糖尿病困擾的他過着半退休生活，不時,2025-03-01 11:00,hk01,2025-03-01 11:14
60212928,Facebook直播影片僅保留30天　4招備份必學　還有這延長刪除方法,https://www.hk01.com/實用教學/60212928/facebook直播影片僅保留30天-4招備份必學-還有這延長刪除方法,好生活,article,從2月19日起，所有新上傳的直播影片，可在直播後 30 天內在粉絲專頁或個人檔案上重播、下載或分享，之後將自動刪除，該怎麼饋速備份？教學一次看！,2025-03-01 11:00,hk01,2025-03-01 11:14
60215414,美財長：墨西哥提出配合美國　擬對華產品徵收相同關稅,https://www.hk01.com/即時國際/60215414/美財長-墨西哥提出配合美國-擬對華產品徵收相同關稅,即時國際,article,美國財長貝森特（Scott Bessent）2月28日表示，墨西哥提出向中國產品徵收與美國相同的關稅，他形容這個提議「很有趣」，並認為加拿大應該跟隨。路,2025-03-01 10:49,hk01,2025-03-01 11:14
60215408,啟德體育園開幕｜政府稱尚有3000張門票未換實體票　今午3時截止,https://www.hk01.com/社會新聞/60215408/啟德體育園開幕-政府稱尚有3000張門票未換實體票-今午3時截止,社會新聞,article,"啟德體育園今日（1日）開幕，典禮於晚上6時半在主場館舉行，將會有3萬多名觀眾可以入場觀看開幕禮及表演。文體旅局稱，8,500張出售門票中，仍有3,0",2025-03-01 10:35,hk01,2025-03-01 11:14
60215409,西環運冰粒貨車撞女途人　傷者送院治理,https://www.hk01.com/突發/60215409/西環運冰粒貨車撞女途人-傷者送院治理,突發,article,西環士美菲路發生交通意外，今日（1日）上午9時26分，一輛運冰粒的貨車在士美菲路右轉科士街燈位，撞倒一名過路女子。傷者頭及頸部受創，清醒由救,2025-03-01 10:34,hk01,2025-03-01 11:14
60214769,51歲歌王驚揭20年前目擊UFO「距離非常近」曾傳出被外星人綁架,https://www.hk01.com/即時娛樂/60214769/robbie-williams驚揭20年前目擊ufo-曾傳出被外星人綁架,即時娛樂,article,51 歲的英國歌手Robbie Williams日前接受《Weaponized》博客訪問時強調，自己對於外星生命深信不疑，他提起大約20年前，曾經目擊兩個不明飛行物體,2025-03-01 10:30,hk01,2025-03-01 11:14
60215405,預算案｜研向陸路離境私家車徵稅惹內地不滿？　陳茂波：純粹猜測,https://www.hk01.com/政情/60215405/預算案-研向陸路離境私家車徵稅惹內地不滿-陳茂波-純粹猜測,政情,article,財政司司長陳茂波今日（1日）繼續向公眾講解最新一份預算案內容，被問及有報道指內地不滿預算案提出研究向由陸路離境的私家車徵收200元邊境建設費,2025-03-01 10:28,hk01,2025-03-01 11:14
60215403,澤連斯基訪美罵戰收場　被逐出白宮　可能是件好事？,https://www.hk01.com/國際分析/60215403/澤連斯基訪美罵戰收場-被逐出白宮-可能是件好事,國際分析,article,2月28日，烏克蘭總統澤連斯基（Volodymyr Zelensky）訪問白宮，與上周才罵他是「獨裁者」的特朗普（Donald Trump）同坐面對記者。本來這只是兩人會,2025-03-01 10:20,hk01,2025-03-01 11:14
60215404,湖南油污清理船撞客船11死5失蹤　事發影片曝光,https://www.hk01.com/即時中國/60215404/湖南油污清理船撞客船11死5失蹤-事發影片曝光,即時中國,article,湖南省懷化市沅陵縣發生重大船難，一起油污清理船與客船相撞，導致客船側翻沉沒，截至2月28日晚間，已知11人死亡，尚有5人未找到。內媒報道指，2月,2025-03-01 10:19,hk01,2025-03-01 11:14
60215406,荃灣路保時捷私家車與貨車相撞　司機送院進行血液樣本測試,https://www.hk01.com/突發/60215406/荃灣路保時捷私家車與貨車相撞-司機送院進行血液樣本測試,突發,article,今日（1日）上午8時許，葵涌荃灣路近興芳路行車天橋上，冷藏貨車司機報案，指與一輛保時捷私家車相撞。警方到場調查期間，私家車司機未有即進進行,2025-03-01 10:18,hk01,2025-03-01 11:14
60214891,不一定戴Rolex！真．有錢人5大消費特徵　買錶去旅行會這樣花費,https://www.hk01.com/職場/60214891/不一定戴rolex-真-有錢人5大消費特徵-買錶去旅行會這樣花費,熱爆話題,article,身邊的人誰深藏不露？一名網友在Dcard上分享「辨識真的有錢人」的方法，聲明其實很多「特徵」不一定看起來昂貴，只是多數普通人不太會撥預算在上面,2025-03-01 10:00,hk01,2025-03-01 11:14
60215369,香港新方向﹒財政預算案｜慳家難解困局　結構轉型方能重塑信心,https://www.hk01.com/01論壇/60215369/香港新方向-財政預算案-慳家難解困局-結構轉型方能重塑信心,01論壇,article,來稿作者：劉暢香港財政司司長陳茂波公佈的2025-26年度財政預算案，在「穩健」基調下，希望在應對財政赤字和推動經濟結構轉型之間找到平衡點，預算,2025-03-01 10:00,hk01,2025-03-01 11:14
60215401,薄扶林置富道專線小巴撞女途人　重傷昏迷送院搶救,https://www.hk01.com/突發/60215401/薄扶林置富道專線小巴撞女途人-重傷昏迷送院搶救,突發,article,今日（1日）早上8時49分，薄扶林置富道13號網球場對開發生車禍。一輛綠色專線小巴撞倒一名老婦，傷者昏迷不醒，送往瑪麗醫院搶救。現場是置富道置,2025-03-01 10:00,hk01,2025-03-01 11:14
60214339,手機保護貼買貴便對？內行人踢爆虛假話術：產地造假、價格隨便開,https://www.hk01.com/數碼生活/60214339/手機保護貼買貴便對-內行人踢爆虛假話術-產地造假-價格隨便開,好生活,article,近年來，越來越多消費者為了保護手機螢幕，選擇購買玻璃保護貼。然而，有手機配件門市的資深從業人員透露，市面上號稱「日本製」、「歐美製」的玻璃,2025-03-01 10:00,hk01,2025-03-01 11:14
60214855,在街遇小孩吵鬧別跟他父母爭執！他用一招「靠眼神」孩子即刻收聲,https://www.hk01.com/親子/60214855/在街遇小孩吵鬧別跟他父母爭執-他用一招-靠眼神-孩子即刻收聲,熱爆話題,article,你也有在公共場所，遇到小孩吵鬧的經驗嗎？台灣知名作家苦苓表示，若在公共場合遇到小孩吵鬧，不需要和孩子的父母起爭執，只要做到這件事，就可以立,2025-03-01 10:00,hk01,2025-03-01 11:14
60215309,74歲資深女星素顏樣流出超真實　冇晒星味貼地似足慈祥老奶奶,https://www.hk01.com/即時娛樂/60215309/74歲資深女星素顏樣流出超真實-冇晒星味貼地似足慈祥老奶奶,即時娛樂,article,內地影后劉曉慶雖已74歲，但其保養得宜，近年不時被指回春，越活越年輕還挑戰少女裝扮，引起不少話題。近日，她就獲邀現身美國出席活動，罕有地素,2025-03-01 10:00,hk01,2025-03-01 11:14
60215279,高鐵為何白天要開車頭燈？　是照明又是警示提醒,https://www.hk01.com/藝文中國/60215279/高鐵為何白天要開車頭燈-是照明又是警示提醒,藝文中國,article,大家使用高鐵出行時，有否留意到列車即使在大白天行駛，也一定會亮起前照燈（車頭燈），這不浪費電力嗎？是照明　又是警示提醒高鐵列車白天開着前照,2025-03-01 10:00,hk01,2025-03-01 11:14
60215398,澤連斯基訪白宮爆罵戰　路透社：特朗普無意重啟礦產協議,https://www.hk01.com/即時國際/60215398/澤連斯基訪白宮爆罵戰-路透社-特朗普無意重啟礦產協議,即時國際,article,烏克蘭總統澤連斯基（Volodymyr Zelensky）2月28日訪問白宮，原定與美國總統特朗普（Donald Trump，又譯川普）簽署烏克蘭礦產協議，惟雙方會面時卻,2025-03-01 09:51,hk01,2025-03-01 11:14
60215399,內地PMI重返擴張水平　2月升至50.2,https://www.hk01.com/財經快訊/60215399/內地pmi重返擴張水平-2月升至50-2,財經快訊,article,內地PMI重返擴張水平。國家統計局公布，2月份中國製造業採購經理指數(PMI)升至50.2，按月增1.1個百分點。,2025-03-01 09:47,hk01,2025-03-01 11:14
60215394,荃灣的士遭巴士撞上路中花槽　司機乘客被困由消防救出,https://www.hk01.com/突發/60215394/荃灣的士遭巴士撞上路中花槽-司機乘客被困由消防救出,突發,article,今日（1日）上午8時35分，荃灣青山公路發生交意外，據報一輛的士與巴士相撞後，再撞路中花槽石壆。的士司機及女乘客被困，要由消防員救出送院；現,2025-03-01 09:42,hk01,2025-03-01 11:14
60215274,人均GDP拋離「北上廣深」　全國第一的鄂爾多斯在哪裏？,https://www.hk01.com/藝文中國/60215274/人均gdp拋離-北上廣深-全國第一的鄂爾多斯在哪裏,藝文中國,article,內地傳媒常會報道各城市經濟排名，此際總有人好奇，人均GDP排名第一的，是一個叫鄂爾多斯的「四線城市」。鄂爾多斯到底在哪裏？她如何致富？鄂爾多,2025-03-01 09:30,hk01,2025-03-01 11:14
60214431,減肥｜142公斤胖男靠「胃鏡縮胃手術」成功甩肉　醫生：不用開刀,https://www.hk01.com/熱爆話題/60214431/減肥-142公斤胖男靠-胃鏡縮胃手術-成功甩肉-醫生-不用開刀,熱爆話題,article,33歲的林先生因為長期久坐、飲食不規律的習慣，體重一路飆升至142公斤，長年受肥胖困擾，不僅外型感到自卑，也出現高血壓、高血糖等健康問題。透過,2025-03-01 09:30,hk01,2025-03-01 11:14
60215395,美媒：澤連斯基拒穿西裝赴白宮　惹特朗普不滿,https://www.hk01.com/即時國際/60215395/美媒-澤連斯基拒穿西裝赴白宮-惹特朗普不滿,即時國際,article,烏克蘭總統澤連斯基（Volodymyr Zelensky）2月28日與美國總統特朗普（Donald Trump，又譯川普）的會面演變成外交衝突，最終無法達成礦產協議。美媒,2025-03-01 09:12,hk01,2025-03-01 11:14
60214293,喝咖啡「利尿作用令電解質流失」？醫生拆解迷思　揭2類人要留神,https://www.hk01.com/熱爆話題/60214293/喝咖啡-利尿作用令電解質流失-醫生拆解迷思-揭2類人要留神,熱爆話題,article,【咖啡／咖啡因／電解質】咖啡是港人最愛飲品之一，但許多人都曾聽過其利尿作用會導致電解質流失。有台灣醫生發文指出，咖啡因雖會導致腎臟產生更多,2025-03-01 09:10,hk01,2025-03-01 11:14
60215367,來稿｜福利減少動搖中產信心　應推動自願醫保退稅及肺癌篩查計劃,https://www.hk01.com/01論壇/60215367/來稿-福利減少動搖中產信心-應推動自願醫保退稅及肺癌篩查計劃,01論壇,article,來稿作者：張景宜陳茂波公佈了最新的財政預算案，面對近年龐大的財政赤字，政府非不得已要削減開支，從取消2500元學生津貼、調整2元乘車優惠，到提,2025-03-01 09:00,hk01,2025-03-01 11:14
60215201,梁茵捨得放低藝人光環做餐廳實習店長　自爆人工高過TVB,https://www.hk01.com/即時娛樂/60215201/梁茵捨得放低藝人光環做餐廳實習店長-自爆人工高過tvb,即時娛樂,article,梁茵（Kiko）曾於TVB處境劇《愛‧回家之開心速遞》飾演「威龍潘金蓮」而成名，她於2021年正式與TVB結束藝員合約關係！梁茵日前接受《香港01》訪問談,2025-03-01 09:00,hk01,2025-03-01 11:14
60215391,美股三大指數均漲超1%　特斯拉、英偉達漲近4%,https://www.hk01.com/財經快訊/60215391/美股三大指數均漲超1-特斯拉-英偉達漲近4,財經快訊,article,格隆匯3月1日｜美股三大指數集體收漲，道指漲1.39%，本周漲0.95%；納指漲1.63%，本周跌3.47%，標普500指數漲1.58%，本周跌0.98%。大型科技股普漲，,2025-03-01 08:41,hk01,2025-03-01 11:14
60215393,WTI原油期貨2月累跌約3.1%　紐約天然氣累漲將近25%,https://www.hk01.com/財經快訊/60215393/wti原油期貨2月累跌約3-1-紐約天然氣累漲將近25,財經快訊,article,WTI 4月原油期貨收跌0.59美元，跌幅將近0.84%，報69.76美元/桶，本周累計跌約0.91%，2月份累計下跌超過3.08%。布倫特4月原油期貨收跌0.86美元，跌,2025-03-01 08:39,hk01,2025-03-01 11:14
60215392,與特朗普會面變罵戰　澤連斯基：對大家沒好處　沒回應會否道歉,https://www.hk01.com/即時國際/60215392/與特朗普會面變罵戰-澤連斯基-對大家沒好處-沒回應會否道歉,即時國際,article,烏克蘭總統澤連斯基（Volodymyr Zelensky）2月28日訪問白宮，原定與美國總統特朗普（Donald Trump，又譯川普）簽署烏克蘭礦產協議，惟雙方會面時卻,2025-03-01 08:37,hk01,2025-03-01 11:14
60215255,《愛．回家》大隻男星趁假期「兼職」消防員　親述救人心情好興奮,https://www.hk01.com/即時娛樂/60215255/愛-回家-焦浩軒趁假期-兼職-消防員-親述救人心情好興奮,即時娛樂,article,33歲的焦浩軒，在《愛．回家之開心速遞》中飾演「艾頓壯」，大隻靚仔外，仲充滿諧星本色，頗適合在處境劇製造笑料，所以當周嘉洛、吳偉豪外出拍劇,2025-03-01 08:30,hk01,2025-03-01 11:14
60215390,微軟5月停運Skype終結22年營運歷史　舊用戶可免費遷至Teams,https://www.hk01.com/即時國際/60215390/微軟5月停運skype終結22年營運歷史-舊用戶可免費遷至teams,即時國際,article,美國科技公司微軟（Microsoft）周五（2月28日）宣布，旗下即時通訊軟件Skype將在5月5日正式停運，結束自2003年創立以來的營運歷史。據路透社報道，,2025-03-01 08:13,hk01,2025-03-01 11:14
60214451,7歲女童瀡滑梯後「左臉塌陷」　送院後發現中風　需切三分一頭骨,https://www.hk01.com/熱爆話題/60214451/7歲女童瀡滑梯後-左臉塌陷-送院後發現中風-需切三分一頭骨,熱爆話題,article,英國1名爸爸帶患有唐氏綜合症的7歲女兒到公園玩，瀡滑梯後發現女兒左臉竟塌陷，送院檢查發現腦部有大血塊導致腦中風，做手術先後12次取血塊不果，,2025-03-01 08:10,hk01,2025-03-01 11:14
60215378,墨西哥引渡29名毒梟至美國　期望避免關稅生效,https://www.hk01.com/即時國際/60215378/墨西哥引渡29名毒梟至美國-期望避免關稅生效,即時國際,article,墨西哥周五（2月28日）將29名販毒集團首腦引渡到美國，包括涉嫌在1985年殺害美國緝毒局（DEA）特工的Rafael Caro Quintero。誓言打擊美墨邊境非法,2025-03-01 08:06,hk01,2025-03-01 11:14
60214869,掌心劇評｜劉詩詩演另類權謀陸劇跑出　伏筆處處獲豆瓣6.4分好評,https://www.hk01.com/即時娛樂/60214869/掌心劇評-劉詩詩演另類權謀陸劇跑出-伏筆處處獲豆瓣6-4分好評,即時娛樂,article,【掌心】近年來，中國古裝劇市場雖不乏大製作，卻難逃套路化窠臼。權謀爭鬥多陷於宮闈秘史，女性角色常淪為情感附庸。而優酷於2月7日起獨播的《掌,2025-03-01 00:30,hk01,2025-03-01 00:33
60215364,特朗普交易失靈？　Bitcoin自1月高位大跌25%　業界憂慮關稅影響,https://www.hk01.com/即時國際/60215364/特朗普交易失靈-bitcoin自1月高位大跌25-業界憂慮關稅影響,即時國際,article,比特幣﹙Bitcoin﹚自1月歷史高位已回跌超過25%，並持續受壓。在美國總統特朗普（Donald Trump，又譯川普）發出最新關稅威脅後，投資者紛紛轉向安全,2025-03-01 00:24,hk01,2025-03-01 00:33
60215370,特朗普解僱海洋大氣管理局880名員工　外界憂慮應對極端天氣能力,https://www.hk01.com/即時國際/60215370/特朗普解僱海洋大氣管理局880名員工-外界憂慮應對極端天氣能力,即時國際,article,特朗普（Donald Trump，又譯川普）政府正準備解僱數百名負責天氣預測和氣候研究的聯邦政府機構員工，引發美國民眾對政府在預測和應對林火、龍捲風,2025-03-01 00:08,hk01,2025-03-01 00:33
60215071,前男團成員結束12年愛情長跑宣佈結婚　二人並肩捱過低潮修成正果,https://www.hk01.com/即時娛樂/60215071/鼓鼓大元結婚-結束愛情長跑宣佈結婚-二人並肩捱過低潮修成正果,即時娛樂,article,男團「MP魔幻力量」前成員鼓鼓（呂思緯）跟大元（林艾璇）交往期間始終不認，去年3月在演唱會上求婚，近日透過社群宣布登記結婚，鼓鼓表示26號是兩,2025-03-01 00:01,hk01,2025-03-01 00:33
60215365,小薯茄事件健身教練William家中燒炭　新婚妻FaFa登門揭發,https://www.hk01.com/即時娛樂/60215365/小薯茄事件健身教練william家中燒炭-新婚妻fafa登門揭發,即時娛樂,article,網紅健身教練William徐偉霖日前捲入桃色糾紛，被新婚妻子FaFa Tse揭發與小薯茄吳冰（阿冰）胞妹吳泳有不倫關係，引來不少人關注。今日（28日）下午,2025-02-28 23:45,hk01,2025-03-01 00:33
60215321,于正認可兩大頂流顏值達最頂級　圈中早已盛名：好看的已經不行了,https://www.hk01.com/即時娛樂/60215321/于正認可兩大頂流顏值達最頂級-圈中早已盛名-好看的已經不行了,即時娛樂,article,內地「金牌監製」于正製作過不少劇集亦捧紅過許多演員，見過的美女級演員多不勝數。然而，近日他就在直播中大談圈中美女，認可古力娜扎和Angelabab,2025-02-28 23:30,hk01,2025-03-01 00:33
60214682,噴血美女會計師轉做「出租女友」逆轉人生　還登《Playboy》封面,https://www.hk01.com/熱爆話題/60214682/噴血美女會計師轉做-出租女友-逆轉人生-還登-playboy-封面,熱爆話題,article,澳洲一名29歲的正妹卡蒂亞（Katija Cortez），原本是名會計師，每周工作60小時卻入不敷出，為了能有更好的生活，她決定轉行成為伴遊。如今，每小時,2025-02-28 23:30,hk01,2025-03-01 00:33
60215359,有片｜葵青貨櫃碼頭兩貨船疑相撞　多個貨櫃墮海擊起水花,https://www.hk01.com/突發/60215359/有片-葵青貨櫃碼頭兩貨船疑相撞-多個貨櫃墮海擊起水花,突發,article,葵青貨櫃碼頭發生海事意外。網上流傳一條片段，見到兩艘貨櫃船位處貨櫃碼頭近岸海面，其中一艘藍色船身的貨船，疑遭另一艘粉紅色船身的貨船攔腰撞上,2025-02-28 23:22,hk01,2025-03-01 00:33
60211570,城巴阿婆逼讓關愛座： 唔識讓老人？港女霸氣KO　阿婆後續尷尬了,https://www.hk01.com/熱爆話題/60211570/城巴阿婆逼讓關愛座-唔識讓老人-港女霸氣ko-阿婆後續尷尬了,熱爆話題,article,【讓座爭議／關愛座】關愛座只給長者使用？有港女於社交平台發文，指她於早上繁忙時間乘搭城巴E22往機場航天城（SkyCity）上班，坐在關愛座，詎料,2025-02-28 23:19,hk01,2025-03-01 00:33
60214736,遊港震驚！小紅書男住5星級酒店　房內遇1事要賠$X萬慘了：怎辦？,https://www.hk01.com/熱爆話題/60214736/遊港震驚-小紅書男住5星級酒店-房內遇1事要賠-x萬慘了-怎辦,熱爆話題,article,【香港旅遊／酒店】住酒店遇到這事要賠近2萬元？有男住客於小紅書發相發文表示，他入住香港數碼港1家5星級酒店，沒想到浴室玻璃突然自爆：他當時因,2025-02-28 23:06,hk01,2025-03-01 00:34
60215345,加拿大政客籲G7峰會不邀特朗普參加　杜魯多：反對,https://www.hk01.com/即時國際/60215345/加拿大政客籲g7峰會不邀特朗普參加-杜魯多-反對,即時國際,article,美國總統特朗普（Donald Trump，又譯川普）對加拿大的關稅威脅和「嘴炮開疆」，導致加美關係急轉而下的同時，也令這個北鄰盟國國內的「反美」情緒,2025-02-28 23:00,hk01,2025-03-01 00:33
60215329,台星納豆分享跟未婚妻依依婚紗相　巧妙隱藏自己真正身高,https://www.hk01.com/即時娛樂/60215329/台星納豆分享跟未婚妻依依婚紗相-巧妙隱藏自己真正身高,即時娛樂,article,44歲的台灣男星林郁智(納豆)，跟比他年輕12年的女友陳依依，結束8年愛情長跑，二人正在籌備婚禮，可喜可賀。納豆雖然聰明精靈，口齒伶俐，轉數又快,2025-02-28 23:00,hk01,2025-03-01 00:34
60215355,有片︱堅尼地城19歲醉娃墮海　青年落水拯救　同由消防救起送院,https://www.hk01.com/突發/60215355/有片-堅尼地城19歲醉娃墮海-青年落水拯救-同由消防救起送院,突發,article,今日（28日）晚上7時10分，堅尼地城卑路乍灣海濱長廊，卑路乍灣臨時巴士總站附近，一名女子懷疑醉酒失足墮海，驚動保安報案。一名青年見狀見狀跳海,2025-02-28 22:52,hk01,2025-03-01 00:34
60215358,近250年來首次？路透社：特朗普將簽令　把英文定為美國官方語言,https://www.hk01.com/即時國際/60215358/近250年來首次-路透社-特朗普將簽令-把英文定為美國官方語言,即時國際,article,路透社2月28日引述消息人士報道，美國總統特朗普（Donald Trump，又譯川普）將簽署行政命令，把英文定為美國官方語言。《華爾街日報》也引述不具名,2025-02-28 22:51,hk01,2025-03-01 00:34
60215357,涉馬鞍山向途人稱肚餓借錢買食物　內地漢惹疑被報警拘捕,https://www.hk01.com/突發/60215357/涉馬鞍山向途人稱肚餓借錢買食物-內地漢惹疑被報警拘捕,突發,article,警方今日（28日）接報，指馬鞍山有一名男子向途人聲稱肚餓及借錢購買食物，報案人擔心有市民受騙，遂報警求助。馬鞍山分區特遣隊接手調查後，拘捕,2025-02-28 22:42,hk01,2025-03-01 00:34
60215254,昔日女神收割機被笑下身太幼　狂操腳未成功已經復胖顯肚腩,https://www.hk01.com/即時娛樂/60215254/魏駿傑被笑下身太幼-狂操腳未成功已經復胖顯肚腩,即時娛樂,article,57歲的魏駿傑，近年長駐內地發展，年輕時大隻有型，曾是TVB力捧小生，並且跟當年的一線花旦滕麗名擦出愛火，可惜因男方出軌而分手，阿滕受盡情傷，,2025-02-28 22:30,hk01,2025-03-01 00:34
60215356,接壤西藏　印度喜馬拉雅山區雪崩共57人受困　迄今32人獲救,https://www.hk01.com/即時國際/60215356/接壤西藏-印度喜馬拉雅山區雪崩共57人受困-迄今32人獲救,即時國際,article,與西藏接壤的印度北阿坎德邦（Uttarakhand）喜馬拉雅山區周五（28日）發生雪崩，起初有57名正在清理工地積雪的工人受困，印媒《印度教徒報》（The,2025-02-28 22:26,hk01,2025-03-01 00:34
60215354,真赫曼離世｜德斯汀荷夫曼憶往事讚天才　「小辣椒」貼合照悼念,https://www.hk01.com/即時國際/60215354/gene-hackman真赫曼離世-德斯汀荷夫曼憶往事-小辣椒-貼合照,熱爆話題,article,美國95歲知名演員、奧斯卡影帝真赫曼（Gene Hackman，又譯金．哈克曼）與63歲妻子Betsy Arakawa離奇陳屍位於美國新墨西哥州（New Mexico）的住所，,2025-02-28 22:25,hk01,2025-03-01 00:34
60215327,鑽石山老婦頭撼玻璃流血　途人施援　斥保安「翹埋手」拒供急救包,https://www.hk01.com/突發/60215327/鑽石山老婦頭撼玻璃流血-途人施援-斥保安-翹埋手-拒供急救包,突發,article,鑽石山今日（28日）發生長者受傷意外，一名老婦欲進入啟鑽商場時，懷疑未察覺商場門口透明玻璃，兜頭撼向玻璃，再整個人反彈後腦著地流血。在等候,2025-02-28 22:21,hk01,2025-03-01 00:34
60215348,五子之母突然自爆生蛇　與富豪爆婚外情一夜成名：我就係想出名,https://www.hk01.com/即時娛樂/60215348/五索突然自爆生蛇-與馬清鏗爆婚外情一夜成名-我就係想出名,即時娛樂,article,現年34歲的網紅「五索」鍾睿心（Rachel）與身家以百億計的66歲大生銀行主席馬清鏗爆出婚外情，兩人拍拖9年，育有4名子女，事件轟動全城。早前五索,2025-02-28 22:15,hk01,2025-03-01 00:34
60215344,特朗普宣布對中國進口商品再加徵10%關稅　華使館：破壞禁毒合作,https://www.hk01.com/即時中國/60215344/特朗普宣布對中國進口商品再加徵10-關稅-華使館-破壞禁毒合作,即時國際,article,美國總統特朗普（Donald Trump）稱3月4日起對中國進口商品再加徵10%關稅，對此，中國駐美國大使館回應指，此舉必將影響和破壞雙方未來的禁毒合作。,2025-02-28 22:02,hk01,2025-03-01 00:34
60215258,中國駐澳洲大使肖千：希望澳方客觀理性看待中方艦隊演訓,https://www.hk01.com/即時國際/60215258/中國駐澳洲大使肖千-希望澳方客觀理性看待中方艦隊演訓,即時國際,article,新華社2月28日報道，中國駐澳洲大使肖千日前在澳洲霍巴特接受澳洲廣播公司（ABC）專訪，就中國海軍艦艇編隊演訓活動回答提問時表示，中方艦隊有關,2025-02-28 22:01,hk01,2025-03-01 00:34
60215267,貓貓的奇幻漂流｜零對白感受末世漂流　横掃全球100+項大獎及提名,https://www.hk01.com/電影/60215267/貓貓的奇幻漂流-零對白感受末世漂流-横掃全球100-項大獎及提名,即時娛樂,article,勇奪金球獎最佳動畫的動畫電影《貓貓的奇幻漂流》（Flow），以大熱姿態競逐奧斯卡最佳國際電影及最佳動畫，除成為首部拉脫維亞入圍作，至今更已横,2025-02-28 22:00,hk01,2025-03-01 00:34
1102577,北海道親子酒店10間｜近滑雪場／一泊二食／小童免費／人均$249起,https://www.hk01.com/親子/1102577/北海道親子酒店10間-近滑雪場-一泊二食-小童免費-人均-249起,好生活,article,北海道親子酒店推介2025！北海道是親子家庭前往日本旅遊的熱門選擇，可以一起滑雪、到訪水族館或動物園等好去處。《香港01》推薦10間北海道親子酒,2025-02-28 22:00,hk01,2025-03-01 00:34
60215353,將軍澳奪命車禍︱鐵騎士被夾頭重創送院不治　城巴司機涉危駕被捕,https://www.hk01.com/突發/60215353/將軍澳奪命車禍-鐵騎士被夾頭重創送院不治-城巴司機涉危駕被捕,突發,article,將軍澳今日（28日）傍晚發生嚴重交通意外，一輛城巴在將軍澳工業邨駿日街與環保大道交界、近大赤沙消防局對開，撞向前方一輛電單車，再將電單車推,2025-02-28 21:51,hk01,2025-03-01 00:34
60215351,邱芷微結婚｜利穎怡返內地拍網劇未能做姊妹感可惜：今日我係請假,https://www.hk01.com/即時娛樂/60215351/邱芷微結婚-利穎怡返內地拍網劇未能做姊妹感可惜-今日我係請假,即時娛樂,article,利穎怡和李君妍今晚（28/2）現身尖沙咀出席好友「賈名媛」邱芷微婚宴。李君妍接受《香港01》訪問時表示：「其實我同佢老公陳志忠熟啲，因為佢係我,2025-02-28 21:48,hk01,2025-03-01 00:34
60215350,達爾奇耶夫獲任命成俄羅斯駐美國大使　很快將前往華盛頓,https://www.hk01.com/即時國際/60215350/達爾奇耶夫獲任命成俄羅斯駐美國大使-很快將前往華盛頓,即時國際,article,俄羅斯外交部周五（28日）表示，俄羅斯獲得美國同意，任命達爾奇耶夫（Alexander Darchiyev）俄羅斯為駐美國大使，達爾奇耶夫將很快前往華盛頓。根,2025-02-28 21:45,hk01,2025-03-01 00:34
60215347,泰國向中國遣返40維吾爾族偷渡者　美國務卿譴責　泰副總理反駁,https://www.hk01.com/即時國際/60215347/泰國向中國遣返40維吾爾族偷渡者-美國務卿譴責-泰副總理反駁,即時國際,article,泰國向中國遣返至少40名維吾爾族偷渡者，美國國務卿魯比奧（Marco Rubio）譴責，泰國副總理兼國防部長蓬坦（Phumtham Wechayachai）2月28日指，泰,2025-02-28 21:42,hk01,2025-03-01 00:34
60215324,楊千嬅與「方中SIR」合體拍片　許紹雄教寫「楊千FA」極有創意,https://www.hk01.com/即時娛樂/60215324/楊千嬅與-方中sir-合體拍片-許紹雄教寫-楊千fa-極有創意,即時娛樂,article,由楊千嬅及吳彥祖主演的愛情喜劇《新紮師妹》令男女主角爆紅，兩人分別飾演臥底警員「PC11661方麗娟」和黑幫龍頭養子區海文，成為不少觀眾心目中的,2025-02-28 21:30,hk01,2025-03-01 00:34
60215341,施紀賢聯合記者會聊加拿大　特朗普直接打斷：夠了　白宮這樣解釋,https://www.hk01.com/即時國際/60215341/施紀賢聯合記者會聊加拿大-特朗普直接打斷-夠了-白宮這樣解釋,即時國際,article,當地時間2月27日，美國總統特朗普（Donald Trump，又譯川普）與到訪的英國首相施紀賢（Keir Starmer，又譯施凱爾或斯塔默）在華盛頓舉行聯合記者會,2025-02-28 21:30,hk01,2025-03-01 00:34
60215296,《哪吒2》角色身影驚現大灣區　多地塗鴉牆變打卡天堂,https://www.hk01.com/北上廣東/60215296/哪吒2-角色身影驚現大灣區-多地塗鴉牆變打卡天堂,北上廣東,article,中國動畫電影《哪吒之魔童鬧海》（《哪吒2》）熱潮席捲全球，大灣區不少城市都紛紛出現以電影角色為主題的塗鴉牆，成為城市的新亮點。這些塗鴉牆不,2025-02-28 21:30,hk01,2025-03-01 00:34
60215333,體育園開幕的3分鐘限制　陳志雲指有house rule也可例外：非商演,https://www.hk01.com/社會新聞/60215333/體育園開幕的3分鐘限制-陳志雲指有house-rule也可例外-非商演,社會新聞,article,啟德體育園明日（3月1日）開幕，開幕禮除了沒直播，採訪安排列明傳媒在啟動儀式後雖可繼續拍攝表演，但片段只可供剪輯成不多於三分鐘的片段作新聞,2025-02-28 21:19,hk01,2025-03-01 00:34
60215342,邱芷微結婚｜「兄弟」羅浩銘玩接新娘遊戲展「卸膊操」閃埋邊,https://www.hk01.com/即時娛樂/60215342/邱芷微結婚-兄弟-羅浩銘玩接新娘遊戲展-卸膊操-閃埋邊,即時娛樂,article,羅浩銘今晚（28/2）現身尖沙咀出席好友「賈名媛」邱芷微婚宴。羅浩銘接受《香港01》訪問時表示：「其實我認識新郎哥陳志忠都十幾年，記得大家認識,2025-02-28 21:04,hk01,2025-03-01 00:34
60214057,老翁超市偷火鍋料！以Marker筆「塗黑微禿額」掩耳目　遭警逮慘了,https://www.hk01.com/熱爆話題/60214057/老翁超市偷火鍋料-以marker筆-塗黑微禿額-掩耳目-遭警逮慘了,熱爆話題,article,台灣有超市發生盜竊案！當地有老翁為貪小便宜，到超市偷走1盒價值45元台幣（下同，約11港元）的火鍋料。不過他為了掩人耳目，竟以Marker（麥克筆）,2025-02-28 21:02,hk01,2025-03-01 00:34
60215275,文在寅：中國對韓國至關重要　對煽動反華情緒深感憂慮,https://www.hk01.com/即時國際/60215275/文在寅-中國對韓國至關重要-對煽動反華情緒深感憂慮,即時國際,article,據韓國《亞洲日報》28日報道，韓國前總統文在寅在社交平台Facebook發文，推薦了曾在文在寅政府時期擔任總統秘書室長的盧英敏新書《2025年向中國提,2025-02-28 21:00,hk01,2025-03-01 00:34
60215297,今日新聞8分鐘｜男嬰出生駁人工心肺續命｜野豬橫過路軌車長禮讓,https://www.hk01.com/社會新聞/60215297/今日新聞8分鐘-男嬰出生駁人工心肺續命-野豬橫過路軌車長禮讓,社會新聞,article,西灣河太安樓兩夾公仔舖同被毀　鐵鎚扑爆夾公仔機　一地玻璃碎筲箕灣太安樓內兩間夾公仔舖，今日（28日）同遭歹徒用鐵鎚扑爛夾公仔機的玻璃。多部,2025-02-28 21:00,hk01,2025-03-01 00:34
60215335,將軍澳奪命車禍︱泥頭車燈位收油被撞　司機：落車見鐵騎士已唔醒,https://www.hk01.com/突發/60215335/將軍澳奪命車禍-泥頭車燈位收油被撞-司機-落車見鐵騎士已唔醒,突發,article,將軍澳今日（28日）傍晚發生嚴重交通意外，一名巴士司機報稱在將軍澳工業邨駿日街與環保大道交界、近大赤沙消防局對開收掣無果，撞向一輛電單車，,2025-02-28 20:57,hk01,2025-03-01 00:34
60215336,28歲男子家中燒炭昏迷　疑為小薯茄事件健身教練William,https://www.hk01.com/即時娛樂/60215336/28歲男子家中燒炭昏迷-疑為小薯茄事件健身教練william,即時娛樂,article,YOUTUBER小薯茄吳冰（阿冰）胞妹吳泳傳出介入新婚健身教練婚姻，健身教練William新婚妻子Fafa在網上發文揭發事件，隨即受到全城關注及討論，但今日,2025-02-28 20:53,hk01,2025-03-01 00:34
60215331,猴疱疹病毒｜港現死亡首例沒即時公布　衞生防護中心：會檢視做法,https://www.hk01.com/社會新聞/60215331/猴疱疹病毒-港現死亡首例沒即時公布-衞生防護中心-會檢視做法,社會新聞,article,一名37歲男子去年2月下旬在金山郊野公園被猴子襲擊後，確診人類感染B病毒，即猴疱疹病毒，惟受傷後4個月，在去年6月休克後離世。此為香港首宗感染,2025-02-28 20:52,hk01,2025-03-01 00:34
60215339,Tesla股價高位累瀉4成　彭博︰累韓國高槓桿ETP投資者大幅損手,https://www.hk01.com/財經快訊/60215339/tesla股價高位累瀉4成-彭博-累韓國高槓桿etp投資者大幅損手,財經快訊,article,Tesla（TSLA）股價自去年12月下跌逾4成，投資者自然出現損失。若是投資具有槓桿成份的產品，損失會更大。據《彭博》引述韓國三間本地券商數據報道,2025-02-28 20:37,hk01,2025-03-01 00:34
