title,date,summary,scrape_time,section,source,url,news_content
特朗普稱拯救TikTok,2025-01-19 23:12,,2025-01-20 00:25,cinternational,rthk,https://news.rthk.hk/rthk/ch/component/k2/1788225-20250119.htm,"短片分享平台TikTok在美國「不賣就禁」法令星期日生效前夕，停止在美國的服務。

美國候任總統特朗普在社交平台發文說，拯救TikTok。

特朗普較早前表示，很可能在當地星期一上任當日，給予TikTok公司90天寬限期，暫時避免在美國被禁。

另外，即將上任美國國家安全顧問的沃爾茨表示，特朗普需要時間來評估可能的交易，以允許TikTok留在美國市場。"
Universities test students on how to detect scams,2025-01-19 22:55,,2025-01-20 00:25,elocal,rthk,https://news.rthk.hk/rthk/en/component/k2/1788224-20250119.htm,"The University of Hong Kong and City University on Sunday asked students to complete anti-scam quizzes as soon as possible. The call came after dozens of students were reportedly scammed.

HKU's student news outlet Campus TV has reported that more than 60 students have been scammed in recent months, resulting in a monetary loss of HK$60 million.

The University of Hong Kong says it has sent a kit offered by the police to students to raise awareness of scams. 

The kit includes the latest information on how to identify scams and multiple-choice questions. 

At City University, the institution said it had received 30 scam reports from students, involving a total of HK$15 million. 

The university says it has requested all students to finish the anti-scam survey this semester."
哈馬斯釋放首批3名以色列女人質　據報3人情況良好,2025-01-19 22:54,,2025-01-20 00:25,cinternational,rthk,https://news.rthk.hk/rthk/ch/component/k2/1788223-20250119.htm,"以色列與巴勒斯坦武裝組織哈馬斯的停火及交換被扣押人員協議生效，哈馬斯在當地星期日下午釋放首批3名被扣押在加沙的以色列女人質，轉交予紅十字會。巴勒斯坦傳媒報道，3人目前情況良好。

紅十字會派車前往加沙接走人質。根據首階段停火協議，以色列會釋放90名巴人作交換。以色列總理辦公室其後宣布，另有4名仍生還的女人質亦將會在7日內獲釋。

停火協議生效後，數以千計巴人湧到加沙城街頭慶祝。巴勒斯坦安全部門表示，多輛載有人道救援物資的車輛在經過以色列方面的檢查後進入加沙，會盡快分發物資給居民。"
保安局：農曆年凌晨跨境旅客數字偏低　審慎考慮後作合適通關安排,2025-01-19 22:38,,2025-01-20 00:24,local,rthk,https://news.rthk.hk/rthk/ch/component/k2/1788222-20250119.htm,"全國人大常委李慧琼提出，在舉辦個別賀歲節目的日子，特區政府可考慮延長關口開放時間。

保安局回覆查詢時表示，一直留意各陸路口岸的通關需求，並考慮多重因素包括政策、人力資源調配、硬體配套設施完善等，並在落馬洲/皇崗口岸和港珠澳大橋口岸提供24小時旅客出入境清關服務的基礎上，視乎實際需要，適時與內地當局協商延長個別口岸的旅檢通關服務時間。

保安局指出，去年農曆新年期間，已延長羅湖口岸兩天及深圳灣口岸五天的通關服務時間，又指農曆新年期間凌晨的跨境旅客數字偏低。至於今年的農曆新年安排，特區政府會審慎考慮相關情況後，作出合適安排。"
港大：向學生發放學習套件加強防詐騙意識,2025-01-19 21:51,,2025-01-20 00:24,local,rthk,https://news.rthk.hk/rthk/ch/component/k2/1788221-20250119.htm,"港大學生會校園電視表示，學校向學生發電郵指，近月有超過60名學生遭詐騙，累計損失逾港幣6千萬元。

港大發言人表示，港大學生發展及資源中心向學生發放由警方提供的防騙學習套件，內容包括騙案求助資訊；亦針對流行的4種騙案如電話騙案，以短片及選擇題灌輸防騙訊息，務求令尤其新到港的內地生了解相關資訊，希望他們盡快完成，加強防詐騙意識。

港大表示，學生如有需要，可向中心求助；校方一直舉辦多項活動，提升學生的防騙意識包括舉辦講座等。"
韓媒：尹錫悅正式被羈押在拘留所,2025-01-19 21:30,,2025-01-20 00:25,cinternational,rthk,https://news.rthk.hk/rthk/ch/component/k2/1788220-20250119.htm,"南韓傳媒報道，被拘留的總統尹錫悅完成拍攝照片等相關手續後，已離開首爾拘留所疑犯休息室，被羈押在首爾拘留所收容大樓，成為南韓憲政史上首位以現任總統身份正式進入拘留所羈押的總統。

首爾西部地方法院星期日凌晨批准對尹錫悅的拘留令。報道說，羈押尹錫悅的獨居室面積約10平方米，比他在逮捕期間停留的休息室空間狹小，室內有床墊和電視等物品。

南韓「共同調查本部」表示，高級公職人員犯罪調查處已向首爾拘留所遞交文件，禁止尹錫悅會見除律師外的任何人。公調處相關人士說，這樣做是由於擔心證據會被毀滅。

按照南韓法律，拘留令申請獲批後，羈押期最長20天。"
港隊李卓耀印度羽毛球公開賽男單決賽得亞軍,2025-01-19 21:28,,2025-01-20 00:24,local,rthk,https://news.rthk.hk/rthk/ch/component/k2/1788219-20250119.htm,"印度羽毛球公開賽男子單打決賽，港隊代表李卓耀不敵丹麥球手安賽龍得第二。

李卓耀在初段曾領先過6:2，但及後被對手追上，並以16:21先失首局。到第二局，李卓耀以較大比分8:21再失一局，連續兩年屈居賽事亞軍。"
尼日利亞油罐車爆炸逾80人死亡,2025-01-19 20:58,,2025-01-20 00:25,cinternational,rthk,https://news.rthk.hk/rthk/ch/component/k2/1788217-20250119.htm,"尼日利亞中北部尼日爾州發生油罐車爆炸事故，導致超過80人死亡，多人受傷。

總統提努布發表聲明，對遇難人員表示深切哀悼，指示政府部門為傷者提供全面醫療救助，並要求安全和道路交通部門採取措施，避免類似事件發生。

事發在當地星期六，尼日爾州州長巴戈說，一輛油罐車在迪科地區的一條公路上突發翻側，附近居民搶奪燃料時，油罐車起火爆炸，造成重大傷亡。"
城大：去年接獲逾30宗學生遇詐騙個案　涉款約1500萬元,2025-01-19 19:48,,2025-01-20 00:24,local,rthk,https://news.rthk.hk/rthk/ch/component/k2/1788216-20250119.htm,"城大表示，去年接獲逾30宗學生遇詐騙個案，涉款約港幣1500萬元。

城大表示，在今年新學期，已要求所有學生必須完成防騙問卷，該問卷由大學與警方攜手設計。城大又指，已成立跨部門工作小組，不時透過多種渠道、包括發送電郵、在校內張貼海報、派傳單等，提醒學生小心詐騙訊息。工作小組亦計劃在校內舉辦防騙研討會及推廣工作等。

城大說，非常樂意與執法部門進一步合作，打擊電信詐騙。"
「綠在區區」已接手廢膠回收服務　環保署稱回收站運作大致暢順,2025-01-19 19:46,,2025-01-20 00:24,local,rthk,https://news.rthk.hk/rthk/ch/component/k2/1788215-20250119.htm,"環保署表示，「塑膠可回收物料回收服務先導計劃」昨日完結，全港十八區的廢塑膠收集服務已由「綠在區區」營運團體接手處理。

署方說，昨日及今日在各區巡視，市民及屋苑的回收情況如常，各個「綠在區區」回收站運作大致暢順，署方並無收到任何相關屋苑對於廢塑膠收集服務的投訴，亦無發現任何關於個別種類的廢塑膠無收集或堆積無人處理的情況。

署方又說，「綠在區區」接手廢塑膠收集服務，可以自由將收集到的塑膠，交予任何由署方核准的回收商處理，現時已擴展至有10間下游回收商可以處理。署方說，正加快相關審批工作，會陸續將合資格的下游回收商加入名單，進一步開放市場競爭，減低處理廢塑膠的收集及回收成本。
　　
署方重申，會致力令先導計劃結束後，以往向屋苑提供的所有塑膠回收服務不會受到影響，並會繼續監察情況。"
以色列與哈馬斯停火協議生效　料有3名被扣押人員今晚獲釋,2025-01-19 19:42,,2025-01-20 00:25,cinternational,rthk,https://news.rthk.hk/rthk/ch/component/k2/1788214-20250119.htm,"以色列與巴勒斯坦武裝組織哈馬斯的停火及交換被扣押人員協議生效，但較原定時間推遲接近3個小時，原因是哈馬斯以技術問題為由，未能按時提交當日獲釋的3名被扣押人員名單。

以色列總理辦公室發表聲明說，已收到哈馬斯提供應該在當日獲釋的3名被扣押人員名單，以色列安全機構正在核實細節，被扣押人員家屬已得到通知。辦公室其後又表示，預計被扣押人員將於當地星期日下午4時，即香港時間晚上10時獲釋。

哈馬斯下屬武裝組織卡桑旅發言人表示，當日會釋放的3名以色列在押人員都是女性，分別是24歲的羅米·朱寧、28歲的埃米莉·達馬里和31歲的多龍·施坦巴爾·海爾。"
中共中央、國務院印發綱要　加快建設中國特色社會主義教育強國,2025-01-19 19:18,,2025-01-20 00:25,greater_china,rthk,https://news.rthk.hk/rthk/ch/component/k2/1788213-20250119.htm,"中共中央、國務院近日印發《教育強國建設規劃綱要（2024—2035年）》，面向到2035年建成教育強國目標，對加快建設教育強國作出全面系統部署。

《綱要》堅持以習近平新時代中國特色社會主義思想為指導，深入貫徹黨的二十大和二十屆二中、三中全會精神，全面貫徹習近平總書記關於教育的重要論述，強調堅持教育優先發展，全面貫徹黨的教育方針，堅定不移走中國特色社會主義教育發展道路，為建設社會主義現代化強國、全面推進中華民族偉大復興提供有力支撐。

《綱要》要求，全面推進各級各類學校黨的建設，維護教育系統政治安全與和諧穩定，營造全社會共同關心支持教育強國建設的良好環境。"
陳茂波將啟程到瑞士達沃斯出席世界經濟論壇年會,2025-01-19 18:19,,2025-01-20 00:24,local,rthk,https://news.rthk.hk/rthk/ch/component/k2/1788212-20250119.htm,"財政司司長陳茂波明日凌晨啓程前往瑞士達沃斯，出席世界經濟論壇年會。

年會將於明日起至24日舉行，主題為「智能時代的合作」，議題包括重建國際間與社會的互信、尋找全球經濟的新增長來源、投資發展人力資本、保護地球及智能時代的產業轉型等。近3000名來自百多個國家及地區的政要與財金官員，金融工商界、主要國際組織及學術機構的領袖參與，討論共同應對全球和區域的挑戰。

陳茂波將出席多場主題會議及餐會，並發表演講，參與討論。他亦會與多地政商領袖會面，介紹香港最新情況和新優勢、新機遇。香港機管局、港鐵、港交所等機構的負責人亦會出席。

陳茂波將於當地時間本月24日離開達沃斯，25日返抵香港。他離港期間，財政司副司長黃偉綸將署任財政司司長。"
Only 10pc of subdivided flats meet new standards: Soco,2025-01-19 17:44,,2025-01-20 00:25,elocal,rthk,https://news.rthk.hk/rthk/en/component/k2/1788206-20250119.htm,"A community group on Sunday said a survey they conducted found just one-tenth of subdivided flat residents feel their homes meet the standards of the government’s proposed basic housing units. 

The Society for Community Organisation (Soco) said resettlement arrangements should be provided as soon as possible before tenants in substandard subdivided flats are kicked out by landlords.

From December last year, the survey polled 211 tenants who are currently living in subdivided flats, bedspace apartments or cubicle apartments.  It comes as the government conducts its public consultation of the new regulatory framework for basic housing units, which runs until February 10.

In October, Chief Executive John Lee outlined plans to replace substandard subdivided units with basic housing units. Landlords will face criminal liability if they rent out units that fail to meet the basic housing unit standards, which state that a unit must not be smaller than eight-square metres, and have at least one window with an individual toilet. 

Soco said only 10 percent of respondents say their homes fulfill these requirements, while almost 60 percent believe landlords will have to revamp their units. Another 30 percent of respondents said they have no idea whether their homes will need renovation. 

The community group also called on authorities to solve the resettlement issue as nearly 40 percent of the respondents said the government should provide rehousing arrangements if they are kicked out of their homes. 

Additionally, Soco said the government should impose rent control measures as nearly 32  percent of respondents are worried about not being able to pay the rent for basic housing units. They suggested that the median rent should be set at about HK$2,000."
警方引入快速檢測工具打擊太空油毒品後首次拘捕行動　一男子被捕,2025-01-19 17:18,,2025-01-20 00:24,local,rthk,https://news.rthk.hk/rthk/ch/component/k2/1788210-20250119.htm,"為打擊太空油毒品，警方昨日起，引入快速檢測工具，以檢測另類吸煙工具是否含有依托咪酯。警方昨日在油麻地搜查一名男子，搜出一粒電子煙彈，警員即場使用快速檢測工具，驗出該粒電子煙彈含有依托咪酯，於是以涉嫌「管有第一部毒藥」拘捕這名男子。這宗案件是引入快速檢測工具後首次拘捕行動。

西九龍衝鋒隊及機動部隊昨日進行重點巡邏，期間在油麻地截查一名55歲男子，並搜出一粒電子煙彈。

另外，警員亦在紅磡截查一名31歲男子，並搜出4粒懷疑含有依托咪酯的電子煙彈，以涉嫌「管有第一部毒藥」拘捕該名男子。

警方說，已引入快速檢測包，將使用俗稱「試紙」的快速檢測工具，供各警區人員使用。

政府計劃下月14日修訂附屬法例，並同日刊憲，將依托咪酯納入香港法例第134章《危險藥物條例》，列為毒品管制。修例工作完成後，非法管有的最高刑罰是監禁7年及罰款100萬元；販運或非法進口的最高刑罰是終身監禁及罰款500萬元。"
以色列：收到將獲釋被扣押人員名單　停火協議生效,2025-01-19 17:17,,2025-01-20 00:25,cinternational,rthk,https://news.rthk.hk/rthk/ch/component/k2/1788209-20250119.htm,"以色列與巴勒斯坦武裝組織哈馬斯的停火及交換被扣押人員協議，首階段原定香港時間下午2時半生效，但因為以色列未能在限時內收到哈馬斯提供應在當日獲釋的3名被扣押人員名單而一度延遲。期間以軍繼續襲擊加沙北部和中部的多個目標，至少8人死亡。

哈馬斯解釋是因為技術問題而推遲提交第一批將被釋放的在押人員名單，強調會遵守停火協議有關條款。

以色列方面在協議原定生效時間的大約2小時後表示，已收到將會獲釋3名被扣押人員名單。協議在當地時間上午11時15分，即香港時間下午5時15分生效。"
'Govt must reflect actual situation in travel alert',2025-01-19 16:50,,2025-01-20 00:25,elocal,rthk,https://news.rthk.hk/rthk/en/component/k2/1788207-20250119.htm,"Security minister Chris Tang on Sunday said the government did not raise Thailand's travel alert to red because the government needed to reflect the situation accurately.

Speaking on a TVB programme, Tang explained that victims were not kidnapped in Thailand, but rather lured there before being transported elsewhere.  

Last Friday, the government raised its travel alert for southeastern Myanmar to red, but the alert level for other parts of Myanmar, Thailand and Cambodia remains at amber – the lowest level of the three-tier outward travel alert system. 

""The victims were basically lured to Thailand before being transported to scam farms in Myanmar. There hasn't been a single case of someone being kidnapped within Thailand,"" he said. 

""Certain areas in Myanmar are being used as scam farms, guarded by military police and armed personnel. That's where the danger lies,"" he said. 

The minister was also asked about the government's role in rescue efforts and reports of victims being released after a ransom was paid.

""Some people were able to return without paying ransom. Of course, when faced with these situations, our priority is to bring people back safely,"" he responded. 

Tang stressed that officials will pursue all means to secure the safe return of stranded Hongkongers."
關日華稱兒童流感入院個案有上升趨勢　劉宇隆料冬季流感將達頂峰,2025-01-19 16:44,,2025-01-20 00:24,local,rthk,https://news.rthk.hk/rthk/ch/component/k2/1788208-20250119.htm,"港大兒童及青少年科名譽臨床副教授關日華表示，近日兒童患有流感入院的個案有上升趨勢，部分出現氣管炎和肺炎症狀，情況較之前嚴重，有患者更同時感染副流感、鼻病毒和人類偏肺病毒；其中已接種疫苗的學童病情相對輕微，平均留院1至3天可以出院。

關日華又指，有個別學校未有參與外展接種計劃，較令人失望，但期望社會切勿給予負面標籤，各專業界別可以研究為相關學校提供協助，並主動加強教育家長，理解接種流感疫苗的好處，呼籲他們可自行安排子女接種。

衞生防護中心轄下疫苗可預防疾病科學委員會主席劉宇隆表示，最新一周流感病毒活躍程度持續上升，但升幅較前一星期放緩，不少人共同感染流感和肺炎支原體等病毒，但現時疫苗接種率未達理想水平，預計農曆新年期間市民多聚會和外遊，冬季流感將達頂峰，假期後一段時間回落。

委員會日前就呼吸道合胞病毒RSV疫苗，發表暫擬共識，暫時不建議為全部長者和孕婦普遍接種相關疫苗。劉宇隆解釋，目前本港呼吸道合胞病毒情況不嚴重，數據顯示疫苗有效減低風險和嚴重程度，但同時有數據提到有副作用，包括有孕婦接種後小產和出現妊娠高血壓，也有長者出現神經系統問題等不良反應，希望再檢視更多數據釐清風險，暫不建議相關群組廣泛接種。

劉宇隆說，委員會認為院舍長者大多有長期病患，交叉感染機會高，同時香港市面上提供的RSV疫苗已十分有效，雖然安全性存有隱憂，但希望尊重市民意願，不想完全阻止高風險群組接種加強保護，因此在衡量接種後的好處和風險，建議75歲或以上居於院舍的長者和孕婦，可以考慮徵詢醫生意見後接種，又指希望今年底或明年初審視更多數據，再建議政府決定是否採購。"
尹錫悅拒出席公調處下午調查　籲支持者以和平方法表達意見,2025-01-19 16:11,,2025-01-20 00:25,cinternational,rthk,https://news.rthk.hk/rthk/ch/component/k2/1788203-20250119.htm,"南韓總統尹錫悅的代表律師表示，尹錫悅拒絕出席高級公職人員犯罪調查處在今日下午進行的調查。

被關押在首爾看守所的尹錫悅會見律師後，決定不出席公調處傳喚他原定於下午2時進行的調查。公調處已再要求尹錫悅星期一早上10時出席調查接受問話。

首爾西部地方法院凌晨正式批准拘捕尹錫悅後，尹錫悅一批支持者闖入法院破壞，被警方驅散，其中45人因涉嫌非法侵入法院被捕。

尹錫悅透過律師表示，充分理解民眾的憤怒，但希望以和平方法表達意見，並希望警方不要採取強硬應對措施，而是寬容地妥善解決問題。尹錫悅又說，他在治國理政陷入亂局的情況下宣布實施緊急戒嚴，僅為了防止南韓憲政秩序崩潰，讓國家恢復正常運轉，他將在司法程序中竭盡全力表明，宣布戒嚴的目的和正當性。"
何永賢到簡約公屋攸壆路項目參觀　向未來住戶介紹支援服務,2025-01-19 16:07,,2025-01-20 00:24,local,rthk,https://news.rthk.hk/rthk/ch/component/k2/1788205-20250119.htm,"簡約公屋攸壆路項目將於第一季入伙，房屋局局長何永賢早前與一班未來住戶到項目實地參觀，並介紹交通配套、零售設施、洗衣房，及就業、就學等支援服務。

何永賢在社交專頁上載當日的參觀片段，她表示不少參加者看到樣板單位，發現一二人單位月租約880元、三四人單位月租約1630元，生活環境可以改善，覺得很心動，對未來生活很期待。

她表示，當日向住戶解說，不用擔心搬遷問題，因在關愛基金撥款支持下，推出「『簡約公屋』住戶特別津貼試驗計劃」，成功申請並入住新界簡約公屋項目的家庭，可按家庭人數獲得一次過津貼，款額介乎3850元至12550元。"
86歲女途人藍田被輕型貨車撞傷昏迷　44歲司機被捕,2025-01-19 16:01,,2025-01-20 00:24,local,rthk,https://news.rthk.hk/rthk/ch/component/k2/1788204-20250119.htm,"一名86歲女途人在藍田被一輛輕型貨車撞傷昏迷，44歲司機涉嫌「危險駕駛導致他人身體嚴重受傷」被捕，正被扣查。

清晨5時許，涉事輕型貨車沿啟田道西行，期間懷疑撞到正在過路的女事主，她頭部受傷，昏迷被送往伊利沙伯醫院治理。"
以軍稱炮兵和戰機襲擊加沙北部和中部多個目標,2025-01-19 15:40,,2025-01-20 00:25,cinternational,rthk,https://news.rthk.hk/rthk/ch/component/k2/1788202-20250119.htm,"以色列與巴勒斯坦武裝組織哈馬斯的停火及交換被扣押人員協議，首階段原定在本港時間下午2時半生效。以軍發言人表示，由於仍未收到哈馬斯提供應在當日獲釋的3名被扣押人員名單，以軍繼續作戰。

以色列國防軍發表聲明說，以軍炮兵和戰機襲擊了加沙北部和中部的多個目標。

哈馬斯就表示，確認將遵守停火協議有關條款，推遲提交第一批將被釋放的在押人員名單是因技術問題。"
據了解西貢區議員李天賜日前涉不遵從出庭通知書被捕,2025-01-19 15:23,,2025-01-20 00:24,local,rthk,https://news.rthk.hk/rthk/ch/component/k2/1788201-20250119.htm,"據了解，西貢區議員李天賜日前被捕，他涉嫌因不遵從出庭通知書，被預約拘捕，案件明天在觀塘裁判法院提堂。

李天賜是西貢區地區委員會界別議員。民政事務總署說，得悉該區議員現正獲准保釋及將於星期一提堂，現時案件已進入司法程序，民政事務總署不會作出評論。

署方又說，該區議員現時仍然繼續履行職務，但民政事務總署會密切留意案件發展，並按法院裁決和相關條例考慮如何處理。政府一直非常重視區議員的品格和操守，一定會嚴肅處理。在現行法例下，政府有既定機制處理區議員違法的情況。

根據《區議會條例》，如區議員被裁定犯下任何罪行而被判處為期超過3個月的監禁，該議員會喪失擔任區議員的資格。另外，條例已訂明，在區議員履職監察制度下，就區議員行為失當啟動調查的機制。"
世界殘疾人保齡球錦標賽　港隊主場再添1金1銀,2025-01-19 15:06,,2025-01-20 00:24,local,rthk,https://news.rthk.hk/rthk/ch/component/k2/1788199-20250119.htm,"於啟德體育園舉行的IBF世界殘疾人保齡球錦標賽，有主場之利的港隊在男女子視障組別雙人賽，再添1金1銀。洪家龍夥拍張凱童於TPB1+TPB3 級男子雙人賽勇奪金牌；而劉曉真和朱詠琴組合，就於TPB1+TPB3級女子雙人賽奪得銀牌。

港隊昨日分別於男女子視障組別個人賽，贏得3金2銀。包括陳達聰及張凱童分別於男子個人賽TPB2級及TPB3 級個人賽勇奪金牌。

港隊明天出戰4個級別的團體賽。"
以方稱哈馬斯未交獲釋者名單將不停火　哈馬斯︰技術原因延遲公布,2025-01-19 14:28,,2025-01-20 00:25,cinternational,rthk,https://news.rthk.hk/rthk/ch/component/k2/1788198-20250119.htm,"以色列與巴勒斯坦武裝組織哈馬斯的停火及交換被扣押人員協議，首階段原定在本港時間下午2時半生效。在協議生效前大約一小時，以色列總理內塔尼亞胡表示，除非哈馬斯提供將被釋放人員名單，否則停火協議不會生效。

哈馬斯就表示，遵守加沙停火協議的條款，同時指出，首批被扣押人員獲釋名單延遲公布，是出於技術領域的原因。

較早時，有傳媒報道，以軍已經開始從加沙拉法地區撤退至埃及與加沙邊境的菲拉德爾菲走廊。"
Paul Chan to promote HK at World Economic Forum,2025-01-19 13:26,,2025-01-20 00:25,elocal,rthk,https://news.rthk.hk/rthk/en/component/k2/1788197-20250119.htm,"Financial Secretary Paul Chan on Sunday said he will promote Hong Kong's advantages as a super connector and super value-adder on his upcoming trip to Davos, Switzerland, where he will attend the World Economic Forum.

Writing on his weekly blog on Sunday, Chan said business leaders are keen to learn more about developments in Hong Kong, and added that he will introduce policies that the SAR has adopted. 

He added that Vice Premier Ding Xuexiang will also attend the conference to deliver a speech, and noted that ""the economic conditions and development of the mainland has become one of the important highlights in annual conferences in recent years"".

Chan said that the central government will continue to support the SAR's capital market development by significantly increasing the proportion of its national foreign exchange reserves and asset allocation in Hong Kong. 

Meanwhile, Chan said the Asian Financial Forum held in Hong Kong earlier had facilitated exchanges between leaders from Europe, the United States, and new markets along the Belt and Road Initiative. 

He said finance leaders from Western countries have reaffirmed Hong Kong's role in bridging markets across the world with those on the mainland. 

""Whereas the global South hopes Hong Kong can diversify its fundraising capabilities to support their projects, including infrastructure, economic development, and green transition,"" he wrote."
據了解有意來港就讀內地生填防騙問卷屬研究方案之一,2025-01-19 13:22,,2025-01-20 00:24,local,rthk,https://news.rthk.hk/rthk/ch/component/k2/1788196-20250119.htm,"據了解，本港與內地正研究不同方案，加強內地來港學生的防騙意識，要求他們來港前先填寫防騙問卷是其中一個研究方向。

消息又說，警方亦留意到，部分大專院校要求內地生填寫防騙問卷，之後才批出學生證。相關院校在實施有關措施後，校內有內地生跌入騙案的數字下降，相信措施有成效。

香港大學學生會校園電視表示，學校向學生發電郵，指出近月有超過60名港大學生成為詐騙受害者，損失累計超過6千萬港元。校方已要求學生透過校內系統，填寫防騙問卷，以提升對騙案的警覺性及保護自己，未能於限期內完成問卷的同學或會被禁止進出圖書館。"
New RTHK programmes to promote patriotism,2025-01-19 13:03,,2025-01-20 00:25,elocal,rthk,https://news.rthk.hk/rthk/en/component/k2/1788194-20250119.htm,"The Constitutional and Mainland Affairs Bureau and RTHK on Sunday announced they have jointly produced a series of programmes to promote patriotism and the rule of law. 

The initiative follows last year's establishment of the Working Group on Patriotic Education, which aims to strengthen education about national history and Chinese culture. 

The working group's convenor Starry Lee, who is also Hong Kong's sole delegate to the National People's Congress Standing Committee, said there are four major programmes. 

""The purpose of [these programmes], as a combination of other tasks and events, is to help to build up the cultural awareness of Hong Kong people and their understanding towards our country,"" she told reporters.
 
Lee added that the working group will cooperate with different government departments and community stakeholders to organise events this year. 

At a launch ceremony on Sunday, Under Secretary for Constitutional and Mainland Affairs, Clement Woo, said the programmes will explain the Basic Law and the Constitution through everyday scenarios.  

Woo said the government has been working hard to help people understand these two documents better through diverse channels and innovative ways.

Director of Broadcasting Angelina Kwan, working group member and National People's Congress deputy Cally Kwong, and Basic Law Committee member Simon Lee also attended the ceremony."
鄧炳強稱無提升對泰國外遊警示因誘騙非在當地發生　政府反映實況,2025-01-19 13:00,,2025-01-20 00:24,local,rthk,https://news.rthk.hk/rthk/ch/component/k2/1788195-20250119.htm,"保安局局長鄧炳強表示，在港人懷疑被誘騙到東南亞國家被禁錮從事非法工作的案件中，政府做了很多不同工作，包括與其他國家進行情報和資料交換，他舉例，最近警方拘捕一名中介人，從中獲得更多資料。另外，政府對事件的關注亦很重要，能令港人洞悉有關誘騙的情況，否則事情發生了，再去營救就變得困難。

鄧炳強在一個電視節目中表示，終極目標是事主盡快安全回港，任何可行辦法都要進行。被問到有關辦法是否包括交贖金，鄧炳強回應，任何方法，只要合法和適當都要做。鄧炳強同時提到，有關事主的家屬，最穩妥的做法是與警方聯絡，因為過往亦曾發生交贖金騙案，有些人聯絡事主家屬，指交贖金就可以代為辦妥事件。

鄧炳強又說，並非所有回港的事主都交了贖金，又解釋今次並無提升對泰國的外遊警示，因誘騙事件並非在當地發生，亦無人在泰國突然被拐走，因此政府要反映實況。

被問到如何評估短期內會否再有被誘騙的港人返港，鄧炳強表示，不論香港或泰國都會盡力，希望他們可以盡快回來，又引述2022年的數字，指收到46個求助個案，最終協助43人回港，餘下3人經聯絡後表示不想回港。"
Flu season could peak in early February: expert,2025-01-19 12:43,,2025-01-20 00:25,elocal,rthk,https://news.rthk.hk/rthk/en/component/k2/1788193-20250119.htm,"The head of respiratory medicine at the Chinese University of Hong Kong on Sunday warned that the SAR’s winter flu season has not peaked, and that occupancy rates at hospitals are continuing to rise.

David Hui said those who have been hospitalised for the flu included children aged up to 5 and people who are 65 or older.

He noted that there were 37 severe cases among adults who needed intensive care in the second week of the month. Fifteen of these patients died. The professor pointed out that 25 of these people had not received the influenza vaccine, and recommended that residents get vaccinated as soon as possible.

Speaking on Commercial Radio, Hui said that a general vaccination rate of 70 percent to 80 percent is ideal.

But as of last month, he said the rate for infants and young children was 48 percent, and those aged 50 to 64 was only 20 percent, while the rate was 45 percent for those aged 65 or above.

Hui also said that influenza cases in most northern hemisphere regions are on the rise, and that most of them involve H1N1 influenza A. 

He added that the current flu season is expected to peak early next month, and decline around mid-March."
TikTok於禁令生效前暫停在美服務,2025-01-19 12:28,,2025-01-20 00:25,cinternational,rthk,https://news.rthk.hk/rthk/ch/component/k2/1788185-20250119.htm,"短片分享平台TikTok 當地星期六晚停止在美國的服務，並從蘋果和谷歌應用商店中消失。TikTok表示，用戶不能使用TikTok是不幸，但幸運的是，美國候任總統特朗普表示將與TikTok合作，公司在特朗普就任後、找到解決方案時，將公布更多細節。

針對TikTok 「不賣即禁」的法令當地星期日晚生效，TikTok較早時通知美國用戶，由於禁令即將生效，TikTok平台將暫停向用戶提供服務。

特朗普表示，很可能給予TikTok強迫出售令90日暫緩執行期，如果他決定這樣做，將會在星期一公布。

白宮重申，執行強迫出售令的行動須由下屆政府負責。"
李慧琼：特區政府可考慮個別賀歲節目日子延長關口時間,2025-01-19 12:27,,2025-01-20 00:24,local,rthk,https://news.rthk.hk/rthk/ch/component/k2/1788192-20250119.htm,"全國人大常委李慧琼表示，過去一年中央先後實施深圳居民赴港「一簽多行」政策，以及增加個人遊計劃涵蓋城市，相信聖誕市面暢旺情況會延續至農曆新年，希望香港繼續做好接待工作，又認為在舉辦個別賀歲節目的日子，特區政府可以考慮延長關口時間。

李慧琼又說，本港的接待能力仍然有一定空間，相信中央將陸續開放「一簽多行」城市，建議下一個可以考慮在廣州實施一簽多行措施。"
甯漢豪指翠屏河屬實踐「河畔城市」例證　渠務署工程期間曾遇挑戰,2025-01-19 12:25,,2025-01-20 00:24,local,rthk,https://news.rthk.hk/rthk/ch/component/k2/1788191-20250119.htm,"觀塘翠屏河活化項目早前啟用，發展局局長甯漢豪表示，近年渠務署致力提升排水設施防洪能力的同時，亦積極實踐「河畔城市」概念，提升河道生態及景觀設計，認為活化後的翠屏河便是最佳例證。

甯漢豪在網誌引述渠務署高級工程師溫南豐表示，渠務署2020年開展「活化翠屏河計劃」，透過提升防洪效能等改善工程，活化明渠為河畔空間，並已開放予公眾使用。

溫南豐提到，活化工程期間面對一定挑戰，團隊在上游安裝1.2米高的擋水牆，將翠屏河的最高排洪能力提升至每秒超過150立方米的水流量，相當於在約17秒內填滿一個奧林匹克標準游泳池。而由於翠屏河是一條運作中的排洪河道，暴雨來臨時，水位有機會於短時間內迅速上升，團隊利用人工智能技術，分析降雨預報數據，預測兩小時內河道水位變化。當預測到水位將超出安全水平時，會即時通知相關人員，讓前線人員有足夠時間安排善後工作，確保工地安全。

另外，署方在翠屏河不同位置設置旱季截流器，將雨水渠內受污染的旱季水流堵截，並分流至污水收集系統處理，減少污染源排入雨水收集系統，改善河流水質。工程團隊在下游設置隨潮汐升降的智能水閘，調節水位以減少河道乾涸機會，改善氣味問題。但翠屏河的水質亦可能仍會受上游集水區在不同季節、天氣狀況及區內活動影響而出現少許氣味問題，署方會持續留意情況及跟進。

網誌又提到，觀塘區區議員柯創盛認為，活化後的翠屏河具有排洪、保育和休憩用途，是符合市民期望的設施，並期望署方將活化明渠計劃擴展到其他地區，讓更多市民能夠享受優美的河畔空間。"
許樹昌：料流感季節下月初到頂至約3月回落　籲市民外遊前打疫苗,2025-01-19 12:24,,2025-01-20 00:24,local,rthk,https://news.rthk.hk/rthk/ch/component/k2/1788190-20250119.htm,"本港流感活躍程度持續上升，衞生防護中心數據顯示，本月第二周有37宗成人嚴重個案，其中25人無接種疫苗。

中大呼吸系統科講座教授許樹昌表示，流感季節預計下月初到頂，至大約3月回落，呼籲準備在農曆新年假期外遊的市民，應該在出發前接種疫苗。

許樹昌又說，呼吸道合胞病毒疫苗效用可以持續兩至三年，但有數據顯示有副作用，希望再檢視更多數據，再由政府決定是否採購。"
林天福：機場城市藍圖新品牌商界推介會反應理想　三跑系統見成效,2025-01-19 12:22,,2025-01-20 00:24,local,rthk,https://news.rthk.hk/rthk/ch/component/k2/1788189-20250119.htm,"機管局推展機場城市藍圖新品牌「SKYTOPIA」，造價約1千億元，當中700億元透過全球招商發展。機管局主席林天福表示，商界推介會反應理想，有來自亞洲，內地，以至歐美的投資者表示有興趣，未來會在不同地方舉辦類似招商活動。

林天福又說，機場三跑系統去年11月啟用後，已見成效，航班增加情況理想，他有信心本港機場的整體航班量，未來會有序逐步增加。"
'Transportation to airport will remain smooth',2025-01-19 12:21,,2025-01-20 00:25,elocal,rthk,https://news.rthk.hk/rthk/en/component/k2/1788188-20250119.htm,"The Airport Authority on Sunday gave assurances that transportation services to and from the airport will not be affected by the development of SKYTOPIA.

Earlier, the authority revealed the new expansion of Hong Kong's Airport City, which will include an arts hub, aimed at attracting visitors from both home and abroad.

""We have developed an autonomous vehicle system that would link from the border point and also from 11 Skies all the way to the MTR station in Tung Chung, which means that in [the] future, for the people from Hong Kong who want to go to SKYTOPIA, they don't actually have to use the Airport Express link,"" the authority's chairman Fred Lam told reporters after attending a Commercial Radio show.

He said the vehicle system will connect Hong Kong-Zhuhai-Macau Bridge's Hong Kong port with the Airport City by the start of 2026, and be extended to Tung Chung station by 2028. This, he explained, would relieve pressure on the Airport Express line.

""We are also developing two autonomous car parks at the restricted area of the border control area. Very soon, cars from Macau and Guangdong will be able to use the Hong Kong-Zhuhai-Macau Bridge to reach the airport and also the SKYTOPIA area, this will also alleviate traffic problems in the future,"" Lam added. 

The Airport Authority chief also said the development will see the construction of the city’s largest yacht bay, that would provide at least 500 docking spaces, as well a jet fresh market. 

""I hope the majority of parking spaces will be for yachts from around the Greater Bay Area and even other regions in Asia. We also hope to accommodate larger yachts, such as those longer than 70 metres, so yachts from further away can also come. Our positioning is towards those with better economic conditions, allowing them to drive their yacht and spend a few days in the city,"" Lam said. 

He added that the jet fresh market would allow visitors to enjoy the best fruits, meat and seafood from around the world due to the city's strong aviation network, import control and food safety standards. 

The Airport Authority had said the project would cost about HK$100 billion, including HK$30 billion for infrastructure."
有調查稱只有一成受訪劏房板間房戶表示居住環境符「簡樸房」標準,2025-01-19 12:17,,2025-01-20 00:24,local,rthk,https://news.rthk.hk/rthk/ch/component/k2/1788187-20250119.htm,"有調查顯示，部分劏房符合「簡樸房」最低居住面積，但人均居住面積過低。

「簡樸房」規管制度諮詢期到下月10日，社區組織協會去年12月至本月期間，透過網上和實體問卷，訪問211戶租住劏房、板間房和床位房的租客。結果發現，只有一成受訪者認為現時的居住環境符合「簡樸房」標準，六成受訪者認為簡樸房不可少於「8平方米」的標準是過低。超過三成受訪者認為，業主會藉此調高租金和費用，超過四成受訪者以10分滿分來形容租金壓力。

另外，部分基層擔心有業主仍然會私下經營劣質劏房，最終可能都要繼續居住在劣質劏房。

調查亦發現，部分劣質單位符合「簡樸房」的標準尺寸，但可能由於家庭成員多，實際人均居住面積很低。社協提出多項建議，包括「簡樸房」居住環境最低標準應該效法公屋採取人均居住面積概念、擴闊劏房定義及規管對象、立法訂立起始租金、安置政策，以及及早登記及有社會服務支援隊跟進安置等。"
神舟十九號航天員乘組近日擇機實施第二次出艙活動,2025-01-19 12:17,,2025-01-20 00:25,greater_china,rthk,https://news.rthk.hk/rthk/ch/component/k2/1788184-20250119.htm,"神舟十九號航天員乘組將於近日擇機實施第二次出艙活動。

中國載人航天工程辦公室表示，目前神十九航天員乘組狀態良好，空間站組合體運行穩定。自上月17日圓滿完成首次出艙活動以來，乘組先後完成空間站內設備檢查維護、全系統壓力應急演練、第二次出艙活動準備等工作，承擔的空間材料科學、空間生命科學、航天醫學等領域實驗項目穩步推進。"
胡健民：今年會繼續聯同香港電台製作節目闡釋《憲法》《基本法》,2025-01-19 12:02,,2025-01-20 00:24,local,rthk,https://news.rthk.hk/rthk/ch/component/k2/1788186-20250119.htm,"香港電台與政制及內地事務局聯合製作節目，配合推廣《憲法》、《基本法》及愛國主義教育。政制及內地事務局副局長胡健民表示，《憲法》和《基本法》構成香港憲制基礎和秩序，為香港「一國兩制」等基本方針提供法理基礎和憲制依據，也為香港長期繁榮穩定提供堅實保障。

胡健民在節目啟動禮致辭說，特區政府透過多元渠道，創新手法向市民推廣《憲法》和《基本法》的資訊；去年成立「愛國主義教育工作小組」，開展傳承和弘揚愛國主義精神的工作，加強市民的國家歷史、文化和國情教育。

胡健民又指，當局今年會繼續聯同香港電台製作不同節目，以生活化例子，多角度闡釋《憲法》和《基本法》，希望讓市民更關心社會和國家。"
南韓公調處通知尹錫悅下午將再進行調查,2025-01-19 11:14,,2025-01-20 00:25,cinternational,rthk,https://news.rthk.hk/rthk/ch/component/k2/1788181-20250119.htm,"南韓公調處表示，已經通知涉嫌領導內亂的總統尹錫悅，當地下午2時將傳喚他進行調查，但未收到答覆。

首爾西部地方法院凌晨正式批准拘捕尹錫悅，他成為南韓憲政史上首位以現任總統身份接受拘留調查的總統。尹錫悅一批支持者其後闖入法院破壞，被警方驅散。韓聯社報道，其中45人因涉嫌非法侵入法院被捕。

最高法院對破壞行為表示憂慮和強烈遺憾，指出是對法治的全面否定和重大挑釁。法院行政處表示，事件絕對不應發生亦是不能容忍的事件，將徹查真相並嚴肅追責，同時採取措施確保法院正常運作。"
陳茂波將赴瑞士出席世界經濟論壇年會　向政商界領袖介紹香港優勢,2025-01-19 10:52,,2025-01-20 00:25,cfinance,rthk,https://news.rthk.hk/rthk/ch/component/k2/1788180-20250119.htm,"財政司司長陳茂波明日凌晨將出發前往瑞士達沃斯，出席「世界經濟論壇」年會，將獲邀在多個論壇主題研討會及午餐會上發表演說，並進行雙邊和圓桌會面。

陳茂波於網誌中表示，他會借機會向地區的政商界領袖介紹香港不同發展範疇上所採取的策略和措施，並積極推介香港作為「超級聯繫人」和「超級增值人」的優勢和價值。陳茂波又說，國務院副總理丁薛祥今年將出席論壇年會並發表演說，提到內地經濟情況、發展方向和重點，近年都成為論壇年會的其中一個重要焦點，不少年會期間舉行的周邊活動亦圍繞著與內地相關的主題，足見國家在世界舞台上的受關注程度。

早前於本港舉行的「亞洲金融論壇」，陳茂波提到，期間與不少來自歐美及「一帶一路」新興市場的政商界領袖會面交流，有來自歐美的金融機構領袖表示，香港在協助他們更好連接內地以至全球不同地區市場的橋樑角色無可比擬。一些「全球南方」國家代表希望善用香港多元化的籌融資服務，支持他們本國加快基建和經濟發展、綠色轉型以至分攤災害風險等工作。

陳茂波又說，人民銀行行長潘功勝在論壇發言中宣布多項深化互聯互通的措施，在支持香港資本市場發展方面，中央將提高國家外匯儲備在香港的資產配置 。而互聯互通的進一步深化，亦將吸引更多國際資金通過香港投資内地、助力內地產業升級發展，加快新發展格局的構建，這些措施都會為香港的資本市場開闢更廣闊的發展空間。"
TikTok告知美國用戶禁令周日生效時將暫停提供服務,2025-01-19 10:43,,2025-01-20 00:25,cinternational,rthk,https://news.rthk.hk/rthk/ch/component/k2/1788178-20250119.htm,"短片分享平台TikTok當地星期六晚通知美國用戶，由於美國官方禁令星期日起生效，TikTok軟件將暫停向使用者提供服務。

美國候任總統特朗普表示，很可能給予TikTok強迫出售令90日暫緩執行期，如果他決定這樣做，將會在星期一公布。

白宮重申，執行強迫出售令的行動須由下屆政府負責，TikTok或其他公司無理由在特朗普就任總統前採取行動。"
特朗普抵華盛頓為宣誓就職做準備　據報擬上任100天內訪華,2025-01-19 10:06,,2025-01-20 00:25,cinternational,rthk,https://news.rthk.hk/rthk/ch/component/k2/1788175-20250119.htm,"美國候任總統特朗普當地星期六晚抵達華盛頓，為星期一宣誓就職做準備。

特朗普在夫人梅拉尼婭、女兒伊萬卡和女婿庫什納陪同下，乘坐總統拜登派往佛羅里達州棕櫚灘共和黨基地的空軍飛機，抵達華盛頓近郊弗吉尼亞州的高爾夫俱樂部，舉辦招待會和煙火表演，並設內閣招待會和副總統晚宴；星期日、即就職典禮前夕，將在華盛頓市中心的體育館內與支持者舉行集會，並於星期一出席就職典禮。

由於首都華盛頓特區預計出現嚴寒天氣，特朗普決定將就職典禮移至國會大樓圓形大廳舉行，是自1985年以來，首次移師室內舉行。特朗普向全國廣播公司透露，他就職演說的主題是團結和力量，又會提及公平。

另外，《華爾街日報》引述知道相關討論內容的人士報道，特朗普告知幕僚，希望在上任後100日內，到訪中國。

報道說，特朗普與國家主席習近平，已透過各自的代表，討論兩人舉行面對面會談的事，除了特朗普訪華，另一個選擇是特朗普邀請習近平訪問美國。"
西藏終止一級應急響應　災區秩序逐步復常,2025-01-19 09:30,,2025-01-20 00:25,greater_china,rthk,https://news.rthk.hk/rthk/ch/component/k2/1788172-20250119.htm,"西藏自治區應急指揮部終止當地地震一級應急響應，轉入安置救助及恢復重建。

日喀則市定日縣本月7日發生6.8級地震，造成126人死亡，2萬7千多戶房屋受損，經各方共同努力，災區各項秩序逐步恢復正常。為保障受災群眾溫暖過冬，西藏自治區應急管理廳加快板房籌集、調運、安裝工作，災區物資保障充足。"
英超聯賽　利物浦作客2:0賓福特　阿仙奴主場被維拉迫和,2025-01-19 07:20,,2025-01-20 00:25,csport,rthk,https://news.rthk.hk/rthk/ch/component/k2/1788166-20250119.htm,"英格蘭超級足球聯賽，利物浦作客2:0擊敗賓福特，達雲紐尼斯在補時階段連入兩球，協助紅軍取勝。

這名25歲烏拉圭前鋒同阿諾配合，在補時1分鐘破網，再在2分鐘後接應哈維艾利洛傳送，射門得分，利物浦全取3分後，在積分榜21戰50分，繼續高据榜首，拋離排第二、並踢多一場的阿仙奴6分。

阿仙奴在同日賽事，領先兩球下，主場被阿士東維拉迫和2:2。加比爾馬天尼利35分鐘破網，兵工廠半場領先1球。55分鐘，夏維斯亦建功，將比數拉開。

不過維拉之後策動反攻，8分鐘內先後憑泰利文斯及奧尼屈堅斯各入一球扳平。"
特朗普據報希望就任後訪華　與習近平各派代表商會談安排,2025-01-19 07:13,,2025-01-20 00:25,greater_china,rthk,https://news.rthk.hk/rthk/ch/component/k2/1788165-20250119.htm,"美國候任總統特朗普據報告知幕僚，他希望在就任後前往中國。

《華爾街日報》引述知道相關討論內容的人士報道，特朗普有興趣在就任後頭100日內，到訪中國。報道又說特朗普與國家主席習近平，已透過各自的代表，討論兩人舉行面對面會談的事，除了特朗普訪華，另一個選擇是特朗普邀請習近平訪問美國。路透社向中國駐美國大使館查詢，未獲回應。

習近平前晚應約與特朗普通電話。習近平說中美之間擁有廣泛共同利益及廣闊合作空間，又強調台灣問題事關中國國家主權與領土完整，希望美方務必慎重處理。特朗普就說兩人討論貿易平衡、芬太尼及TikTok等議題。"
東盟外長會議今召開　討論共同打擊跨境電騙,2025-01-19 05:26,,2025-01-20 00:25,cinternational,rthk,https://news.rthk.hk/rthk/ch/component/k2/1788163-20250119.htm,"東盟外長會議今日在馬來西亞浮羅交怡召開，會討論共同打擊跨境電信詐騙等問題。

馬來西亞外長哈桑會前表示，這次東盟外長非正式會議將聚焦討論共同打擊跨境網絡賭博和電信網絡詐騙問題。

被問到會否接受中方提出加強與東盟國家執法安全合作，哈桑指相關討論仍然是初步階段，未有詳情。他又指出，隨著全球地緣政治和經濟形式日益複雜，若東盟無法保持團結，將面臨巨大損失。"
尹錫悅支持者闖入法院　被警方驅散,2025-01-19 03:55,,2025-01-20 00:25,cinternational,rthk,https://news.rthk.hk/rthk/ch/component/k2/1788161-20250119.htm,"南韓首爾西部地方法院正式批准拘捕涉嫌領導內亂的總統尹錫悅，他最長可被羈押20日。尹錫悅成為當地憲政史上首位以現任總統身份接受拘留調查的總統。

高級公職人員犯罪調查處日前以涉嫌發動內亂及濫用職權，向法院申請針對尹錫悅的拘捕令。法院昨日開庭5小時，聽取公調處及尹錫悅一方的陳詞，雙方激烈辯論尹錫悅上月宣布緊急戒嚴後，封鎖國會等相關措施是否可視作擾亂憲政秩序及發動暴亂。尹錫悅出庭接受必要性審查，作供約40分鐘。法官最後以嫌疑人可能銷毀證據為由批出拘捕令。聆訊結束後，尹錫悅返回首爾拘留所。

法官裁決後，約百名尹錫悅支持者翻越法院後門圍牆，有人擲石打碎門窗玻璃，有人就進入建築內部破壞，更有人搶警察盾牌，與警員爆發衝突。警方投入大量警力，展開驅散行動。"
內塔尼亞胡指以色列保留恢復戰鬥權利,2025-01-19 03:46,,2025-01-20 00:25,cinternational,rthk,https://news.rthk.hk/rthk/ch/component/k2/1788160-20250119.htm,"加沙停火協議首階段將於香港時間下午生效。以色列總理內塔尼亞胡發表電視講話，指根據協議33名人質會回家，當中大部分是生還者，其餘是遇難者遺體。

內塔尼亞胡又指，為期42日的首階段協議只是暫時停火，如果第二階段停火協議談判失敗，美國候任總統特朗普及現任總統拜登政府，完全支持以色列在必要時恢復戰鬥的權利。

他又提到過去15個月的加沙戰事，以軍擊殺哈馬斯領導人辛瓦爾，擊敗包括伊朗和黎巴嫩真主黨在內的區內敵人，改變中東面貌。"
特朗普稱很可能就任後暫緩執行TikTok強迫出售令90日,2025-01-19 02:37,,2025-01-20 00:25,cinternational,rthk,https://news.rthk.hk/rthk/ch/component/k2/1788159-20250119.htm,"美國候任總統特朗普表示，他很可能會在當地星期一就任後，就短片分享平台TikTok面對的強迫出售令，給予90日暫緩執行期。

特朗普接受傳媒電話訪問時說，他未作出最終決定，但正考慮延後生效TikTok不賣即禁的法令90日，認為是一個可考慮並合適的選擇，亦有可能完成，如果他決定這樣做，將會在星期一公布。

白宮發言人讓皮埃爾發表聲明，形容TikTok較早時聲稱除非在潛在法律後果方面獲得更明確澄清及保證，否則平台將被迫關閉的說法，只是出口術，白宮早已明確並直接闡明立場，即是執行強迫出售令的行動須由下屆政府負責，TikTok或其他公司無理由在特朗普就任總統前採取行動。

聯邦最高法院早前裁定，針對TikTok的強迫出售令無違憲，特朗普說過要時間研究裁決及審查情況，再決定TikTok的命運。"
南韓首爾法院批准拘捕尹錫悅　法官指他有可能毀滅證據,2025-01-19 02:36,,2025-01-20 00:25,cinternational,rthk,https://news.rthk.hk/rthk/ch/component/k2/1788158-20250119.htm,"南韓首爾西部地方法院凌晨正式批准拘捕涉嫌領導內亂的總統尹錫悅，尹錫悅最長可被羈押20日。他亦成為南韓憲政史上，首位以現任總統身份接受拘留調查的總統。

法院昨日開庭5小時，聽取南韓高級公職人員犯罪調查處和尹錫悅一方陳詞，雙方就尹錫悅上月3日宣布緊急戒嚴後封鎖國會等相關措施，是否可視作擾亂國家憲政秩序及發動暴亂，激烈辯論。

至於被羈押的尹錫悅親身出席，並在庭上發言大約40分鐘。法官凌晨簽發拘捕令，指尹錫悅有毀滅證據的可能。"
籌委會稱啟德演唱會為推動演唱會經濟發展打下基礎,2025-01-18 22:55,,2025-01-20 00:25,cfinance,rthk,https://news.rthk.hk/rthk/ch/component/k2/1788152-20250118.htm,"啟德體育園主場館晚上舉辦慈善演唱會，大約15000名觀衆入場。演唱會籌備委員會表示，啟德主場館首場演唱會測試完滿進行，為推動演唱會經濟發展，打下基礎，亦為香港的盛事經濟及文化創意產業發展，增添動力，開啟新章。善款在扣除成本支出後，全數撥捐香港公益金作慈善用途，推動本地青年事務發展。
 
演出業協會作為慈善演唱會的支持單位及提供專業顧問意見，主席許冰心表示，考慮到啟德主場館是新場地，按照獲批的檔期時限，進場搭建和採排，在製作及工程各方面都需要時間熟習，今次的舞台搭建以務實方式處理，但演出仍按演唱會行業的專業標準執行，整體成績令人滿意。

她又說，未來演出業在新場館的演唱會，還有很多優化空間，相信業界可以不斷發揮，為行業將來發展創造新機遇，對推動香港的演唱會經濟、盛事旅遊和文化創意產業發展。"
啟德主場館有扶手梯發生故障　H閘外數百人等候較長時間入場,2025-01-18 21:11,,2025-01-20 00:25,cfinance,rthk,https://news.rthk.hk/rthk/ch/component/k2/1788148-20250118.htm,"啟德體育園主場館晚上舉辦慈善演唱會，大約15000名觀衆入場，體育專員蔡健斌表示，交通、入場安排、活動協調和散場，整體暢順良好。

蔡健斌總結活動時表示，下午5時45分入場高峰期，連接3至5樓的一段扶手電梯故障，成為入場的樽頸時間，大約幾百人在H閘外等待。基於安全考慮，啟動應變機制，在2樓看台加開座位，往5樓的觀衆減少，並同主辦單位溝通，稍為推遲開場時間15分鐘，讓所有準時到場的觀衆安坐才開始演唱會，完場時間比原本推遲10分鐘。

他表示，得到的廣泛評價都是正面和成功，主辦單位整體滿意場地安排，認為設施配合預期效果，觀衆普遍評價正面，指場地新鮮、氣氛和體驗良好。他又說，現場音效非常好，開場小妹妹清唱的部分，充分測試場館的音效，今次主辦單位亦非常有經驗，有作出適當調教。

至於交通方面，他表示，絕大部分觀衆選擇公共交通工具進場和離場，主要是乘坐港鐵，完場後15分鐘超過8成觀衆離開主場館，不少人在附近的零售館消遣和晚飯，樂見主要設施互相配合。

蔡健斌說，下星期和農曆年假期後，將有更大型壓力測試，每個都超過5萬人參加，希望掌握數據和觀衆出入模式，為3月全面運作做好準備。"
「雪龍2」號到達阿蒙森海開始為期約一個月大洋考察,2025-01-18 20:22,,2025-01-20 00:25,greater_china,rthk,https://news.rthk.hk/rthk/ch/component/k2/1788143-20250118.htm,"執行中國第41次南極考察任務的「雪龍2」號極地科考破冰船，到達阿蒙森海預定作業站位，開始為期約一個月的大洋考察。
　
「雪龍2」號大洋隊隊長羅光富表示，今次考察項目包括南極海洋水文、氣象、化學、生物、地質等方面。

考察隊將採集極地海水、沉積物、氣體以及生物樣本，在船載實驗室進行處理和分析測試，持續監測極地海洋生態環境參數的年際變化，為認識和保護極地提供數據支撐。

本月上旬，「雪龍2」號停靠新西蘭利特爾頓港，進行物資補給和人員輪替。"
啟德體育園主場館演唱會傍晚約6時半開始　羅淑佩鄧炳強到場視察,2025-01-18 19:16,,2025-01-20 00:25,cfinance,rthk,https://news.rthk.hk/rthk/ch/component/k2/1788141-20250118.htm,"啟德體育園主場館傍晚舉行慈善演唱會，是首次在主場館舉行非體育項目的測試，共有18000人參與。演出原定傍晚6時開始，6時半仍有觀眾進場，演出在6時35分開始，馮允謙是首個登台表演的歌手。

文化體育及旅遊局局長羅淑佩、體育專員蔡健斌、保安局局長鄧炳強、警務處副處長周一鳴、旅發局總幹事程鼎一等到場視察。鄧炳強在開場前表示，運作暢順，因應以往放置水樽的情況，今次有所改善，包括現場設置回收桶等。"
Customs arrest two over 1.1 kgs of space oil drug,2025-01-18 19:15,,2025-01-20 00:25,elocal,rthk,https://news.rthk.hk/rthk/en/component/k2/1788140-20250118.htm,"Customs officers on Friday arrested a man and a woman at the airport, after allegedly finding 1.1 kilogrammes of the space oil drug strapped around their waists. 

They had arrived from Kuala Lumpur in Malaysia. 

The alleged drugs had a street value of 1.2 million Hong Kong dollars. 

The two suspects have been released on bail pending further investigation."
習近平在京出席活動　向全軍老同志祝賀新春,2025-01-18 18:52,,2025-01-20 00:25,greater_china,rthk,https://news.rthk.hk/rthk/ch/component/k2/1788139-20250118.htm,"農曆新年即將到臨之際，中央軍委昨日在北京舉行慰問駐京部隊老幹部迎新春文藝演出。中共中央總書記、國家主席、中央軍委主席習近平觀看演出，向在座的軍隊老同志，向全軍離退休老幹部，致以節日問候和新春祝福。

出席人士一致表示，要更加緊密團結在以習近平為核心的黨中央周圍，堅持以習近平新時代中國特色社會主義思想為指導，深入貫徹習近平強軍思想，深刻領悟「兩個確立」的決定性意義，堅決做到「兩個維護」，貫徹軍委主席負責制，弘揚光榮傳統、永葆政治本色，堅定信心、團結奮鬥，繼續為打好實現建軍一百年奮鬥目標攻堅戰，為以中國式現代化全面推進強國建設、民族復興偉業作出積極貢獻。"
林定國稱現有足夠法律工具處理人口販運　但會不停檢視優化法律,2025-01-18 18:25,,2025-01-20 00:25,cfinance,rthk,https://news.rthk.hk/rthk/ch/component/k2/1788136-20250118.htm,"律政司司長林定國說，人口販運不是新鮮議題，亦是外國很關注香港的一部分，要很小心處理和保持高度警覺性，不可以令人有藉口，作出不公道的攻擊。

對於有意見認為應儘快針對販運人口立法，林定國在香港新聞博覽館6周年座談會回應指，本港人口自由流動，代價是很注視販運人口問題，因此很關心國際條約和國際組織要求，不希望被指是販運人口缺口，影響香港國際形象。

他指出，不同國家有不同方式處理，包括選擇一套法律或針對性用不同法律，香港基於歷史原因，正透過超過50條法律處理。

林定國相信現時有足夠法律工具，但一定會不停檢視，將來是否優化法律可以再研究，要理性討論立法的好處，他強調不需要懷疑政府打擊販運人口的決心和過去的努力，因為絕對有跡可尋。"
"Talent scheme applications reach 100,000",2025-01-18 16:00,,2025-01-20 00:25,elocal,rthk,https://news.rthk.hk/rthk/en/component/k2/1788124-20250118.htm,"Secretary for Constitutional and Mainland Affairs Erick Tsang on Saturday said the administration had received nearly 120,000 applications through the Top Talent Pass Scheme by the end of last year. 

Speaking at a luncheon event, the minister noted that more than 90,000 applications have been approved and about 76,000 people have arrived in Hong Kong. 

Nine universities on the mainland and four overseas were added to the list of institutions covered by the talent scheme in November last year.

With an annual update at the beginning of this year, 199 universities are now on the list."
共同社：蘇州日本母子遇襲案下周四宣判,2025-01-18 15:28,,2025-01-20 00:25,greater_china,rthk,https://news.rthk.hk/rthk/ch/component/k2/1788119-20250118.htm,"共同社引述日本政府消息人士透露，去年6月在江蘇蘇州市發生的日本母子遇襲案，蘇州市中級人民法院將於下星期四，對50多歲的中國籍男被告宣判。

案發在去年6月24日，一名30多歲日本女子和她的兒子，在車站等候校車期間被人用刀割傷，試圖阻止疑犯行兇的中國籍校車女保姆被刺中，傷重不治，疑犯當場被捕，去年11月底被起訴。

報道引述日中關係消息人士透露，疑犯案發前從外地來到蘇州，沒有工作和家人，深感孤獨，不清楚動機，會否在判決中公布有關內容成為焦點。"
'Businesses need to adapt and innovate',2025-01-18 13:02,,2025-01-20 00:25,elocal,rthk,https://news.rthk.hk/rthk/en/component/k2/1788115-20250118.htm,"The Secretary for Commerce and Economic Development, Algernon Yau, said it's important for the city's retail, catering and hotel sectors to be adaptable and innovative - to attract a broader consumer base. 

Speaking on an RTHK programme on Saturday, he said the total number of visitors to Hong Kong last year surpassed 44 million, marking a 30 percent annual increase. 

He added that despite the SAR experiencing a 7.3 percent year-on-year decline in retail sales value last November, there was a positive shift during the Christmas and New Year period, with some businesses reporting double-digit growth.

""Apart from an increase in visitors from mainland China, there were also many more visitors from Southeast Asia under the new 'multiple-entry visa' scheme. I believe that, especially this year, this should greatly benefit the retail sector, particularly during holidays,"" he said. 

""But given the overall global economic environment and changing consumer patterns, we need to adapt. The retail and catering sectors need to think about how to transform. Hong Kong has many eateries with long queues, indicating their popularity. We can look at why these eateries are so successful.""

He also said online shopping is going to become the dominant trend in the global retail landscape, making it necessary for businesses to revamp their business models.

Yau said the Hong Kong Brands and Products Expo this year will be promoted on e-commerce platforms across mainland China and Southeast Asia. 

He added that the SAR offers a plethora of sought-after brands and products, including food, cosmetics, and health items that hold significant popularity in mainland markets.

Asked if recent cases of Hong Kong residents being forced to work on illegal scams in several Southeast Asian countries would impact Hong Kong businesses' willingness to invest and operate in those areas, Yau said the two issues should not be intertwined.

""Hong Kong has been doing business in Southeast Asia for a long time. There are many Hong Kong businesses in Thailand, Myanmar, Cambodia, Vietnam and Laos. When I went to Cambodia, there were also many Hong Kong people who are living happily there and setting up business there. Similarly, there are Hong Kong businesses in Laos,"" he said. 

""I think these are two separate matters that should not be confused. The occurrence of such events should not affect people's willingness to do business."""
CE puts best foot forward in North Point visit,2025-01-18 12:24,,2025-01-20 00:25,elocal,rthk,https://news.rthk.hk/rthk/en/component/k2/1788112-20250118.htm,"Chief Executive John Lee on Saturday wrapped up a visit to the harbourfront boardwalk in North Point to talk to Hongkongers – and managed to fit in an impromptu jog. 

The walkway – built under the Island Eastern Corridor – spans 2.2 kilometres in total. 

The section from Fortress Hill to North Point will open to the public on January 26. 

The boardwalk will have viewing platforms and shared spaces for pedestrians, joggers, cyclists, and pet owners. 

Movable bridges have also been installed to allow vessels access to the inner waters. 

The Development Bureau and the Eastern District Office invited some people on Saturday to try out the boardwalk – while Lee was there for an inspection. 

After an inspection of about half an hour, Lee invited some Hongkongers to join him for a jog along the boardwalk.

“My personal feeling is that whether you run, jog, or cycle along the boardwalk, the scenery is amazing. It’s nice to take in the views in a busy schedule, and Hong Kong is a beautiful place to call home,” he said after the run. 

The Development Bureau earlier announced that the section between North Point and Quarry Bay will be opened in phases in the second half of this year.

After the completion of the project, a 13-kilometre harbourfront promenade will connect Kennedy Town in the west with Shau Kei Wan in the east of Hong Kong Island."
中越領導人互致賀電慶祝兩國建交75周年,2025-01-18 11:51,,2025-01-20 00:25,greater_china,rthk,https://news.rthk.hk/rthk/ch/component/k2/1788111-20250118.htm,"中共中央總書記、國家主席習近平與越共中央總書記蘇林及越南國家主席梁強互致賀電，慶祝兩國建交75周年。

習近平表示，高度重視中越關係發展，願同越方一同努力，以兩國建交75周年暨「中越人文交流年」為契機，深化戰略互信，加強務實合作，在社會主義現代化建設新征程上繼續同舟共濟、攜手前進，推動構建具有戰略意義的中越命運共同體不斷取得新成果，更好造福兩國人民，為振興世界社會主義事業、促進人類發展進步作出重要貢獻。

蘇林表示，越南黨、政府和人民始終將發展對華關係視為越南外交政策的一貫主張和頭等優先。梁強表示，願同中方一同持續深化全面戰略合作，推動構建具有戰略意義的越中命運共同體。"
Children should get flu jabs 'before LNY travel',2025-01-18 11:25,,2025-01-20 00:25,elocal,rthk,https://news.rthk.hk/rthk/en/component/k2/1788108-20250118.htm,"A paediatrician has urged parents planning Lunar New Year travels with their kids to ensure their children get their flu jabs immediately, citing an increased risk of influenza-related complications following the pandemic. 

Speaking to reporters after appearing on a radio programme on Saturday, Dr Patrick Ip, from the University of Hong Kong's department of paediatrics, said severe influenza infections could result in complications such as pneumonia, pneumococcal infection or respiratory syncytial virus infection, posing a heightened risk, especially for children.

He added that the vaccination rate among children is still low, with more than 50 percent yet to receive their jabs.

""We are already entering into the winter and already entering into the peak season of influenza outbreak. We want to encourage all the parents to try to bring your children to receive influenza vaccination as quickly as possible. Now for those younger children younger than nine years old, they need to receive at least two doses of influenza vaccine separated by four weeks,"" he said.

""For each dose of influenza, usually after the vaccination, it takes two weeks to become much more effective in protection.""

He said parents have different vaccination options available for their children, which can be accessed at different locations.

""The vaccination programme this year actually has been well being conducted in the different areas including by hospital clinic settings, but also with a very good outreach programme,"" he said. 

""This year, the government ... allowed a very flexible on-site vaccination scheme to the schools. They can choose either to receive the conventional injection of inactivated vaccine or they could also choose the nasal influenza live-attenuated vaccine option.""

Ip added that the upward trend in influenza cases is expected to continue, predicting more severe instances in the next few weeks."
Law change on public housing misuse on its way,2025-01-18 11:03,,2025-01-20 00:25,elocal,rthk,https://news.rthk.hk/rthk/en/component/k2/1788106-20250118.htm,"Secretary for Housing Winnie Ho on Saturday said the government is confident of passing a law change this legislative session making serious misuse of public housing a crime. 

Under the proposed amendments to the Housing Ordinance, people who break the rules - such as subletting units or using them for business without living there - can face fines of up to HK$500,000 and jail terms of up to a year. 

Currently, the toughest punishment for rule-breakers is eviction.  

Speaking on a Commercial Radio programme, Ho gave some examples of what might qualify as serious misuse.

“For example, one unit had lots of mirrors installed and was used as a dance studio. And we found a unit which had fitness equipment in which the tenant was training gym-goers. In these situations, people aren't living there, and they're using public housing to make money, so we class this as serious misuse of public housing,” she said. 

Ho said the administration would look at each instance on a case-by-case basis, and would be reasonable and compassionate in enforcing the law. 

For example, residents who hold small-scale tutorial classes for money, or make handcrafts for online businesses might not be seen as seriously misusing their units, the housing minister said. 

She added that the administration had held talks with major parties and received their support.   

The Legco's panel on housing is scheduled to discuss the legislation change next month. 

Meanwhile, the cash reward scheme for people who want to report illegal public housing use kicked off on Wednesday. 

Ho said about 200 reports had been submitted in the last two days, although one-fourth of informants didn’t want the reward, and there were some false claims. 

She estimated there would be about 1,300 successful reports this year, with authorities giving out more than HK$4 million in cash."
TikTok稱除非拜登政府不強制執行禁令　否則周日被迫關閉,2025-01-18 10:16,,2025-01-20 00:25,greater_china,rthk,https://news.rthk.hk/rthk/ch/component/k2/1788103-20250118.htm,"美國聯邦最高法院裁定維持對短片分享平台TikTok「不賣即禁」的命令。

候任當選總統特朗普回應，每個人都必須尊重法庭裁定，他將於不久將來決定TikTok的命運。

而TikTok發表聲明表示，除非拜登政府立即發表明確聲明，確保不強制執行禁令，否則TikTok將在當地時間星期日被迫關閉。"
美元指數升約0.4%　重上109水平,2025-01-18 07:35,,2025-01-20 00:25,cfinance,rthk,https://news.rthk.hk/rthk/ch/component/k2/1788092-20250118.htm,"美元指數重上109水平，較早時報109.4，升約0.4%。

美元兌日圓上升0.68%，報156.165日圓。英鎊兌美元下跌0.6%，至1.2166美元。

歐元兌美元下跌0.26%，報1.0276美元。

比特幣一度觸及4周最高，曾升逾5%。業界希望即將上任的特朗普政府就加密貨幣相關政策作出轉變。"
港股ADR較本港昨日收市價普遍上升,2025-01-18 07:35,,2025-01-20 00:25,cfinance,rthk,https://news.rthk.hk/rthk/ch/component/k2/1788094-20250118.htm,"港股美國預託證券(ADR)普遍上升。

阿里巴巴ADR較本港昨日收市價升逾2%。

滙控及騰訊ADR升逾1%。小米ADR升近1%。"
習近平應約與特朗普通電話　指對抗衝突不應是選擇,2025-01-18 07:25,,2025-01-20 00:25,greater_china,rthk,https://news.rthk.hk/rthk/ch/component/k2/1788095-20250118.htm,"國家主席習近平應約與美國候任總統特朗普通電話。習近平說中美之間擁有廣泛共同利益及廣闊合作空間，可以成為伙伴及朋友。他強調台灣問題事關中國國家主權與領土完整，希望美方務必慎重處理，又指中美經貿關係本質是互利共贏，對抗衝突不應該是雙方選擇。

特朗普就說兩人討論貿易平衡、芬太尼及TikTok等議題，強調會與習近平做一切事情，令世界更加和平及安全。"
英超曼城同夏蘭特續約10年,2025-01-18 07:12,,2025-01-20 00:25,csport,rthk,https://news.rthk.hk/rthk/ch/component/k2/1788093-20250118.htm,"英超曼城官方宣布，同24歲挪威前鋒夏蘭特續約10年。

這是英超最長的球員合約，球會方面同意合約提前半年生效。

夏蘭特於2022年由德甲的多蒙特加盟，原本的合約至2027年。

有英國傳媒披露，他的周薪將由37.5萬鎊，大幅上升50萬鎊，如果屬實，將冠絕英超。

夏蘭特表示，很高興簽下了新合約，期待能在這間偉大的球會度過更多的時光。曼城是一間特別的球會，充滿出色的球員和令人驚嘆的球迷，這種環境有助每個人發揮最好的水平。他又感謝領隊哥迪奧拿，教練團隊、隊友以及球會每個人，因為他們在過去幾年給了自已很大幫助。

哥迪奧拿表示，夏蘭特的長合約表明他信任球會。他指夏蘭特在這裏適應得很好。他和家人一起決定未來十年這裏是最好的地方。"
金價偏軟　因美元上升,2025-01-18 06:26,,2025-01-20 00:25,cfinance,rthk,https://news.rthk.hk/rthk/ch/component/k2/1788090-20250118.htm,"金價偏軟，受到美元上升影響。

現貨金較早時報每盎司2701.03美元，下跌0.4%。

紐約期金收報每盎司2748.7美元，下跌0.1%。"
英美期油跌約0.6%至1%,2025-01-18 06:26,,2025-01-20 00:25,cfinance,rthk,https://news.rthk.hk/rthk/ch/component/k2/1788089-20250118.htm,"原油期貨價格下跌。投資者評估美國當選總統特朗普重返白宮的潛在影響。

倫敦布蘭特期油收報每桶80.79美元，下跌50美仙，跌幅0.62%。

紐約期油收報每桶77.88美元，下跌80美仙，下跌1%。"
道指升334點　納指彈1.5%　3大指數全周升逾2%至近4%,2025-01-18 05:51,,2025-01-20 00:25,cfinance,rthk,https://news.rthk.hk/rthk/ch/component/k2/1788088-20250118.htm,"美股上升，國家主席習近平與美國候任總統特朗普通電話，市場關注中美關係發展，並等待新政府推出的政策。

道瓊斯指數一度升500點，觸及43653點，收報43487點，升334點，升幅0.78%。標準普爾500指數曾升穿6000點，但未能企穩收市，收報5996點，升59點，升幅1%。納斯達克指數收報19630點，升291點，升幅1.51%。

總結全星期，3大指數錄得今年以來首次單周升幅，道指升3.7%，標普500指數升2.9%，兩者都創下自去年11月初以來的最大單周升幅，納指升2.45%，是去年12月初以來的最好表現。

Nvidia及博通升3%或以上，有大行上調目標價。據報英特爾可能被收購，股價急升逾9%。

反映中概股表現的納斯達克中國金龍指數升逾3%。"
歐股上升　英股創新高,2025-01-18 05:50,,2025-01-20 00:25,cfinance,rthk,https://news.rthk.hk/rthk/ch/component/k2/1788086-20250118.htm,"歐洲股市上升，受惠於國債收益率下跌。

英國富時100指數收報8505點，創新高，升113點，升幅1.35%。

法國CAC指數收報7709點，升75點，升幅0.98%。

德國DAX指數收報20903點，升248點，升幅1.2%。"
Tech sector underpins US market gains,2025-01-18 05:39,,2025-01-20 00:25,efinance,rthk,https://news.rthk.hk/rthk/en/component/k2/1788087-20250118.htm,"US stock indexes closed their best week in two months with a flourish on Friday. 

The S&P 500 rose 59.32 points, or one percent, to 5,996.66. The Dow Jones Industrial Average gained 334.70, or 0.8 percent, to 43,487.83, and the Nasdaq composite jumped 291.91 points, or 1.5 percent, to 19,630.20.

The gains were driven by big tech stocks. 

All the companies in the so-called Magnificent Seven rose: Alphabet, Amazon, Apple, Meta Platforms, Microsoft, Nvidia and Tesla. 

Stocks were helped this week by an encouraging report on US inflation , which raised hopes that the Federal Reserve may deliver more interest rate cuts this year. 

Despite the latest inflation data, some experts are still bearish about the prospects for more cuts. With the US economy in solid overall shape, ""you shouldn't fix what's not broken,"" Bank of America economists Claudio Irigoyen and Antonio Gabriel said in a BofA Global Research report.

They also pointed to the uncertainties created by ""Trumponomics 2.0,"" amid fears that the new administration's policies could help push up inflation. (AP)"
美法院裁定TikTok強迫出售不違憲　指國會確定剝離資產必要,2025-01-18 02:39,,2025-01-20 00:25,greater_china,rthk,https://news.rthk.hk/rthk/ch/component/k2/1788082-20250118.htm,"美國聯邦最高法院裁定，針對TikTok的強迫出售令並無違憲。

最高法院法官在一份一致裁定的裁決書中形容，對於超過1億7千萬用戶來說，TikTok毫無疑問提供了獨特而廣闊的表達渠道及參與方式，有如一個社區，但國會方面已經確定，母公司剝離作為在美資產的TikTok是必要，以消除涉及TikTok收集數據方式及外國對手的強烈國安疑慮。法庭的結論是美國憲法第一修正案的相關條文，並無侵犯申請人一方獲賦予的權利，決定維持下級法院就TikTok強迫出售令的裁決。

中方早前批評美方任意打壓別國優秀企業，毫無公平正義可言，中方將採取一切必要措施，堅決維護自身合法權益。"
日產全球裁員計劃據報包括日本員工　董事體制縮小盼加快決策,2025-01-18 01:56,,2025-01-20 00:25,cfinance,rthk,https://news.rthk.hk/rthk/ch/component/k2/1788081-20250118.htm,"日產汽車全球裁員9000人的計劃中，據報包括日本員工，作為經營合理化的部分措施。

共同社報道，考慮到公司力爭在6月與本田汽車簽署經營合併協議，日產將徹底在架構上實現「瘦身」，目前63人的董事體制亦將於4月縮小，希望能加快決策。另外，公司亦會簡化管理層級，希望可靈活根據需求調整銷售策略，縮短車輛及引擎開發時間，消除本田對日產重振業務的疑慮。

日產早前的財年中期合併財報，同時公布了經營合理化措施，核心內容是在全球裁員超過13萬3千人的計劃中，削減9000人，相當於大約7%員工，但當時未有透露是否包括日本員工。日本員工約佔總體僱員的45%，北美約佔30%，日本以外的亞洲約佔13%，歐洲約佔7%，日產之後將敲定各國及地區的裁員人數。"
IMF：中國去年經濟增長有驚喜　上調今明年增長預測,2025-01-18 00:23,,2025-01-20 00:25,greater_china,rthk,https://news.rthk.hk/rthk/ch/component/k2/1788075-20250118.htm,"國際貨幣基金組織(IMF)首席經濟學家古蘭沙表示，中國去年經濟增長5%，高於IMF預期的4.8%，形容是驚喜。

IMF將今年中國經濟增長預測輕微上調0.1個百分點至4.6%，明年經濟增長預測上調0.4個百分點至4.5%，反映財政措施帶來額外增長動力。

IMF將今年全球經濟增長預測上調至3.3%，比去年10月預測高0.1個百分點；明年增長預料亦是3.3%。

另外，IMF將美國今明年經濟增長預測分別上調至2.7%及2.1%。"
美國上月工業生產按月升0.9%勝預期,2025-01-18 00:21,,2025-01-20 00:25,cfinance,rthk,https://news.rthk.hk/rthk/ch/component/k2/1788072-20250118.htm,"美國上月工業生產按月增長0.9%，增速快過預期的0.3%，比前月加快0.7個百分點。

上月產能利用率升至77.6%，按月升0.6個百分點，高於預期。

另外，製造業產出按月升0.6%，增速加快0.2個百分點，高於預期。"
國航料去年淨虧損約1.6億至2.4億元人民幣,2025-01-18 00:21,,2025-01-20 00:25,cfinance,rthk,https://news.rthk.hk/rthk/ch/component/k2/1788073-20250118.htm,"國航發盈警，預料去年淨虧損約1.6億至2.4億元人民幣。

國航表示，民航市場恢復進程加快，集團提升機隊效率，加強量價把控穩定收益品質，嚴格成本管控推動降本節支，經營質效持續改善，以致業績按年大幅收窄虧損。

但由於經營形勢日趨複雜多變，受國內市場競爭加劇、國際市場不確定性增加、油價匯率等價格波動影響，集團仍處於經營虧損狀態。"
習近平與特朗普通電話　同意建立戰略溝通渠道,2025-01-17 23:08,,2025-01-20 00:25,greater_china,rthk,https://news.rthk.hk/rthk/ch/component/k2/1788074-20250117.htm,"國家主席習近平晚上與美國候任總統特朗普通電話。兩國元首同意建立戰略溝通渠道，就共同關心的重大問題保持經常性聯繫。雙方亦討論到貿易和台灣問題。

習近平應約與特朗普通電話。習近平指出雙方高度重視彼此互動，希望中美關係，在美國總統新任期有好開始，願推動中美關係在新的起點上，取得更大進展。

習近平強調，中美兩國擁有廣泛共同利益和廣闊合作空間，可以成為夥伴和朋友，相互成就，共同繁榮，造福兩國，惠及世界。他指出，作為兩個國情不同的大國，中美之間難免會有分歧，關鍵是要尊重彼此核心利益和重大關切，找到妥善解決問題的辦法。台灣問題事關中國國家主權和領土完整，希望美方務必慎重處理。中美經貿關係的本質是互利共贏，對抗衝突不應是選擇。雙方要本著相互尊重、和平共處、合作共贏原則，加強合作，多辦一些有利於兩國和世界的大事、實事、好事，讓中美兩艘巨輪沿著穩定、健康、可持續發展的航線不斷前行。

新華社報道，特朗普形容與習近平之間是偉大關係，十分珍視，希望繼續保持對話溝通，期待盡快與習近平見面，並指美中是當今世界最重要國家，應保持長久友好，共同維護世界和平。兩人亦就烏克蘭危機、巴以衝突等共同關心的重大國際與地區問題交換意見。"
美股初段造好　3大指數升近1%或以上,2025-01-17 22:50,,2025-01-20 00:25,cfinance,rthk,https://news.rthk.hk/rthk/ch/component/k2/1788070-20250117.htm,"美股初段造好，美國候任總統特朗普下周一上任，市場關注新政府的政策。另外，較早時，國家主席習近平與特朗普通電話，市場關注中美關係發展。

道瓊斯指數較早時報43504點，升350點，升幅0.81%。

納斯達克指數報19585點，升247點，升幅1.28%。

標準普爾500指數報5989點，升52點，升幅0.88%。"
習近平與特朗普通話　稱願推動中美關係在新起點上取得更大進展,2025-01-17 22:44,,2025-01-20 00:25,greater_china,rthk,https://news.rthk.hk/rthk/ch/component/k2/1788069-20250117.htm,"國家主席習近平晚上同美國候任總統特朗普通電話。 

新華社報道，習近平表示，雙方都高度重視彼此互動，都希望中美關係在美國總統新任期有一個好的開始，願推動中美關係在新的起點上取得更大進展。

路透社報道，特朗普表示與習近平討論了貿易、TikTok和芬太尼問題，他說這次對話對中美兩國都是非常好，二人將一同解決很多問題。"
IMF raises global growth outlook,2025-01-17 22:27,,2025-01-20 00:25,efinance,rthk,https://news.rthk.hk/rthk/en/component/k2/1788065-20250117.htm,"Global growth is expected to increase slightly this year while remaining stuck below its pre-pandemic average, the IMF said on Friday, flagging the growing economic divide between the United States and European countries.

In an update to its flagship World Economic Outlook report, the International Monetary Fund said it expects global growth to hit 3.3 percent this year, up 0.1 percentage point from its previous forecast in October, and to remain at 3.3 percent in 2026.

""Growth is steady,"" IMF chief economist Pierre-Olivier Gourinchas told reporters, adding it remained below the average global growth rate in the first two decades of the 21st century of 3.7 percent.

The IMF expects the global inflation rate to continue decelerating, reaching 4.2 percent this year and 3.5 percent in 2026, with prices cooling faster in advanced economies than in emerging markets.

""Among advanced economies, the interesting development here is the strength and resilience and growth of the US economy,"" Gourinchas said, pointing to the IMF's decision to hike its outlook for US growth to 2.7 percent in 2025 and to 2.1 percent in 2026.

""The labour market has been strong, there is strong demand, private demand is robust, there is good confidence,"" he said.

The IMF expects China's growth rate to continue cooling this year to 4.6 percent, up 0.1 percentage point from the October forecast, before easing to 4.5 percent next year.

The slight upgrade was due to the Chinese government's recently announced package of fiscal support to help prop up the economy, amid an ongoing property market slump and uncertainty about trade policy once Donald Trump takes office next week.

The slowdown in growth in the world's second-largest economy is leading to something of a ""rebalancing"" among emerging markets, Gourinchas said, with countries including India -- which the IMF expects to grow by 6.5 percent this year and next -- playing a more important role.

Growth in the Middle East and Central Asia is expected to pick up by less than previously forecast due largely to the effect of oil production cuts by the Opec+ group of oil-producing nations, which includes Saudi Arabia.

One of the risks to the IMF's forecasts is policy uncertainty in the United States, where Trump is preparing to return to the White House and has threatened to unleash tariffs on a host of nations including China.

Still, the economic picture in America stands in stark contrast to the Euro area, where a sharp downgrade for Germany has dampened expectations for a rebound in growth.

The IMF now sees Euro area growth to increase slightly to 1.0 percent this year, and 1.4 percent in 2026, below its October forecasts. (AFP)"
美國上月新屋動工及建築許可勝預期,2025-01-17 22:23,,2025-01-20 00:25,cfinance,rthk,https://news.rthk.hk/rthk/ch/component/k2/1788064-20250117.htm,"美國上月新屋動工、建築許可數據好過市場預期。

上月新屋動工按月升15.8%，以年率計149.9萬間，超出預期的132萬間。

上月建築許可按月跌0.7%，以年率計148.3萬間，多於預期的146萬間。"
中央組織部任命劉昆為全國社會保障基金理事會黨組書記,2025-01-17 22:10,,2025-01-20 00:25,greater_china,rthk,https://news.rthk.hk/rthk/ch/component/k2/1788063-20250117.htm,"中央組織部在全國社會保障基金理事會領導幹部會議中宣布，決定任命前財政部部長劉昆，為全國社會保障基金理事會黨組書記，免去丁學東的有關職務。

劉昆在2018年起擔任財政部部長，其後於2023年被免去職務。"
'HK has to strengthen its international connectivity',2025-01-17 22:05,,2025-01-20 00:25,elocal,rthk,https://news.rthk.hk/rthk/en/component/k2/1788059-20250117.htm,"The director of Beijing's Liaison Office in Hong Kong, Zheng Yanxiong, on Friday said the SAR has to strengthen its advantage of international connectivity, and not weaken it. 

He made the comment during the office's annual spring reception at the Convention and Exhibition Centre in Wan Chai. 

Zheng said Hong Kong needs to ""shoulder its sacred responsibilities to the motherland"" by safeguarding the constitutional order and the One Country, Two Systems principle, while being able to adapt to changes and be innovative. 

He said while the world is going through great changes not seen in a century, Hong Kong could seize the opportunities that came its way as it has the country's strong backing.

""Hong Kong can surely attract money and resources from all sides. The key is to achieve our better selves through staying upright, and continue to write the legendary story of Hong Kong in the new era,"" Zheng said.

The director said by staying upright, he meant maintaining a business environment that is free and based on the rule of law, as well as an inclusive and multicultural environment.

""We need to persist in connecting both with the mainland and with the world, while resolutely integrating into the country's overall development,"" he said.

""Hong Kong's advantage to connect internally, is that it is an external-oriented [city.] Its international advantages can only be strengthened, not weakened.""

Zheng went on to stress that safeguarding security and focusing on development go hand in hand, and local officials have to always stay vigilant.

Speaking at the same event, Chief Executive John Lee said he would lead the government in uniting different sectors of society, while working hard on reforms. 

He said Hong Kong would focus on increasing the liquidity of offshore reminbi, in a bid to attract more mainland and international firms to list on the local stock exchange. 

The CE added that officials would also look into improving the mechanism of connecting local financial markets with those on the mainland, as well as signing more investment and trade pacts with different countries and regions."
深港馬拉松暨全運會測試賽下月23日舉行,2025-01-17 21:55,,2025-01-20 00:25,greater_china,rthk,https://news.rthk.hk/rthk/ch/component/k2/1788062-20250117.htm,"中國田徑協會將於下月23日舉行深港馬拉松暨全運會測試賽。

賽事將於深圳及香港舉行，中國香港田徑總會表示，收到中國田徑協會邀請港隊參與賽事，各代表單位最多派3男3女運動員參賽，測試賽運動員人數不得超過100人。

田總表示，參賽運動員要持有有效回鄉證，於2006年或之前出生，男子運動員馬拉松成績要達到2小時53分，女子運動員要達到3小時22分才能參賽。田總會根據運動員表現及國際評分等再進行選拔。"
新華社：習近平同特朗普通電話,2025-01-17 21:40,,2025-01-20 00:25,greater_china,rthk,https://news.rthk.hk/rthk/ch/component/k2/1788061-20250117.htm,新華社報道，國家主席習近平同美國當選總統特朗普晚上通電話。
中證監同意國泰君安吸收合併海通證券　1年內上報具體整合方案,2025-01-17 20:55,,2025-01-20 00:25,cfinance,rthk,https://news.rthk.hk/rthk/ch/component/k2/1788053-20250117.htm,"中國證監會公布，同意國泰君安以新增近59.86億股股份，吸收合併海通證券，並募集配套資金不多於100億元人民幣。

國泰君安將於1年內制定並上報具體整合方案，明確時間表，妥善有序推進整合工作。另外，要在承諾時限內，穩妥有序完成海通期貨、國泰君安期貨的整合工作。

在整合工作完成前，國泰君安應當切實做好與海通證券及其子公司的風險隔離，嚴格規範關聯交易，嚴防利益衝突及輸送風險。

中證監指，兩家公司應當有序推進吸收合併工作，落實相關業務、客戶及員工銜接安置方案，確保客戶合法權益不受損，妥善安置員工，維護社會穩定。吸收合併完成後，海通證券依法解散，其分支機構變更為國泰君安分支機構。

另外，中證監亦核准國泰君安成為富國基金、海富通基金、海通期貨的主要股東，上海國際集團成為後兩者的實際控制人。"
國常會：加大對重點群體就業扶持　開展大規模職業技能培訓,2025-01-17 20:32,,2025-01-20 00:25,greater_china,rthk,https://news.rthk.hk/rthk/ch/component/k2/1788049-20250117.htm,"國務院總理李強主持召開國務院常務會議，研究促進就業有關政策措施，要求加大對重點群體的就業扶持，提高相關專項貸款授信額度。

會議內容指，要開展大規模職業技能培訓，在培訓資金投入、設施建設、企業參與等方面加大支持。要聚焦先進製造、服務消費、民生保障等重點領域，提升經濟發展的就業帶動力；研究高等教育綜合改革試點工作。

會議提到，要著力提升基層基本醫療服務水平，擴大基層用藥種類，加強醫務人員培訓，提升慢性病及常見病的預防治療康復能力，積極推進分級診療制度建設等。"
劉昆出任社保基金理事會黨組書記,2025-01-17 20:30,,2025-01-20 00:25,greater_china,rthk,https://news.rthk.hk/rthk/ch/component/k2/1788050-20250117.htm,"全國社會保障基金理事會召開領導幹部會議宣布，中央決定劉昆出任全國社保基金理事會黨組書記，免去丁學東的黨組書記職務。

媒體根據過往官方機構任職流程，預料劉昆將接任社保基金理事會理事長。

劉昆2023年10月被免去財政部部長職務，由藍佛安接任。"
'Govt is very cautious when considering tax reform',2025-01-17 18:36,,2025-01-20 00:25,efinance,rthk,https://news.rthk.hk/rthk/en/component/k2/1788035-20250117.htm,"Financial Secretary Paul Chan on Friday said the government was very cautious when considering tax reforms and that many factors had to be taken into consideration.

Speaking at a forum organised by the Chinese General Chamber of Commerce, Chan said the government hoped to achieve a fiscal balance in three years, but the SAR would focus more on managing costs than generating revenue.

""In terms of raising taxes, first, we must consider our competitiveness, comparing to our neighbouring regions and the impact on attracting enterprises and investment,"" he said.

""Second, as society recovers from the pandemic, including small and medium enterprises, big corporations, and even individuals, we have to rebuild our balance sheets. We hope to provide more room for companies and individuals to strengthen their financial abilities.""

The government deducted one percent from the recurrent expenditure resources of government departments from the 2024/25 financial year.

The finance minister said the government would look into whether there was a need to further reduce expenditures in his Budget, due to be announced next month.

On whether the ""affordable users pay"" principle could be further implemented, he said Hong Kong has to work on it in a gradual and orderly way.

Chan added there were currently no plans to cut costs on infrastructure, saying the Northern Metropolis project could not be delayed."
Govt raises travel alert for parts of Myanmar to red,2025-01-17 17:51,,2025-01-20 00:25,elocal,rthk,https://news.rthk.hk/rthk/en/component/k2/1788030-20250117.htm,"The government on Friday raised its travel alert for southeastern Myanmar to red, following cases of Hongkongers being lured there and forced to work at scam farms. 

Red is the middle level of the government's three-tier outward travel alert system, meaning there is a significant threat of going to the place and people should avoid making non-essential trips. 

The Security Bureau is calling on people to avoid non-essential travel to four districts of the country, while keeping the alert level at amber for other parts of Myanmar. 

""Residents who plan to visit south-eastern regions of Myanmar, including Myawaddy district, Hpapun district, Hpa-An district, and Kawkareik district should adjust their travel plans and avoid non-essential travel there,"" the government said in a statement.

It said for those who are already there, they should monitor the situation, exercise caution and attend to their personal safety.

While officials said they have received reports that some Hong Kong people are also trapped in Cambodia, security officials have kept the alert level for the country at amber.

They said they've updated the website with new information, to remind people to exercise caution and beware of overseas job scams.

Security minister Chris Tang told a HOY TV programme on Friday that the alert was raised because it is now riskier for Hongkongers to be in those districts in Myanmar. 

He said there are currently no plans to raise the travel alert for Thailand -- where some victims had initially gone to before being taken to scam farms.
_____________________________
Last updated: 2025-01-17 HKT 22:09"
Local stocks end the week in positive territory,2025-01-17 17:21,,2025-01-20 00:25,efinance,rthk,https://news.rthk.hk/rthk/en/component/k2/1788026-20250117.htm,"Hong Kong's stock market ended higher on Friday with the benchmark Hang Seng Index up 0.31 percent to close at 19,584 points.

China's blue-chip CSI300 Index also closed up 0.3 percent, while the Shanghai Composite Index gained 0.2 percent.

The markets ended the week with gains, boosted by news that China's economy ended 2024 on a strong footing, helped by a flurry of stimulus measures. 

The economy grew 5.4 percent in the fourth quarter from a year earlier, beating analysts' expectations and marking the quickest rise since the second quarter of 2023. (Xinhua/Reuters)"
HK to see more opportunity than challenges in 2025: FS,2025-01-17 16:39,,2025-01-20 00:25,efinance,rthk,https://news.rthk.hk/rthk/en/component/k2/1788007-20250117.htm,"Financial Secretary Paul Chan on Friday said Hong Kong would see more opportunities than challenges this year.

Speaking at a forum organised by the Chinese General Chamber of Commerce, Chan said the city's economy saw improvements in the past year in areas like innovation and technology, while attracting enterprises and investment.

The finance chief said the economic performance of Asian countries was strong, which included China recording five percent GDP growth in 2024.

He said Hong Kong should continue to leverage its unique advantages, and reinforce its connectivity with both the mainland and the world.

""While consolidating traditional markets in Europe and the United States that are closely connected to Hong Kong, we have to fully explore new markets and sources of capital at the same time,"" Chan said.

""Hong Kong not only acts as a bridge for the mainland and advanced economies like Western countries and the United States, but it also serves as a link for the mainland and Global South countries, including in the Middle East, Southeast Asia and Central Asia.""

Chan said Hong Kong's economy would still undergo a structural adjustment this year, and the United States' presidential handover would bring uncertainties to the market.

But he stressed that the SAR would have a ""better future"" through reform and change."
Young woman loses more than HK$9mn in phone scam,2025-01-17 15:56,,2025-01-20 00:25,elocal,rthk,https://news.rthk.hk/rthk/en/component/k2/1788001-20250117.htm,"Police say an 18-year-old woman has lost around HK$9.2 million after falling for a phone scam.

Sources said on Friday that the mainland woman is a University of Hong Kong student. They also said police have put five suspects on their wanted list. 

Police said the woman received a call almost two months ago from somebody claiming to be a mainland law enforcement officer. 

She reported being told she was implicated in a money laundering investigation and had to repeatedly transfer money to another bank account as part of the probe. 

After the transfers were made, the scammers cut off contact, police said. 

The force has listed the case as obtaining property by deception, with no arrests made so far."
'Bamboo scaffolding ban not a wise move',2025-01-17 15:29,,2025-01-20 00:25,elocal,rthk,https://news.rthk.hk/rthk/en/component/k2/1787994-20250117.htm,"A concern group representing scaffolding workers on Friday said they opposed the idea of stopping the use of bamboo scaffolding in construction. 

A scaffolding collapse at a construction site in Kai Tak injured 11 workers earlier this week, sparking conversations about completely replacing bamboo with metal scaffolding. 

At a press conference on Friday, the group said they believe the many incidents involving scaffolding were caused by poor site safety management, not the safety of bamboo scaffolding structures. 

Ho Ping-tak, from the Hong Kong and Kowloon Bamboo Scaffolding Workers Union, noted that currently more than 80 percent of sites use bamboo scaffolding and thousands of workers would be affected if it were banned.

""We have to think about the sustainable development of bamboo scaffolding in the construction industry. If people insist on hindering our development, it could cost some 4,000 scaffolding workers their jobs, hurting the livelihood of some 4,000 households,” he said. 

He urged the government and various stakeholders to join hands and come up with a long-term plan to improve construction procedures. 

Meanwhile, the Federation of Hong Kong and Kowloon Labour Unions called for more training for safety inspectors at construction sites. 

The federation said more than 16 percent of 310 respondents to a recent survey said they had been injured at least once in industrial accidents. 

Under current regulations, one safety supervisor should be appointed to every 20 workers at a construction site. 

But lawmaker Lam Chun-sing, who also chairs the federation, said many supervisors receive inadequate training and were not qualified to guide workers.

""From our survey, many workers believe that there's nobody to supervise them and monitor them and tell them about their occupational health and safety issues,” he said. 

“The supervisor may be a general worker and they do not receive professional training and so in fact they cannot play the function of the safety supervisor... So we hope that the government can strengthen their professional training and also strengthen their role.” 

Reacting to the Kai Tak incident, Lam said it was not optimal that a serious accident occurred just months after the government published a revised safety code. 

Lam said other than enhanced inspections, the government should also consider whether sites can use other materials to replace bamboo scaffolding at construction sites."
Kowloon-Canton Through Train on show at Hung Hom,2025-01-17 13:56,,2025-01-20 00:25,elocal,rthk,https://news.rthk.hk/rthk/en/component/k2/1787986-20250117.htm,"Fond memories of travels to the mainland are likely to come flooding back for visitors to the MTR's exhibition at Hung Hom as the Kowloon-Canton Railway Through Train pulls into the station again for the first time in years.

Compartments from the doubler-decker KTT trains which ran to Dongguan and Guangzhou from 1998 to 2020 have been added to the Station Rail Voyage experiential gallery which is designed to give people a behind-the-scenes glimpse of railway operations, along with a trip down memory lane.

""Through showcasing the KTT compartments at the Station Rail Voyage exhibition, we bring everyone back to the days of the through train platform at Hung Hom Station,"" MTR CEO Jason Kam said at an opening ceremony for the revamped exhibition.

""These journeys bring back memories of visiting family, meeting friends or doing business.""

Secretary for Transport and Logistics Mable Chan said the exhibition has proved popular with locals and tourists alike, and is also a hotspot for social media influencers.

Chan said the success of the exhibition shows that Hong Kong should make use of heritage such as the MTR when designing attractions for tourists. 

The revamped exhibition will be open from January 23 until the end of the year. People can book a free visit via the MTR's website."
Bankruptcy petitions at highest level since 2015,2025-01-17 11:38,,2025-01-20 00:25,efinance,rthk,https://news.rthk.hk/rthk/en/component/k2/1787968-20250117.htm,"More than 9,000 bankruptcy applications were made in Hong Kong last year, the highest annual number in almost a decade. 

Data released by the Official Receiver's Office on Friday showed 9,190 petitions for bankruptcy were recorded, up 17 percent from 2023. 

It was the highest number since 9,875 applications were made in 2015.

There were 781 applications in December alone, representing a 16 percent increase year-on-year. 

The number of bankruptcy orders by the court last year also rose, standing at 8,553.

The office also received 740 compulsory winding-up petitions, a 30 percent jump over the number in 2023 and the highest figure since 2009. 

There were 443 court orders last year for companies to be liquidated."
China economy expands 5 percent in 2024,2025-01-17 10:19,,2025-01-20 00:25,efinance,rthk,https://news.rthk.hk/rthk/en/component/k2/1787956-20250117.htm,"China's economy ended 2024 on better footing than expected, growing 5.4 percent in the fourth quarter from a year earlier, to put the full-year GDP growth at 5 percent.

Boosted by a flurry of stimulus measures, the economy grew at the quickest pace since the second quarter of 2023 in the final quarter of 2024, to help authorities meet their annual growth target of around 5 percent.

“The national economy was generally stable with steady progress and new achievements were made in high-quality development,” a report by the National Bureau of Statistics (NBS) said.

“Particularly, with a package of incremental policies being timely rolled out, the social confidence was effectively bolstered and the economy recovered remarkably,” it added.

Reflecting on the nation's growth for 2024, NBS commissioner Kang Yi touched on the challenges at home and overseas.

""The year of 2024 witnessed a complex international environment... and there was a lack of efficient demand, and pains in the shift of growth drivers,"" he said.

""Despite all that, the Chinese economy withstood pressures, overcame difficulties, making a new contribution to global growth,"" Kang added.

Commenting on the latest figures, Raymond Yeung, Greater China Chief Economist at Australia and New Zealand Banking Group (ANZ), said it was in line with expectations.

However, he noted the troubled property sector remains a concern, despite slight improvements in new domestic home prices, with those in first-tier cities edging up 0.2 percent last month.

""It's still too early to conclude if there is a stablisation in the property market. Of course the property prices in both the first-hand and secondary markets seemed to have improved, but they are still contracting, still in the negative region on a monthly basis,"" he said, adding that transaction volumes still dropped around 17 percent.

""We really need to see an overall improvement of the property prices, a sustainable improvement, because the wealth effect determines whether households are willing to spend, and also affects the assessment of the economic prospects in the future.""

Elsewhere, manufacturing was a strong engine for growth last year, with industrial output jumping 5.8 percent from a year earlier.

Total retail sales of consumer goods grew 3.5 percent at an annual rate.

Exports expanded 7.1 percent in annual terms, while imports grew 2.3 percent.

Retail sales, a key gauge of consumer sentiment, were up 3.5 percent. Industrial output rose by 5.8 percent. (Agencies) 
_____________________________
Last updated: 2025-01-17 HKT 18:31"
澳網男單次圈麥維迪夫遭19歲小將錢亮拿淘汰,2025-01-17 07:10,,2025-01-20 00:25,csport,rthk,https://news.rthk.hk/rthk/ch/component/k2/1787929-20250117.htm,"澳洲網球公開賽男單爆出大冷門，5號種子的麥維迪夫，在次圈被外卡球手，19歲的小將錢亮拿淘汰。

賽事打了4小時48分鐘，美籍的錢亮拿以6:3、7:6、6:7、1:6和7:6，盤數3:2擊敗世界排名第5的麥維迪夫，晉級第3圈。"
曼聯3:1反勝修咸頓　白禮頓2:0力挫葉士域治,2025-01-17 07:08,,2025-01-20 00:25,csport,rthk,https://news.rthk.hk/rthk/ch/component/k2/1787928-20250117.htm,"英超曼聯3:1反勝榜尾的修咸頓，4個入球全部由曼聯球員包辦，烏加迪臨完半場前擺烏龍，把皮球送入自已龍門。紅魔鬼落後0:1完上半場。

下半場曼聯80分鐘由阿麥迪亞路扳平，他在90分鐘建功助曼聯反超前，到補時4分鐘完成「帽子戲法」，曼聯戲劇性反勝3:1。

曼聯賽後21戰26分升上第十二位，修咸頓繼續包尾。

另一場，白禮頓2:0力挫葉士域治。白禮頓終止英超8場不勝紀錄，賽後以31分升上第九，葉士域治跌落18位的降班區。"
Retail sales figures cast pall over US markets,2025-01-17 06:36,,2025-01-20 00:25,efinance,rthk,https://news.rthk.hk/rthk/en/component/k2/1787923-20250117.htm,"US markets finished lower on Thursday following a mixed US retail sales report, while European luxury stocks pushed higher following strong results from Cartier owner Richemont.

Major US indices spent part of the day in positive territory but were unable to extend Wednesday's rally in a session Briefing.com described as ""lacklustre.""

US retail sales grew 0.4 percent from November to December. That was slower than November but still a solid increase. In a separate report, the National Retail Federation estimated the growth in US holiday sales at four percent for 2024, topping estimates.

The retail figures came on the heels of Wednesday's consumer price index figures, which eased concerns that the Federal Reserve will keep interest rates high.

After major indices gained around two percent Wednesday, all three finished lower on Thursday.

But bourses in Europe and Asia pushed higher.

The Paris stock market surged more than two percent after Cartier owner Richemont reported record quarterly sales.

The Swiss luxury firm ended the day more than 16 percent higher. Sales in Richemont's Asia-Pacific region fell seven percent in the third quarter, dragged down by an 18 percent drop in China, Hong Kong and Macau.

But the company enjoyed double-digit increases in Japan, Europe, the Middle East and Africa.

In Paris, shares of Louis Vuitton, Hermes and Gucci owner Kering rose, while Burberry forged higher in London.

London rose more than one percent even as data showed the UK economy expanded at a slower pace than expected in November.

Kathleen Brooks, research director at XTB trading group said there were ""threats to inflation down the road, but they are concerns for another day.

""For now, stocks are playing catch up, bonds remain stable and the weakening in the dollar in recent days has helped to boost risk sentiment,"" Brooks added.

However, investors remain cautious ahead of Donald Trump's return to the White House. The Republican has promised to ramp up tariffs on imports, and slash taxes and regulations, something that many fear could reignite inflation.

The Dow Jones Industrial Average eased 0.2 percent to 43,153.13, the S&P 500 also lost 0.2 percent to 5,937.34, and the Nasdaq Composite index fell 0.9 percent to 19,338.29.  (AFP)"
US retail sales decelerated in December: govt,2025-01-16 22:45,,2025-01-20 00:25,efinance,rthk,https://news.rthk.hk/rthk/en/component/k2/1787898-20250116.htm,"Retail sales in the United States cooled in December, according to government data released on Thursday, despite receiving a boost from petrol stations and autos.

The performance was likely helped by replacement vehicle sales after the devastation of Hurricane Helene in September, analysts said, and consumers buying cars earlier to avoid potentially higher tariffs.

But still, overall, sales grew 0.4 percent from November to December, reaching US$729.2 billion, the Department of Commerce said.

This was a slower pace than November's 0.8 percent reading.

From a year ago, retail sales were up 3.9 percent in December.

For all of 2024, total sales were 3.0 percent higher from 2023, said the report.

Among sectors, sales at restaurants and bars slid 0.3 percent from November to December, while those at building material and supplies dealers dropped 2.0 percent.

But at motor vehicle and parts dealers, sales rose 0.7 percent on-month, while those at petrol stations jumped 1.5 percent – likely due to higher petrol prices in December.

""Attempts to get ahead of post-tariff price hikes seem to be lifting measures of underlying retail sales,"" said economists Samuel Tombs and Oliver Allen of Pantheon Macroeconomics in a recent note.

But they warned: ""Sales (that) pulled forward due to hurricane damage and the threat of tariffs, or a passing boost from the shifting timing of Black Friday, do not provide the foundation for a sustained climb in spending."" (AFP)"
'HK a top choice for mainland firms to go global',2025-01-16 18:24,,2025-01-20 00:25,efinance,rthk,https://news.rthk.hk/rthk/en/component/k2/1787856-20250116.htm,"Financial Secretary Paul Chan on Thursday said Hong Kong is the most preferred platform for mainland enterprises to expand their business overseas, as Tencent-backed digital lender WeBank opened a Hong Kong headquarters for its new tech arm.

Speaking at the inauguration and signing ceremony for WeBank Technology, Chan said the city's financial technology ecosystem has seen positive growth in recent years, with the number of firms in the sector growing 15 percent year-on-year to 1,100 in 2024, including eight digital banks and four digital insurance companies.

""Under One Country, Two Systems, Hong Kong has the unique advantage to connect the mainland with the world, and is also the most preferred platform for mainland enterprises to go overseas,"" he said.

""As we have a full chain of financing and professional services, this could support WeBank Technology to export its advanced tech and explore business expansion in the international market, especially, to provide more inclusive financial services to countries in the Global South to support local social and economic development."" 

Shenzhen vice-mayor Luo Huanghao, who also attended the event, said the mainland's tech hub will collaborate with Hong Kong to further promote the application of the digital yuan through more trials.

WeBank president Li Nanqing said the opening of the new headquarters in Hong Kong can help the company expand along Belt and Road countries and boost economic integration between Hong Kong and Shenzhen.

WeBank gained regulatory approval to set up its fintech subsidiary in Hong Kong last July and plans to invest up to US$150 million and create high-skilled jobs in the SAR."
Apple loses top spot in China smartphone sales,2025-01-16 18:10,,2025-01-20 00:25,efinance,rthk,https://news.rthk.hk/rthk/en/component/k2/1787857-20250116.htm,"Apple lost its status as the best selling smartphone brand in the crucial Chinese market last year, new data showed on Thursday, with a pair of local rivals surpassing it with surging shipments.

The California-based tech giant claimed a market share of 15 percent in the world's number two economy, behind Huawei's 16 percent and top-ranking Vivo's 17 percent, according to industry data provider Canalys.

Also coming in at 15 percent, with total smartphone sales narrowly behind Apple's, were Chinese brands Oppo and Honor, the data showed.

Apple's performance in the country is suffering from a slump in iPhone sales, which dropped to 42.9 million in 2024, compared to a market-leading 51.8 million the previous year.

""Intense competition has led to a constantly shifting landscape,"" said Amber Liu, Research Manager at Canalys, adding that Apple ""faced growing competitive pressure from domestic flagship devices"".

Top-ranked Vivo showed ""strong momentum"" last year, Liu said, noting that the firm's strategy was helping ""solidify its position in entry-level to mid-to-high-end segments"".

Meanwhile, Huawei, a Shenzhen-based tech giant that was once the target of tough sanctions from Washington, continued a resurgence in its home market in 2024.

The firm achieved a 37 percent year-on-year jump in total smartphone shipments last year, the Canalys data showed.

Apple's iPhone remains popular in China, but many consumers in the vast market have switched to domestic alternatives in recent years as sector competition intensifies. (AFP)"
EV drivers warned about mainland charging challenges,2025-01-16 18:04,,2025-01-20 00:25,efinance,rthk,https://news.rthk.hk/rthk/en/component/k2/1787855-20250116.htm,"The R&D centre at Hong Kong's Automotive Platforms and Applications Systems (APAS) on Thursday warned electric vehicle (EV) owners to be careful when charging their cars on the mainland.

The centre said most EVs in Hong Kong use either Japanese or American charging standards and an adaptor is usually needed to charge them on the mainland. 

But such adaptors are hard to find, the centre said, with those that are available coming with a price tag of between several thousand and tens of thousands of dollars.

There's also a lack of standardisation regarding safety when it comes to the adaptors, the centre said.

Chief Executive Officer of the centre Du Yonghai said to help solve these problems, they are developing their own adaptor which they plan to make commercially available.

""We have been actively engaging with several partners so that we can commercialise that product, that solution and make it available to the market,"" Du said.

As of last month, about 100,000 electronic vehicles were registered in Hong Kong."
Govt urged to provide more support for enterprises,2025-01-16 17:55,,2025-01-20 00:25,efinance,rthk,https://news.rthk.hk/rthk/en/component/k2/1787850-20250116.htm,"The Chinese Manufacturers' Association of Hong Kong has urged the government to provide more fiscal and tax support for local enterprises, including extending the principal moratorium arrangements to allow companies to delay their loan payments for a longer time.

This was among an array of proposals it put forward to the administration on Thursday ahead of the financial budget next month. 

The association’s president Wingco Lo said small and medium-sized companies are facing several challenges at the moment. 

""Currently we are facing a couple of difficulties, like the pricing from the importer, and also the geopolitical pressure, and also the operating [costs]. We are suggesting the government have more support for the small and medium companies to promote local businesses,"" he said. 

With Donald Trump set to return to the White House next week, Lo said more efforts are needed to diversify businesses to minimise the impact of possible tariffs and Sino-US tensions. 

Lawmaker Jimmy Ng, and the association's executive committee member, said he wants to see more bilateral free trade agreements between the SAR and emerging economies. 

""We should now focus more on the Asean countries and the Belt and Road countries. For a traditional market they are either not rich enough now or they are not very friendly to us. So the international market is no longer only the States and Europe. We should look for other business economies for a better future."""
Hong Kong stocks close higher,2025-01-16 17:26,,2025-01-20 00:25,efinance,rthk,https://news.rthk.hk/rthk/en/component/k2/1787846-20250116.htm,"Hong Kong stocks ended higher on Thursday with the benchmark Hang Seng Index up 1.2 percent at 19,522.

The Shanghai Composite Index finished up 0.3 percent at 3,236, while the Shenzhen Component Index closed 0.4 percent higher at 10,101. (Xinhua)"
TSMC says net profit rose 57pct in Q4,2025-01-16 14:52,,2025-01-20 00:25,efinance,rthk,https://news.rthk.hk/rthk/en/component/k2/1787809-20250116.htm,"Chipmaking giant TSMC on Thursday announced a better-than-expected net profit for the fourth quarter as it benefits from booming demand for AI technology.

The company is the world's largest contract maker of chips that are used in everything from Apple's iPhones to Nvidia's cutting-edge artificial intelligence hardware.

The firm said net profit for the three months to December jumped 57 percent on-year to NT$374.7 billion (US$11.4 billion).

That was better than the NT$369.8 billion forecast by analysts, and underscores expectations for sustained spending on AI infrastructure from the likes of Microsoft and Amazon.

Net revenue for the fourth quarter rose 38.8 percent to NT$868.46 billion, TMSC said, beating forecasts. (AFP)"
Vietnam mulls removing barriers for China-made jets,2025-01-16 10:45,,2025-01-20 00:25,efinance,rthk,https://news.rthk.hk/rthk/en/component/k2/1787774-20250116.htm,"The Vietnam government said late on Wednesday that it would consider removing regulatory hurdles to allow aircraft manufactured by Chinese state-owned planemaker COMAC to operate in the country.

COMAC is seeking to establish itself as an alternative to leading planemakers, Airbus and Boeing. Right now, its two passenger plane models currently operate almost exclusively within mainland China, and the company seeks to expand its presence in international markets.

Before an airline can operate any aircraft model, it must receive approval from the national aviation regulator.

Deputy Prime Minister Tran Hong Ha assigned the transport ministry to review existing rules to remove regulatory hurdles to enable COMAC planes to operate in Vietnam, the government said in a statement, after a meeting in Hanoi between Ha and COMAC Board Director Tan Wangeng.

COMAC has been eyeing Vietnam as a potential market for some time, and conducted a Southeast Asia marketing tour last February, during which it flew two demonstration planes to the country.

Ha said as an initial step low-cost carrier VietJet, Vietnam's leading private airline, may work with a Chinese airline operating COMAC planes to test aircraft on some routes. (Reuters)"
英超阿仙奴2:1挫熱刺升上次席,2025-01-16 07:17,,2025-01-20 00:25,csport,rthk,https://news.rthk.hk/rthk/ch/component/k2/1787746-20250116.htm,"英超阿仙奴2:1擊敗熱刺，孫興慜25分鐘先開紀錄，熱刺領先1:0。

但兵工廠完半場前4分鐘內連入兩球，熱刺的蘇蘭基40分鐘防守角球時「攞烏龍」，托沙之後射入，兵工廠以2:1反勝。

愛華頓在莫耶斯再度回歸執教的首仗比賽一球不敵阿士東維拉。雙方半場互交白卷，維拉在51分鐘，由奧利屈堅斯一箭定江山。

水晶宮下半場連入兩球，2:0挫李斯特城，入球的是馬迪達和基爾。

紐卡素淨勝狼隊3:0。

賽後阿仙奴21戰43分升上次席，落後少踢一場的榜首利物浦4分。"
"US stocks pop on inflation data, strong earnings",2025-01-16 06:05,,2025-01-20 00:25,efinance,rthk,https://news.rthk.hk/rthk/en/component/k2/1787740-20250116.htm,"US stocks jumped on Wednesday, reversing a recent decline as traders responded enthusiastically to strong bank earnings and data indicating a slowdown in underlying inflation.

The Dow Jones Industrial Average closed up 1.7 percent at 43,221, while the broad-based S&P 500 jumped 1.8 percent to 5,949.

The day's largest gains came in the tech-rich Nasdaq Composite Index, which surged by 2.5 percent to end the day at 19,511.

US financial heavyweights including JPMorgan Chase and Goldman Sachs reported soaring profits Wednesday propelled by strength in trading and financial advisory services.

And fresh data showed headline inflation rose in the 12 months to December, but actually eased once volatile food and energy prices were stripped out, fueling optimism in the markets.

""There's a lot of relief from the (inflation) data this morning,"" Angelo Kourkafas from Edward Jones told AFP, noting there had been a positive reaction in the markets to the decline in the so-called ""core"" inflation measure.

Yields on long-dated US Treasurys including the popular two- and 10-year notes dropped sharply as investors piled back into bonds and pushed up prices, which move inversely to yields.

Among individual firms, Tesla's shares soared by 8.0 percent, as did those of Bank of New York Mellon after it reported strong quarterly earnings results. (AFP)"
省港盃首回合港隊賽和廣東隊　羅淑佩稱氣氛很好高興球迷享受賽事,2025-01-15 23:01,,2025-01-20 00:25,csport,rthk,https://news.rthk.hk/rthk/ch/component/k2/1787719-20250115.htm,"省港盃足球賽第一回合，作客廣州的港隊1:1賽和廣東隊 。

港隊在上半場第38分鐘先開紀錄，隊長史提芬彭利拿，在禁區轉身右腳施射，「省中」對方球員，再改變方向入網，協助球隊領先一球完半場。

下半場第58分鐘，港隊亞歷斯祖接應角球頂中柱，未能擴大領先優勢。到第74分鐘，他在禁區內被指犯手球，廣東隊憑35歲前國腳姜至鵬，射入十二碼追和，兩隊最終1:1握手言和。

比賽吸引大約100名香港球迷入場，部分內地球迷不滿中甲廣州隊未獲准參與新球季職業聯賽，一度高叫「還我廣州隊」的口號，更倒戈支持港隊。到場觀賽的文化體育及旅遊局局長羅淑佩完場後讚揚港隊中場的黃皓雋和守門員伍瑋謙，又說現場氣氛很好，高興球迷享受賽事，又說「下場香港見」。

黃皓雋賽後說，今場港隊表現好，近日準備充足，下場希望可以再培養默契。伍瑋謙就指，港隊表現喜出望外，成功爭取領先，也滿意後防表現，希望下周的次回合繼續保持水準，球迷更落力為港隊打氣。他聽到有現場廣東球迷為港隊打氣，但自己當時專注賽事。"
省港盃第一回合港隊1:1賽和廣東隊　羅淑佩讚揚港隊球員有拼勁,2025-01-15 22:10,,2025-01-20 00:25,csport,rthk,https://news.rthk.hk/rthk/ch/component/k2/1787716-20250115.htm,"省港盃足球賽第一回合在廣州越秀山體育場舉行，作客的港隊1:1賽和廣東隊 。

廣東省體育局局長崔劍及文化體育及旅遊局局長羅淑佩亦有到場觀賽，賽後與雙方球員握手和合照。羅淑佩接受訪問時，讚揚港隊和廣東隊的表現，對此感到高興，特別提到港隊中場球員有拼勁，守門員也多次成功撲救，又說現場氣氛很好，高興球迷享受賽事，呼籲下場香港見。
 
次回合下周三晚將於香港大球場上演。"
省港盃足球賽第一回合　港隊上半場領先廣東隊1:0,2025-01-15 20:52,,2025-01-20 00:25,csport,rthk,https://news.rthk.hk/rthk/ch/component/k2/1787707-20250115.htm,"省港盃足球賽第一回合，作客的港隊上半場領先廣東隊1:0。

賽事晚上在翻新後的廣州越秀山體育場上演，廣東隊攻勢較多，新疆籍國腳拜合拉木、中日混血兒夏達龍，以及周大地先後頭錘攻門，都未能打開紀錄。

港隊在第38分鐘於左路發動攻勢，伏兵禁區的隊長史提芬彭利拿，在混戰中取得皮球，他轉身右腳施射「省中」對方球員，再改變方向入波，協助港隊領先一球完半場。"
China 'firmly opposes' new US tech curbs on smart cars,2025-01-15 18:05,,2025-01-20 00:25,efinance,rthk,https://news.rthk.hk/rthk/en/component/k2/1787684-20250115.htm,"Beijing on Wednesday said it ""firmly opposes"" a US move to effectively bar Chinese technology from smart cars in the American market, saying alleged risks to national security were ""without any factual basis"".

""Such actions disrupt economic and commercial cooperation between enterprises... and represent typical protectionism and economic coercion,"" Foreign Ministry spokesman Guo Jiakun said, adding: ""China firmly opposes this.""

Tuesday's announcement in the United States, which also pertains to Russian technology, came as the Biden administration wrapped up efforts to increase American tech curbs, and after a months-long regulatory process.

US Commerce Secretary Gina Raimondo said that modern vehicles contain cameras, microphones, GPS tracking and other technologies connected to the Internet.

""Cars today aren't just steel on wheels -- they're computers,"" she said.

But Guo slammed the move, telling journalists in Beijing that China would ""take necessary measures"" to safeguard its legitimate rights and interests.

""What I want to say is that the US, citing so-called national security, has restricted the use of Chinese connected vehicle software, hardware, and entire vehicles in the United States without any factual basis,"" said Guo.

""China urges the US to stop the erroneous practice of over generalising national security and to stop its unreasonable suppression of Chinese companies."" (AFP/Xinhua)"
全運會開幕儀式創意方案策劃已完成　單項競委會將分批組建,2025-01-15 17:13,,2025-01-20 00:25,csport,rthk,https://news.rthk.hk/rthk/ch/component/k2/1787673-20250115.htm,"第十五屆全運會將於11月9日在廣州開幕。廣州賽區執委會常務副主任彭高峰表示，當前各項籌備工作正在穩步推進。

彭高峰在廣州一個活動致辭表示，開幕式的創意方案策劃已經完成，單項競委會將分批組建，第一批場館改造驗收已經移交，首批特許經營的商店已開業。

彭高峰表示，當局創新全運開發和城市開發結合的機制，推動資源結合與市場開放，激發市場主體參與城市發展的積極性，帶動文化、旅遊、金融、商貿新一輪發展。

他表示，可喜的是眾多企業、機構會與執委會，主動搶抓戰略機遇，勇於探索創新，在多維度的合夥中，找到可能穿越經濟周期的「商機密碼」，分享彼此的商業洞察和前沿技術。"
HK stocks close higher,2025-01-15 17:12,,2025-01-20 00:25,efinance,rthk,https://news.rthk.hk/rthk/en/component/k2/1787672-20250115.htm,"Hong Kong stocks ended higher on Wednesday, with the benchmark Hang Seng Index up 0.3 percent at 19,286.

The Shanghai Composite Index finished down 0.4 percent at 3,227, while the Shenzhen Component Index closed 1 percent lower at 10,060. (Xinhua)"
康體通明日至下周五晚上11時至上午6時暫停服務以進行設備提升,2025-01-15 12:17,,2025-01-20 00:25,csport,rthk,https://news.rthk.hk/rthk/ch/component/k2/1787622-20250115.htm,"康文署宣布，為提升服務質素，SmartPLAY康體通將於明日至下周五期間，每晚11時至翌日上午6時暫停服務，以便進行設備提升工程。

SmartPLAY康體通用戶如需於上述日期使用康體通，請預早安排，在服務暫停時段之前或後，使用系統。"
Elon Musk sued over late disclosure of Twitter stake,2025-01-15 09:49,,2025-01-20 00:25,efinance,rthk,https://news.rthk.hk/rthk/en/component/k2/1787588-20250115.htm,"Elon Musk was sued on Tuesday by the US Securities and Exchange Commission, which accused the world's richest person of waiting too long to disclose in 2022 he had amassed a large stake in Twitter, the social media company he later bought.

In a complaint filed in Washington, DC federal court, the SEC said Musk violated federal securities law by waiting 11 days too long to disclose his initial purchase of five per cent of Twitter's common shares.

An SEC rule requires investors to disclose within 10 calendar days, or by March 24, 2022 in Musk's case, when they cross a five per cent ownership threshold.

The SEC said that at the expense of unsuspecting investors, Musk instead bought more than US$500 million of Twitter shares at artificially low prices before finally revealing his purchases on April 4, 2022, by which time he owned a 9.2 percent stake.

Twitter's share price rose more than 27 per cent following that disclosure, the SEC said.

Tuesday's lawsuit seeks to force Musk to pay a civil fine and disgorge profits he didn't deserve.

Musk eventually purchased Twitter for US$44 billion in October 2022, and renamed it X.

Musk has also been sued in Manhattan federal court by former Twitter shareholders over the late disclosure.

In that case, Musk has said it was implausible to believe he wanted to defraud other shareholders, and that ""all indications"" were that his delay was a mistake. (Reuters)"
英超利物浦、車路士和曼城分別賽和對手,2025-01-15 07:16,,2025-01-20 00:25,csport,rthk,https://news.rthk.hk/rthk/ch/component/k2/1787573-20250115.htm,"英超榜首大戰，利物浦1:1逼和諾定咸森林，各得一分。

車路士在補時5分鐘入球，驚險逼和般尼茅夫2:2。

曼城浪費兩球領先優勢，被賓福特逼和。

韋斯咸3:2力挫富咸，領隊樸達取得首場勝仗。

積分榜，利物浦20戰47分繼續領放，領先排第二，多打一場的諾定咸森林6分，車路士21戰37分排第四，曼城少兩分第六，般尼茅夫34分緊隨其後，富咸30分排第九，賓福特少兩分排第十，韋斯咸26分排第十二位。"
省港盃首回合明晚於廣州越秀山體育場上演,2025-01-14 20:21,,2025-01-20 00:25,csport,rthk,https://news.rthk.hk/rthk/ch/component/k2/1787525-20250114.htm,"第43屆省港盃足球賽第一回合賽事，明晚將在翻新後的廣州越秀山體育場上演。

港隊球員傍晚踩場訓練。中堅曾以行說，早上前往廣州前完成一課操練，以佈置戰術為主，大部分球員在過去的週末都有90分鐘比賽，體能狀況不是問題。

上屆都有參賽的曾以行說，很熟悉越秀山體育場，去年有很多球迷入場，氣氛很好，期待明日的比賽。今次是同新主帥戴雅諾首次合作，期望盡力做到他的部署，目標第一回合贏波，但知道作客很難踢。

廣東隊在較早時完成踩場訓練，球隊以中超深圳新鵬城球員為骨幹，上季中甲廣州隊隊長侯煜、中乙冠軍廣州豹的中日混血兒前鋒夏達龍等球員參與訓練。

有內地傳媒報道，年底將承辦全運會部分足球比賽的越秀山體育場，提前幾個月完成改造升級，草坪、燈光、音響、大屏幕等已完成全面檢查和測試。

另外，第6屆女子省港盃下午結束，廣東隊在廣州天河體育中心副場4:0擊敗港隊奪冠。"
女子省港盃　港隊0:4不敵廣東,2025-01-14 17:48,,2025-01-20 00:25,csport,rthk,https://news.rthk.hk/rthk/ch/component/k2/1787503-20250114.htm,"在廣州舉行的第六屆女子省港盃足球賽，港隊以0:4不敵廣東。

賽事以一場定勝負，兩隊半場互無紀錄，港隊換邊後連失四球，最終失落這項錦標。

至於第四十三屆省港盃首回合賽事，將於明晚在廣州舉行，港隊先作客廣東，一星期後的次回合返到主場出擊，港台電視將會現場直播兩回合比賽。"
祖高域在新教練梅利指導下澳網男單首圈過關,2025-01-14 07:13,,2025-01-20 00:25,csport,rthk,https://news.rthk.hk/rthk/ch/component/k2/1787392-20250114.htm,"澳洲網球公開賽，前一哥祖高域在新教練梅利指導下在男單首圈過關。

37歲祖高域面對19歲，世界排名107的美國小將巴薩瓦列迪，首盤意外先輸4:6，在梅利的指導下，連贏6:3、6:4和6:2晉級。

祖高域去年底聘請老對手兼好友梅利加入教練團，兩人首次以師徒身份合作。

祖高域表示，很高興梅利支持自己，但他也承認感覺有點奇怪，因為兩人畢竟在過去超過20年，在最高水平的比賽中交手。

梅利作為球手落場比賽時，經常激勵自己，但今場比賽坐在教練席上卻表現得非常鎮定，只在祖高域在關鍵分數勝出時鼓掌。

今屆被列在男單七號種子，祖高域說，梅利在比賽中作出很好的建議，能夠互相交流感覺好好，希望兩人的合作不會停步。

女單方面，5號種子，中國的鄭欽文以7:6和6:1，直落兩盤擊敗羅馬尼亞對手；大坂直美則以2:1盤數擊敗法國的加西雅晉級，比數6:3、3:6和6:3。"
奧運跳水金牌得主　龍道一創作多首歌曲擬推專輯,2025-01-13 12:31,,2025-01-20 00:25,csport,rthk,https://news.rthk.hk/rthk/ch/component/k2/1787270-20250113.htm,"去年巴黎奧運跳水雙人3米彈板項目金牌得主，來自國家隊的龍道一接受本台專訪，提到決賽時出現失誤，得分一度落後其他隊伍，經拍檔鼓勵調整心態後，最後勝出。

他又說，年幼時入選國家隊感到驕傲，但其後多次被退回省隊，獲教練和家人支持下，成功克服傷患和情緒，至今奪得奧運金牌，形容像發夢一樣。

龍道一本身亦是一名網絡歌手，創作多首說唱歌曲，正籌備推出原創專輯。"
奧運冠軍龍道一：跳水奪金路如造夢　熱愛音樂推原創專輯,2025-01-13 09:24,,2025-01-20 00:25,csport,rthk,https://news.rthk.hk/rthk/ch/component/k2/1787235-20250113.htm,"國家跳水「夢之隊」在去年巴黎奧運，首次包攬8金大滿貫佳績，其中年僅21歲的成員龍道一，夥拍王宗源奪得雙人3米彈板項目金牌。他接受本台專訪說，首次參與奧運會因太緊張，出現多次失誤，得分一度落後其他隊伍，在拍檔鼓勵下調整心態，最終力壓對手勝出，形容過程有驚無險。

龍道一年幼時學習體操，7歲獲選入河北省石家莊市體校跳水隊，期間克服畏高，成功培養對跳水的興趣，年僅13歲首度入選國家隊集訓。他說首次入選時感到驕傲，但起初因體格小、力量不足，7年內「四出五進」，多次被退回省隊，令他感到痛苦枯燥，感覺世界黑暗，對跳水的信念亦逐漸消失，一度有放棄念頭，最後在教練和家人鼓勵和開解下，堅持下去。

龍道一說，一路走來面對傷患和低谷，最後成功登上奧運最高頒獎台，形容像發夢一樣不可思議，淚水和血汗沒有白費，會視隊友王宗源及同樣來自河北省跳水隊的前輩郭晶晶為學習對象。

除了跳水，龍道一以藝名「Dragon One」在網絡平台發布多首自創的饒舌說唱歌曲，去年隨國家隊奧運代表團訪港期間，曾經在大匯演上演唱，上月亦在內地跨年晚會演出。他說早年在河北省跳水隊訓練期間，有隊友向他分享饒舌歌曲，令他首次接觸和喜歡饒舌音樂的節奏感，不時在空餘時間於網上觀看世界各地饒舌歌手的音樂和片段，2020年開始嘗試創作，至今已出版多首原創作品，內容與運動員生活有關。

龍道一說，自己熱愛音樂和跳水，希望透過音樂為其他人帶來歡樂，正籌備推出原創專輯。

他寄語香港正在追夢的年輕人堅持做熱愛的事，即使過程遇到難過的事，先學習面對和接納，再找方法克服。"
