title,date,summary,scrape_time,section,source,link,description
黃鳳嫺提醒消費者有權要求醫療機構提供書面報價,2025-03-15 10:17,,2025-03-15 10:30,local,rthk,https://news.rthk.hk/rthk/ch/component/k2/1795826-20250315.htm,"消委會硏究報告發現，不少私家醫院價目資料難明不足，收費統計數據沒有即時更新，病人之間收費差距甚大，部分醫療機構缺乏詳盡書面費用預算，政府計劃今年內就探討立法提升私營醫療收費透明度諮詢業界。

消委會總幹事黃鳳嫺在一個電台節目說，不同私營醫療機構的套餐收費沒有統一計算方法，即使消費者到不同醫院諮詢價錢也難以比較，加上很多日間醫療中心只為口頭報價，消費者的知情權仍有很多改善空間，提醒消費者有權要求書面報價。

黃鳳嫺在節目後說，現時提供價目資料及過往收費記錄等要求已納入私家醫院發牌條件，日間醫療中心亦需要提供相關資料，政府應向機構提供更多指引，令價目表更為一致，機構也應提供更多套餐價，清晰交代涵蓋範疇，增加收費透明度。

消委會消費保障政策商營手法及申訴小組主席余承章說，曾經有病人原本獲報價醫生費和病房費至少約一萬元，但出院時的帳單金額高達10萬元，向消委會投訴。

他說，以往法例未完善，不同醫院在報價披露的資料內容相當參差，因此需要提高透明度，希望政府日後立法時提供指引，要求清晰書面報價，避免院方和消費者之間有任何誤會。"
外賣平台「戶戶送」撤出香港　消委會暫接12宗投訴,2025-03-15 10:15,,2025-03-15 10:30,local,rthk,https://news.rthk.hk/rthk/ch/component/k2/1795825-20250315.htm,"外賣平台「戶戶送」Deliveroo宣布撤出香港市場，將出售部分資產予另一個外賣平台foodpanda，現有客戶會被轉至foodpanda，並領取6個月免費會籍。消委會總幹事黃鳳嫺說，暫接獲12宗投訴，涉款5000多元，金額最高個案為600多元，主要涉及如何處理預先購買的套票。

黃鳳嫺說，部分人在兩個外賣平台均有帳戶，接手的平台需要交代這些消費者是否可享有額外半年免費會籍，以及如何處理帳戶個人資料和退款問題，半年後亦需要讓轉會的消費者選擇會籍是否續期。

她表示，正與接手的外賣平台密切溝通，稍後再交代細節。"
古巴電網故障　全國大範圍停電,2025-03-15 09:18,,2025-03-15 09:30,cinternational,rthk,https://news.rthk.hk/rthk/ch/component/k2/1795824-20250315.htm,"古巴國家電網發生故障，導致全國大範圍停電。

事發在當地星期五晚，影響範圍包括首都哈瓦那、重要城市聖地亞哥、聖克拉拉等省市。

國營傳媒引述官員表示，正在調查電網故障的原因和程度。"
李慧琼稱香港應與國際深化交流擴大網絡　引進更多人才資金,2025-03-15 09:16,,2025-03-15 09:30,local,rthk,https://news.rthk.hk/rthk/ch/component/k2/1795823-20250315.htm,"全國兩會日前閉幕，人大常委李慧琼出席本台節目《星期六問責》時表示，國家非常關心及支持港澳，今年的總理工作報告提及要求深化國際交往合作，她認為可以進一步發揮香港制度的獨有優勢及固有特點，除了經濟，亦涉及政治、文化、體育、科技及教育等方面，與國際深化交流和擴大網絡，引進更多人才資金，提升國家的軟實力。

被問到國際合作牽涉那些市場，李慧琼指出，國家主席習近平一直強調要擴大可以團結的朋友，她相信是指原本的歐美等傳統市場之外，要開拓更多朋友圈，例如東盟及全球南方國家，香港有條件亦有可能，開拓一些內地都未有頻密聯繫的市場，建議特區政府考慮由高層次統籌相關工作，推動民間參與。

對於港澳辦副主任王靈桂說，特區政府面對的赤字數目應該不算甚麼，亦不是問題，李慧琼認同香港透過發債融資，同時必須要審慎理財，外界毋須過份擔心，只要守住一點，並非借錢應付日常開支而是用作投資就可以。"
中國駐加使館斥七國集團粗暴干涉中國內政　已提嚴正交涉,2025-03-15 09:01,,2025-03-15 09:15,greater_china,rthk,https://news.rthk.hk/rthk/ch/component/k2/1795822-20250315.htm,"中國駐加拿大使館批評，七國集團外長會議結束後發布的聯合聲明，再次老調重彈，無視客觀事實和中方嚴正立場，粗暴干涉中國內政，惡意污衊抹黑中國。中方對此強烈不滿、堅決反對，已向加方提出嚴正交涉。 

發言人說，台灣問題純屬中國內政，不容任何外部勢力干涉，維護台海和平穩定的關鍵在於堅持一個中國原則，堅決反對「台獨」分裂。在烏克蘭危機和核軍控等問題方面，中國不是烏克蘭危機的製造者及危機的當事方，也沒有向衝突的任何一方提供武器，七國集團沒有資格對中方甩鍋推責。

發言人重申，中國一貫奉行不干涉內政的原則，從來沒有、也毫無興趣干涉別國內政。中方正告七國集團，謊言重復千遍也變不成事實，遏華反華不是解決七國集團內部分歧的靈丹妙藥。

七國集團外長會議的會後聲明，沒有再提及奉行「一中原則」，涉及中國言辭取態亦較以往強硬。"
格陵蘭政黨領袖發表聯合聲明譴責特朗普控制格陵蘭島言論,2025-03-15 08:53,,2025-03-15 09:15,cinternational,rthk,https://news.rthk.hk/rthk/ch/component/k2/1795821-20250315.htm,"丹麥自治領地格陵蘭所有政黨領袖，譴責美國總統特朗普關於控制格陵蘭島的言論。

特朗普日前在白宮會見北約秘書長呂特時再次揚言要得到格陵蘭島。

格陵蘭島議會5個政黨領導人召開緊急會議後發表聯合聲明，表明拒絕接受關於吞併和控制格陵蘭島的反覆言論，認為這種對待盟友和朋友的方式不可接受，強調格陵蘭將繼續通過外交渠道，在國際法和規則的框架內，為格陵蘭的利益展開工作。各政黨全力支持這些努力，並堅決反對任何製造分裂的企圖。

贏得議會選舉的民主黨主席尼爾森批評特朗普言論不恰當，強調格陵蘭人應團結一致。

丹麥外交大臣拉斯穆森也指出，根據北約條約、聯合國憲章或國際法，格陵蘭島不容他國吞併。"
《環看天下》：美國部分人憂慮特朗普政府動用稅款儲備虛擬資產,2025-03-15 08:02,,2025-03-15 08:15,cinternational,rthk,https://news.rthk.hk/rthk/ch/component/k2/1795819-20250315.htm,"美國總統特朗普第二次執政後落實競選承諾，推動虛擬資產市場發展。他近期發布行政命令，設立戰略比特幣儲備，又在白宮舉行第一次加密貨幣峰會。

特朗普表明支持虛擬資產市場發展，大大扭轉金融資本市場長久以來的觀念，一度被指照亮加密貨幣行業前景。不過，虛擬資產價格近期持續波動向下，更有美國人擔心特朗普政府會動用納稅人款項，購買虛擬資產，建立戰略儲備。"
美國國會通過短期支出法案避免政府「停擺」,2025-03-15 07:45,,2025-03-15 08:00,cinternational,rthk,https://news.rthk.hk/rthk/ch/component/k2/1795818-20250315.htm,"美國國會參議院通過短期支出法案，為聯邦政府繼續提供資金至9月，趕在限期前，避免政府「停擺」。

法案在共和黨佔多數的參議院以54票贊成、46票反對獲得通過。法案之前已獲眾議院通過。法案將送交總統特朗普，預計他將很快簽署成法。

參議院少數黨領袖、民主黨人舒默早前表示，民主黨將反對由共和黨控制的眾議院通過的短期支出法案，因為法案幾乎沒有考慮民主黨的意見。但他後來改變立場，表示會投票支持法案。他認為，政府「停擺」將是更糟的結果。"
美國「龍」飛船升空前往國際太空站　將接回兩名滯留太空人,2025-03-15 07:37,,2025-03-15 08:00,cinternational,rthk,https://news.rthk.hk/rthk/ch/component/k2/1795817-20250315.htm,"美國太空探索技術公司SpaceX的「龍」飛船從佛羅里達州發射升空，搭載4名太空人飛往國際太空站，並會接回滯留太空站9月個月的兩名太空人返回地球。

「龍」飛船由獵鷹9號運載火箭搭戴，在本港時間今早7時左右從甘迺迪太空中心發射升空。

今次上太空的4人來自美國、日本和俄羅斯，待完成交接工作後，「龍」飛船將接戴4名太空人回程，其中兩人威廉姆斯和威爾莫爾因波音「星際客機」飛船技術故障而滯留太空站。"
歐元兌美元曾升穿1.09　美元指數於104得而復失,2025-03-15 07:15,,2025-03-15 07:30,cfinance,rthk,https://news.rthk.hk/rthk/ch/component/k2/1795815-20250315.htm,"德國財政改革有進展，國會下星期將會表決債務協議，協議包括設立5000億歐元基金，用於國防及基礎設施投資。

歐元兌美元一度升穿1.09水平，高見1.0911，紐約尾市徘徊1.088附近。

卡尼宣誓就任加拿大總理，加拿大元較早時升約0.5%，徘徊1.437兌1美元。澳元兌美元升0.6%，報0.6323。新西蘭元兌美元升0.8%，處於0.574以上。

美元指數一度升0.25%，觸及104.09，尾市報103.72，倒跌0.1%。

美國與其他國家的貿易戰不斷升級，投資者憂慮關稅可能刺激通脹，股市反彈亦降低美債避險需求，債息向上。美國10年期債息重上4.3厘，高見4.324厘，升4.8個基點，尾市貼近4.32厘。"
英格蘭領隊杜曹：希望英軍能運用英超速度和力量,2025-03-15 07:14,,2025-03-15 07:30,csport,rthk,https://news.rthk.hk/rthk/ch/component/k2/1795816-20250315.htm,"英格蘭領隊杜曹公布上任後第一份26人大軍名單，出戰稍後世界盃歐洲區兩場外圍賽。其中佐敦軒達臣和拉舒福特再度獲得徵召。

杜曹提到軒達臣可為球隊帶來領導力、個性和能量，體現出英格蘭所需要的一切。

另外，由曼聯外借到阿士東維拉的拉舒福特，狀態有改善，至今上陣9場，交出4次助攻，在前線經常產生威脅。

杜曹又說，希望球隊能夠用到在英超的速度和力量，而不是模仿歐陸打法。"
北海撞船事故　涉事貨船船長被控重大過失殺人,2025-03-15 06:57,,2025-03-15 07:15,cinternational,rthk,https://news.rthk.hk/rthk/ch/component/k2/1795814-20250315.htm,"英格蘭東北部附近海域日前發生撞船意外，涉事的貨船船長被檢察部門控以重大過失殺人罪。

事發在星期一，一艘運油輪和一艘貨船在英國東約克郡附近的北海海域相撞，導致兩艘船起火，36人獲救上岸，一名貨船船員失蹤。

英國傳媒報道，皇家檢察院已推定失蹤的38歲菲律賓籍船員死亡。警方說，59歲的貨船船長已被拘留，將於星期六出庭。"
港股美國預託證券造好　滙控升近4%,2025-03-15 06:12,,2025-03-15 06:30,cfinance,rthk,https://news.rthk.hk/rthk/ch/component/k2/1795813-20250315.htm,"港股美國預託證券(ADR)造好。

滙控ADR比本港昨日收市價升近4%，以港元計折合報88.7元。

其他金融股亦升，港交所、平保、友邦ADR升逾1%，內銀股靠穩。

ATMXJ的ADR升近1%或以上。"
金價升穿3000美元後回軟,2025-03-15 06:11,,2025-03-15 06:30,cfinance,rthk,https://news.rthk.hk/rthk/ch/component/k2/1795812-20250315.htm,"金價突破3000美元關口，關稅戰引發經濟不確定，避險需求推高金價。

現貨金高見每盎司3004.86美元，升近0.6%，較早時回落0.1%，徘徊2984美元附近。

紐約期金高見3017.1美元，收報3001.1美元，升9.8美元，升幅0.3%，本周累計升約3%。"
油價反彈1%　關注俄烏停火進展,2025-03-15 06:11,,2025-03-15 06:30,cfinance,rthk,https://news.rthk.hk/rthk/ch/component/k2/1795811-20250315.htm,"油價反彈，全星期計微升。俄羅斯總統普京表示，俄方原則上支持美國提出的停火建議，但補充附加條件，市場關注俄烏戰事能否迅速結束。

倫敦布蘭特期油收報每桶70.58美元，升70美仙，升1%，本周累計升0.3%。

紐約期油收報67.18美元，升63美仙，升0.9%，本周升0.2%。"
德股高收約1.9%　受惠於德國財政改革進展,2025-03-15 05:51,,2025-03-15 06:15,cfinance,rthk,https://news.rthk.hk/rthk/ch/component/k2/1795809-20250315.htm,"歐洲股市造好，德國股市表現較好，銀行及國防股上升。

德國保守派陣營領袖默茨提出的財政改革方案，獲得綠黨支持，國會下星期二將就債務協議進行表決。

英德股市都創1星期新高，德國DAX指數曾升穿23000點關口，收市報22986點，升419點，升幅1.86%。

英國富時100指數收報8632點，升89點，升幅1.05%，連升3日。

法國CAC指數重上8000點，收報8028點，升90點，升幅1.13%。

英法德股市本周累計跌0.1%至1.1%，法股跌幅最大。"
US share gains cut into week's losses,2025-03-15 05:48,"Stocks finished higher on Friday, with S&P 500 at 5,638, up 2.1%, and Dow Jones at 41,488, up 1.7%. The Nasdaq Composite Index rose 2.6%. Gains were due to bargain hunting and reduced odds of a US government shutdown. However, the week's losses were 2.3% due to recession worries over President Trump's shifting tariff policy, particularly on EU wine and champagne. A consumer survey indicated a ""high level of uncertainty"" around policy and economic factors.",2025-03-15 06:15,efinance,rthk,https://news.rthk.hk/rthk/en/component/k2/1795808-20250315.htm,"Wall Street stocks finished higher on Friday following bargain hunting that reduced the week's losses amid recession worries over President Trump's shifting tariff policy.

Major indices opened higher and remained in positive territory through the day, shrugging off a downcast reading on US consumer sentiment.

Analysts pointed to the diminished odds of a US government shutdown as supportive of stocks after Democratic Senate Leader Charles Schumer backed a spending bill favored by Republican President Donald Trump.

The broad-based S&P 500 finished at 5,638, up 2.1 percent for the day, but down 2.3 percent for the week.

The Dow Jones Industrial Average gained 1.7 percent to 41,488, while the tech-rich Nasdaq Composite Index jumped 2.6 percent to 17,754.

A consumer survey by the University of Michigan said expectations for the future ""deteriorated,"" with ""many consumers"": citing a ""high level of uncertainty around policy and other economic factors.""

The report came as economists warn that Trump's wide-ranging and unpredictable trade policy risks delaying investments, raising the odds of a recession.

Major indices dropped more than one percent on Thursday after Trump threatened a 200 percent tariff on European Union wine, champagne and other alcoholic beverages following the EU's announced countermeasures against new US steel and alumium tariffs.

On Friday, all 11 sectors of the S&P 500 posted gains, while the Dow index was mostly up. (AFP)"
美股反彈近2%或以上　全星期計跌勢持續,2025-03-15 05:37,,2025-03-15 06:00,cfinance,rthk,https://news.rthk.hk/rthk/ch/component/k2/1795807-20250315.htm,"美股3大指數顯著反彈近2%或以上，但全星期累計仍下跌，市場持續關注美國總統特朗普關稅政策影響。

道瓊斯指數重上41000點水平，最多升逾710點，收市報41488點，升674點，升幅1.65%，結束4日跌勢。

標普500指數收報5638點，升117點，升幅2.13%。

納斯達克指數收報17754點，升451點，升幅2.61%。

晶片股造好，Nvidia升逾5%，博通、AMD、高通升逾2%至3%。其他科技股亦升，Tesla反彈約4%。

總結全星期，道指累計跌3.1%，連跌兩星期；標普500指數及納指都跌逾2%，兩者都連跌4星期。"
拉舒福特和佐敦軒達臣獲杜曹徵召入英格蘭大軍名單,2025-03-15 05:18,,2025-03-15 05:30,csport,rthk,https://news.rthk.hk/rthk/ch/component/k2/1795806-20250315.htm,"英格蘭本月稍後將會出戰世界盃歐洲區外圍賽兩場賽事，領隊杜曹公布26人大軍名單，其中已經一年沒有代表英格蘭上陣的拉舒福特再度入選，即將踏入35歲的佐敦軒達臣，亦時隔近一年半再獲徵召。

杜曹認為，27歲的拉舒福特最近在代表阿士東維拉的比賽中發揮非常重要的作用，很高興看到他在球場上的努力。他又認為，佐敦軒達臣作為前利物浦大將的職業生涯，以及目前在荷甲阿積士的表現，都令人欽佩。

另外，32歲的紐卡素後衛丹般，以及年僅18歲的阿仙奴小將路易斯史基利，首次進入三獅軍團名單。

麥佳亞、阿歷山大阿奴、薩卡、加利殊等，分別因為受傷或近期在球會出場時間太少而落選。"
嶺大有信息系統被黑客入侵　數千份內部文件外洩,2025-03-15 04:50,,2025-03-15 05:00,local,rthk,https://news.rthk.hk/rthk/ch/component/k2/1795804-20250315.htm,"嶺南大學表示，有信息系統被黑客入侵，數千份內部文件外洩，其中約200份涉及主要個人資料，已就事件通報個人資料私隱專員公署。

校方回覆查詢時說，高度重視事件，已即時停用涉事系統，防止數據進一步外洩，亦會聯絡受影響的人，提供必要支援，降低潛在風險，並會全面檢視和提升整體網絡安全。"
普京稱俄美關係有進展　若庫爾斯克州烏軍投降會保證安全,2025-03-15 04:22,,2025-03-15 04:45,cinternational,rthk,https://news.rthk.hk/rthk/ch/component/k2/1795803-20250315.htm,"俄羅斯總統普京表示，俄美關係已經有所進展，俄方注意到由特朗普領導的新一屆美國政府，正在為改善俄美雙邊關係努力，但恢復雙邊關係的過程不簡單，可以說是複雜，俄方對後續進展保持關注。

普京在俄羅斯聯邦安全會議常務委員視像會議上又說，理解特朗普呼籲俄方對在庫爾斯克州被俄軍包圍的烏軍人員予以寬待的立場，如果烏軍放低武器投降，俄方會保證他們的安全，並根據國際法和俄羅斯法律得到應有待遇。

特朗普較早時在社交平台形容，美方與普京進行了非常良好和富有成效的討論，俄烏衝突很有可能走向結束。他又說，數千名烏克蘭士兵正被俄軍完全包圍，處境非常糟糕，強烈要求普京放過他們一命。

烏克蘭武裝部隊總參謀部否認烏軍在庫爾斯克州被包圍，指烏軍已重組，並撤退到更有利的防線，繼續執行任務。

烏克蘭總統澤連斯基強調，普京提出停火的附加條件，表明他不想停火，呼籲美國採取有力措施向俄羅斯施壓。"
Tesla警告美國政府的高額關稅政策會損害美國企業,2025-03-15 03:11,,2025-03-15 03:30,cinternational,rthk,https://news.rthk.hk/rthk/ch/component/k2/1795802-20250315.htm,"富商馬斯克擁有的美國電動汽車生產商Tesla，去信美國貿易代表辦公室，警告美國政府的高額關稅政策，將會損害美國企業。

Tesla在信中表示，過高的關稅將會推高美國必要進口商品的成本，貿易爭端還會面臨報復性措施，造成美國出口電動汽車的關稅增加，美國出口商必然受到不成比例的影響。

Tesla又認為，即使積極推進供應鏈本地化，某些零部件在美國境內採購仍然困難或者不可能。

外電報道，目前不清楚信件是由誰寫，以及馬斯克是否知情。"
卡尼：未有計劃晤特朗普　加拿大永遠不會成為美國一部分,2025-03-15 02:34,,2025-03-15 02:45,cinternational,rthk,https://news.rthk.hk/rthk/ch/component/k2/1795801-20250315.htm,"加拿大新任總理卡尼表示，面對外國不合理的貿易行動，保護加拿大工人和家庭是新政府重點關注的事項之一，指出消極的態度不會贏得貿易戰，亦不會降低食品價格。

卡尼表示，計劃前往法國及英國，與兩國領導人會面，指加強安全及貿易夥伴多元化非常重要，目前未有計劃與美國總統特朗普會晤，但會在合適時候這樣做。

卡尼又強調，加拿大永遠不會成為美國的一部份，指兩國從根本上是完全不同的國家，加拿大期望得到美國及特朗普的尊重。"
杜特爾特視像出席國際刑事法院聆訊　案件料最快明年初正式開審,2025-03-15 02:19,,2025-03-15 02:30,cinternational,rthk,https://news.rthk.hk/rthk/ch/component/k2/1795800-20250315.htm,"荷蘭海牙國際刑事法院就菲律賓前總統杜特爾特，涉嫌違反人類罪舉行首次聆訊，杜特爾特以視像方式出席。法官告知杜特爾特起訴的內容及享有的權利，杜特爾特確認自己的姓名、出生日期和地點。

代表律師表示，杜特爾特患上令人衰弱的醫療問題，不適宜接受審訊。但法官指出，法庭醫生認為杜特爾特神志清醒，身體並沒有問題，不過考慮到杜特爾特舟車勞頓，批准他視像應訊。

案件將於9月進行審前覆核，預料最快明年初正式開審。

身處海牙的杜特爾特女兒、菲律賓副總統莎拉表示，希望法院批准探望父親。"
伊拉克總理稱擊斃伊斯蘭國在伊拉克和敘利亞的頭目,2025-03-15 02:12,,2025-03-15 02:30,cinternational,rthk,https://news.rthk.hk/rthk/ch/component/k2/1795799-20250315.htm,"伊拉克總理蘇達尼表示，極端組織伊斯蘭國在伊拉克和敘利亞的頭目已被打死。

蘇達尼發表聲明說，在伊拉克聯合行動指揮部和國際聯盟的協調配合下，伊拉克情報部門成功擊斃伊斯蘭國在伊拉克和敘利亞的頭目拉菲依，形容對方是伊拉克和世界範圍內最危險的恐怖分子之一。但聲明未提及擊斃拉菲依的具體時間和地點。

伊拉克政府2017年12月宣佈打擊伊斯蘭國的行動取得勝利，但伊斯蘭國殘餘勢力之後在伊拉克偏遠農村地區流竄，不時發動襲擊。"
七國集團警告俄羅斯除非接受與烏停火　否則面對新制裁,2025-03-15 01:38,,2025-03-15 01:45,cinternational,rthk,https://news.rthk.hk/rthk/ch/component/k2/1795798-20250315.htm,"七國集團警告俄羅斯，除非接受與烏克蘭的停火協議，否則將面臨新的制裁。

七國集團外長結束一連兩日在加拿大魁北克舉行的會議，會後聯合聲明表示，支持烏克蘭為維護領土完整而戰，指出需要建立強而有力和可靠的安全機制，確保烏克蘭能夠阻止和防禦任何新的侵略行為。

聲明說，支持美國提出俄烏停火30日的建議，呼籲俄羅斯同意停火，並全面執行協議。各方討論到如果未能達成協議，對俄羅斯施加進一步制裁、限制油價、為烏克蘭提供額外支持等。

美國國務卿魯比奧說，有理由對俄烏停火感到審慎樂觀，指出總統特朗普不想對俄實施進一步制裁，但如果有必要亦可以這樣做。"
王毅：中東問題已夠多　不應再製造新的緊張甚至危機,2025-03-15 01:26,,2025-03-15 01:45,greater_china,rthk,https://news.rthk.hk/rthk/ch/component/k2/1795797-20250315.htm,"中共中央政治局委員、外長王毅在北京會見出席伊朗核問題中俄伊北京會晤的俄羅斯副外長里亞布科夫，以及伊朗副外長加里布阿巴迪。

王毅表示，中東的問題已經夠多，各方應聚焦以巴問題，不應再製造新的緊張甚至危機。伊朗核問題全面協議是通過對話談判妥善處理敏感問題的重要成果，遺憾的是協議在執行過程中，因美方執意退出受到干擾。

王毅強調，要透過政治外交手段解決爭端，反對訴諸武力和非法制裁。要積極尋求擴大共識，爭取透過協商找到兼顧各方關切的合理解決方案。他說，和平仍可爭取，不應輕言放棄，單邊制裁只會激化矛盾，對話談判才是唯一選擇。"
卡尼正式宣誓就任加拿大新總理　多個內閣職位續由前任閣員擔任,2025-03-15 01:15,,2025-03-15 01:45,cinternational,rthk,https://news.rthk.hk/rthk/ch/component/k2/1795796-20250315.htm,"加拿大自由黨新任黨魁卡尼接替執政超過九年的杜魯多，正式宣誓就任新一任總理。

就職儀式在首都渥太華的總督府舉行，由總督西蒙主持，卡尼按照傳統以加拿大官方語言英語和法語宣誓，一眾內閣成員之後亦緊隨宣誓。

新內閣共有24人，規模比杜魯多時期大幅減少，多個職位繼續由前任內閣成員擔任，原財長勒布朗轉為國際貿易及政府間事務部長，財長由原創新、科學及工業部長商鵬飛出任。趙美蘭和布萊爾分別留任外長和防長。前財長兼副總理方慧蘭，就會重返內閣擔任運輸及國內貿易部長。

總理辦公室表示，這個新、更精簡和更專注的內閣，將會實現對加拿大人最重要的事情，例如加強加拿大的經濟和安全。

前加拿大央行行長卡尼在早前的黨魁選舉中勝出，當選自由黨新領導人，杜魯多較早時向西蒙正式遞交辭呈，他並無發表公開講話，但在社交平台感謝國民的支持，對能夠為加拿大服務感到自豪。"
普京透過威特科夫轉達涉烏問題意見　特朗普：討論富有成效,2025-03-15 00:10,,2025-03-15 00:30,cinternational,rthk,https://news.rthk.hk/rthk/ch/component/k2/1795794-20250315.htm,"俄羅斯總統普京星期四會見到訪的美國中東問題特使威特科夫，克里姆林宮發言人佩斯科夫說，普京已透過對方向美國總統特朗普轉達涉及烏克蘭問題的意見。

佩斯科夫說，威特科夫向普京提供了更多涉及烏克蘭問題的信息。佩斯科夫重申，普京支持特朗普解決烏克蘭問題的總體立場，但亦指出有一些事項仍需共同解決，仍有很多工作要做。

他又說，目前仍未確定俄美總統的會談時間，具體日期將在威特科夫向特朗普匯報情況後再確定。

特朗普在社交平台形容，美方與普京進行了非常良好和富有成效的討論，這場可怕和血腥的戰爭很有可能走向結束。

他又說，數千名烏克蘭士兵正被俄羅斯軍隊完全包圍，處境非常糟糕，他強烈要求普京放過他們一命。"
叙福樓料去年度轉蝕最多3600萬元,2025-03-14 23:43,,2025-03-15 00:00,cfinance,rthk,https://news.rthk.hk/rthk/ch/component/k2/1795793-20250314.htm,"叙福樓預計，去年度轉蝕最多3600萬元，前年度錄得8810萬元盈利。

集團表示，去年本地整體餐飲消費較前年疲弱，導致收入下跌；集團對部分表現未達預期的分店物業、廠房和設備及使用權資產計提減值撥備，都拖累業績表現。

集團又指，去年密切關注市場情況，不時調整業務策略，並實施多項積極策略以提升多元品牌發展和節省開支，以減少負面影響及維持業務穩定。這些策略包括但不限於引進及開發合適市場的新品牌，與業主協商減租、改善供應商條款以及推出多樣化的推廣活動。此外，集團有效管理營運資金，以確保現金流保持健康狀態。"
律師指杜特爾特患醫療問題　法官稱醫生認為杜特爾特神志清醒,2025-03-14 23:18,,2025-03-14 23:30,cinternational,rthk,https://news.rthk.hk/rthk/ch/component/k2/1795792-20250314.htm,"涉嫌違反人權的菲律賓前總統杜特爾特，以視像方式出席荷蘭海牙國際刑事法院首次聆訊。

主審法官表示，容許杜特爾特以視像方式出席首次聆訊，是因為他經過長途跋涉的旅程。法庭向杜特爾特宣讀他享有的權利及被控的罪名。杜特爾特向法庭確認他的姓名以及出生日期。

法新社報道，杜特爾持的聲音聽起來很虛弱，他看起來很疲倦，在聆訊過程中，經常長時間閉起雙眼。

杜特爾特的代表律師說，杜特爾特患上令人衰弱的醫療問題，不適宜接受審訊。不過，主審法官表示，法庭的醫生認為，杜特爾特神志清醒，身體健康。

79歲的杜特爾特被指任內打擊毒品犯罪活動時，觸犯危害人類罪，日前在馬尼拉機場被捕。"
道指升幅擴大至逾500點,2025-03-14 23:07,,2025-03-14 23:30,cfinance,rthk,https://news.rthk.hk/rthk/ch/component/k2/1795791-20250314.htm,"美股3大指數升逾1%至2%，道瓊斯指數升幅擴大至逾500點。

數據顯示美國3月消費者信心跌至近兩年半最低，長期通脹預期升至逾30年高位，道瓊斯指數一度收窄升幅至不足120點，其後升幅擴大。

道指較早時報41337點，升524點，升幅1.28%。

納斯達克指數報17650點，升347點，升幅2.01%。

標準普爾500指數報5610點，升89點，升幅1.62%。

大型科技股造好，Nvidia升逾4%，Meta和Tesla升逾2%。

金融股上升，高盛、摩根大通和美國運通升逾2%。"
逾2200名中國涉詐犯罪嫌疑人經泰國被分批押解回國,2025-03-14 22:39,,2025-03-14 23:00,cinternational,rthk,https://news.rthk.hk/rthk/ch/component/k2/1795788-20250314.htm,"再有超過2200名緬甸妙瓦底地區的中國涉詐犯罪嫌疑人，被公安機關經泰國押解回國。中緬泰聯合自2月20日開展相關工作以來，累積2876名中國涉詐犯罪嫌疑人被押解回國。

目前，公安部已部署江蘇、上海公安機關全力進行案件偵辦工作。相關負責人表示，公安機關將以更大的決心和力度，不斷深化國際執法合作，持續推動聯合打擊工作向縱深發展，堅決剷除犯罪窩點，全力緝捕犯罪嫌疑人，切實維護中國公民生命財產安全。"
城規會維持決定　港大擬建國際創新中心用地為「未決定用途」,2025-03-14 22:30,,2025-03-14 22:45,local,rthk,https://news.rthk.hk/rthk/ch/component/k2/1795789-20250314.htm,"港大計劃在薄扶林興建國際創新中心，佔地4.72公頃。城市規劃委員會維持決定，將有關用地由「其他指定用途」註明「國際創新中心」地帶改劃為「未決定用途」地帶，作為過渡性安排。

城規會認為，有關決定是較審慎做法，讓港大有時間重新檢視國際創新中心發展計劃，並展開相關技術評估，進一步諮詢社區等。委員重申，與持份者的交流有建設性十分重要，強調期望港大加強與社區溝通。

委員亦認為，有必要促請港大在合理時間內確定國際創新中心發展方向，邀請港大3個月內匯報項目最新發展，包括選址決定及詳細理據、發展時間表、與持份者的溝通進展。

規劃署表示，城規會已審慎考慮1800多份進一步申述，備悉反對意見主要關於「未決定用途」地帶的劃設、該用地是否適合設立國際創新中心及程序事宜。

署方說，法律意見確認，將用地改劃為「未決定用途」地帶以局部順應有關申述，符合法理依據。而劃設「未決定用途」地帶目的，讓港大可重新審視選址的適切性，並考慮持份者包括心光學校及當區居民意見。委員亦認為，處理進一步申述過程中，並無程序不當。
　　 
署方重申，在用地上進行任何發展，需按條例訂明的改劃程序進行，屆時公眾人士可提交申述，城規會亦會舉行聆聽會考慮有關申述，再決定是否接納改劃建議。"
CHP urges caution as Saudi Arabia sees more MERS cases,2025-03-14 22:27,"The Centre for Health Protection (CHP) has advised caution when traveling to the Middle East due to four new cases of Middle East Respiratory Syndrome (MERS) reported by the World Health Organisation in Saudi Arabia. Two of the patients have died, with one having had indirect contact with dromedary camels and their raw milk. The CHP recommends travel agents to avoid arranging activities involving direct contact with dromedary camels, and emphasizes maintaining good personal hygiene.",2025-03-14 22:45,elocal,rthk,https://news.rthk.hk/rthk/en/component/k2/1795787-20250314.htm,"The Centre for Health Protection (CHP) on Friday called on members of the public to exercise caution when travelling to the Middle East.

The reminder came as the World Health Organisation reported four new cases of Middle East Respiratory Syndrome (MERS) in Saudi Arabia, involving chronically-ill men aged between 27 and 78. 

Two of the patients have passed away. 

In a statement, the CHP said one of the infected patients has had indirect contact with dromedary camels and their raw milk.

""The CHP also recommends travel agents organising tours to the Middle East to refrain from arranging for visitors to ride dromedary camels or to participate in any activities involving direct contact with dromedary camels, which are known risk factors for acquiring MERS-CoV,"" the statement read. 

Officials also reminded people to maintain good personal hygiene."
美國3月消費者信心跌至近兩年半最低　通脹預期上升,2025-03-14 22:16,,2025-03-14 23:15,cfinance,rthk,https://news.rthk.hk/rthk/ch/component/k2/1795786-20250314.htm,"美國3月消費者信心驟降，通脹預期上升，因擔心美國總統特朗普關稅政策會刺激物價並削弱經濟。

密歇根大學消費者調查顯示，美國消費者信心指數由2月終值64.7，降至3月初值57.9，創近兩年半以來最低，亦低過市場預期的63.1。

期內，消費者現況指數初值為63.5，跌至6個月低位。預期指數初值為54.2，是逾2年半以來最低，兩者均低過預期。

3月消費者1年通脹預期升至4.9%，創2022年以來最高水平，高過2月的4.3%。5年通脹預期升至3.9%，創1993年以來最高水平，高過上月的3.5%。"
美國3月消費者信心指數初值低過預期　通脹預期上升,2025-03-14 22:16,,2025-03-14 23:00,cfinance,rthk,https://news.rthk.hk/rthk/ch/component/k2/1795786-20250314.htm,"美國3月消費者信心驟降，通脹預期上升，因擔心美國總統特朗普關稅政策會刺激物價並削弱經濟。

密歇根大學消費者調查顯示，美國消費者信心指數由2月終值64.7，降至3月初值57.9，低過市場預期的63.1。

期內，消費者現況指數初值為63.5，預期指數初值為54.2，兩者均低過預期。

3月消費者1年通脹預期升至4.9%，高過2月的4.3%。5年通脹預期升至3.9%，高過上月的3.5%。"
美國3月消費者信心指數初值低過預期,2025-03-14 22:16,,2025-03-14 22:30,cfinance,rthk,https://news.rthk.hk/rthk/ch/component/k2/1795786-20250314.htm,"美國密歇根大學3月美國消費者信心指數初值為57.9，低過市場預期的63.1。

期內，現況指數為63.5，預期指數為54.2，兩者均低過預期。

3月美國消費者1年通脹預期為4.9%，5年通脹預期為3.9%。"
Man arrested for allegedly assaulting a nurse,2025-03-14 21:54,"Male visitor at Kwong Wah Hospital arrested for assaulting a nurse, resulting in arm injury. Hospital reported the case to police, nurse received treatment, and has been discharged. Hospital Authority expressed concern, sympathy, and support for the nurse, and has a zero-tolerance policy towards workplace violence.",2025-03-14 22:15,elocal,rthk,https://news.rthk.hk/rthk/en/component/k2/1795779-20250314.htm,"A male visitor at Kwong Wah Hospital has been arrested for allegedly assaulting a nurse.

The hospital revealed that the nurse's arm was injured in the incident that happened in a ward on Thursday. 

It said other medical staff and security officers were alerted, and reported the case to the police. 

The nurse was sent to the Accident and Emergency Department for treatment, and has since been discharged. 

""The hospital is highly concerned about the incident, expressed sympathy and rendered necessary support to the nurse,"" a Hospital Authority statement read.

""The hospital resolutely adopts a zero-tolerance attitude to any workplace violence and strongly condemns the violent act."""
杜特爾特以視像方式出席海牙國際刑事法院首次聆訊,2025-03-14 21:52,,2025-03-14 22:15,cinternational,rthk,https://news.rthk.hk/rthk/ch/component/k2/1795784-20250314.htm, 
哈馬斯同意釋放一名有美國和以色列雙重國籍被扣押人員,2025-03-14 21:48,,2025-03-14 22:15,cinternational,rthk,https://news.rthk.hk/rthk/ch/component/k2/1795782-20250314.htm,"巴勒斯坦武裝組織哈馬斯發表聲明說，已同意釋放一名有美國和以色列雙重國籍的被扣押人員。

聲明說，哈馬斯領導層代表團收到斡旋方相關提議後，同意釋放擁有美以雙重國籍的以軍士兵亞歷山大，並移交另外4名擁有美以雙重國籍被扣押人員的遺體。

聲明又說，哈馬斯已就加沙地帶第二階段停火協議的全面達成做好準備，呼籲以色列充分履行其義務。

哈馬斯領導層與美國總統人質事務特使伯勒爾日前在卡塔爾首都多哈多次會談，現年21歲的亞歷山大被認為是唯一在世的被扣押在加沙的美國公民。"
天文台料明日稍後北風逐漸增強　下週初最低氣溫14至15度,2025-03-14 21:43,,2025-03-14 22:00,local,rthk,https://news.rthk.hk/rthk/ch/component/k2/1795781-20250314.htm,"天文台表示，受冷鋒相關的東北季候風持續影響，星期日沿岸地區天氣轉涼，風勢頗大，下週初最低氣溫約14至15度。

天文台預料，現時影響華南北部嘅低壓槽會發展成一道冷鋒，明日向南移近沿岸地區，明日稍後有幾陣驟雨，局部地區可能有雷暴，北風逐漸增強。"
美股初段上升,2025-03-14 21:37,,2025-03-14 21:45,cfinance,rthk,https://news.rthk.hk/rthk/ch/component/k2/1795778-20250314.htm,"美股在開市初段上升。

道瓊斯指數較早時報40953點，升140點，升幅0.34%。

納斯達克指數報17578點，升275點，升幅1.59%。

標準普爾500指數報5572點，升51點，升幅0.92%。

Tesla、Nvidia升逾3%。反映中概股表現的納斯達克中國金龍指數升近3%。"
"Gold tops US$3,000 for first time over Trump tariffs",2025-03-14 21:36,"Gold surpassed $3,000 for the first time due to uncertainties over Trump's tariffs. Markets gained hope for avoiding a US government shutdown. Asian and European markets ended the week positively. The Republican spending bill, which prevents a shutdown, is being pushed through with Democratic leader Schumer dropping his threat to block it, amid pressure from grassroots to defy the plan with harmful spending cuts.",2025-03-14 21:45,efinance,rthk,https://news.rthk.hk/rthk/en/component/k2/1795777-20250314.htm,"Safe-haven gold surpassed US$3,000 for the first time on Friday, boosted by uncertainty over US President Donald Trump's tariffs, while stock markets gained on hopes US lawmakers will avert a government shutdown.

""Markets hate uncertainty, and Trump's second tenure in the White House has served to provide huge instability over expectations for trade, jobs, inflation, and government spending,"" said Joshua Mahony, chief market analyst at Scope Markets.

However, Asian equities managed to end the week on a positive note while European markets were also up in midday deals.

Stocks gained support from ""hopes that the US government would avoid a shutdown of non-essential services,"" said Derren Nathan, head of equity research at Hargreaves Lansdown.

With just hours until a deadline to push a Republican spending bill through, Senate Democratic leader Chuck Schumer dropped his threat to block it.

The package would keep the lights on through September, but Democrats have come under pressure from their grassroots to defy the plan, which they say is full of harmful spending cuts. (AFP)"
兩元優惠調整　孫玉菡：不想老友記搭程車都心掛掛,2025-03-14 21:30,,2025-03-14 21:45,local,rthk,https://news.rthk.hk/rthk/ch/component/k2/1795776-20250314.htm,"新一份財政預算案提出「兩元優惠計劃」調整方案，包括新增每月240程限制，10元以上改為全額車費「兩折」。勞工及福利局局長孫玉菡表示，在250萬受惠人士中，只有約360人每月優惠車程超出240程，他說假設長者每天兩度出行，即使每程都要轉車，8程車仍足以應付；而且上限以每月計算，偶有乘車超過8程的日子仍可拉上補下。他強調，政府在設定優惠車程上限時採取寬鬆的做法，就是不想老友記「搭程車都心掛掛」。

孫玉菡在社交專頁指出，相比65歲或以上的人士，60至64歲人士的人均乘搭次數較高，而他們乘搭成人票價10元以上路線的人次也較多。他引用數據說，60至64歲長者乘搭10元以上長途路線佔該組別的乘車人次34%，至於65歲或以上長者則傾向在居住區域活動，長線乘客只佔17%，因此60至64歲人士是在「兩蚊兩折」方案下受較大影響的一群。

至於長車短搭的問題，孫玉菡說，雖然乘搭票價10元以上路線的人次，只佔受惠乘客人次不足四分一，政府就相關車程向公共交通營辦商發還的款額卻佔超過一半。因此政府相信透過「兩蚊兩折」方案，可提供誘因鼓勵受惠者選擇適合出行需要的路線，減少「長車短搭」情況。

孫玉菡提到，2024至25年度「兩元優惠計劃」的預算開支約60億元，其後修訂為大約44億元，其中一個原因是樂悠咭全面實施實名制後首3個月，有約12%持卡人並無使用過乘車優惠，相信當中包括現時約4萬名居於安老院舍而甚少外出的長者。不過政府相信，計劃開支會繼續隨著人口高齡化及公共交通費用調整等因素上升，有必要及早採取措施減輕財政負擔。他強調，實施微調方案目的是保留計劃的政策原意，並在提升計劃的可持續性和減低對受惠人士影響之間，盡量取得平衡。"
碧桂園服務料去年多賺逾4倍,2025-03-14 21:25,,2025-03-14 21:45,cfinance,rthk,https://news.rthk.hk/rthk/ch/component/k2/1795775-20250314.htm,"碧桂園服務預計，去年度歸屬於公司股東的淨利潤介乎約16億至20億元人民幣，按年升約4.5至5.8倍。

盈利上升，主要由於去年度無新增計提關聯方貿易應收款減值撥備，並小幅轉回往年已計提的減值撥備。

此外，期內商譽減值規模按年收窄，以及過往年度實施收併購所形成的業績承諾相關的或有對價公允價值變動收益按年增加，都帶動盈利。"
廣華醫院一名護士遇襲受傷　警拘一名懷疑涉案探病男子,2025-03-14 20:40,,2025-03-14 20:45,local,rthk,https://news.rthk.hk/rthk/ch/component/k2/1795774-20250314.htm,"廣華醫院一名護士昨日下午在病房工作期間遇襲受傷，病房職員和保安人員到場支援及報警求助，並將受傷的護士送往急症室治理。護士手臂受傷，經治療後已經出院。警方其後在醫院拘捕一名探病男子，懷疑與事件有關。

廣華醫院表示非常關注事件，向受傷護士致以深切慰問及提供所需支援。醫院強烈譴責有關暴力事件，對工作間暴力採取「零容忍」態度，定會嚴肅跟進及全力配合警方調查。"
沙特增4宗中東呼吸綜合症個案　防護中心籲勿安排旅客騎單峰駱駝,2025-03-14 20:37,,2025-03-14 20:45,local,rthk,https://news.rthk.hk/rthk/ch/component/k2/1795773-20250314.htm,"衞生防護中心表示，根據世界衞生組織通報，沙特阿拉伯新增4宗中東呼吸綜合症個案，其中一人曾間接接觸單峰駱駝及未經處理的駱駝奶。

世衞資料顯示，涉及的4名男子，年齡介乎27至78歲，均有長期病患，其中兩人已離世。4宗個案中，有2宗與當地一間醫療機構有流行病學關連。

衞生防護中心建議營辦中東團的旅行社，不應安排旅客騎單峰駱駝或參與直接接觸單峰駱駝的活動，提醒有關做法屬已知的感染風險因素。"
釜山航空客機1月底起火事件　調查指或因乘客攜帶充電寶起火導致,2025-03-14 20:32,,2025-03-14 20:45,cinternational,rthk,https://news.rthk.hk/rthk/ch/component/k2/1795772-20250314.htm,"南韓釜山航空1月底一架原定從釜山飛往香港的客機，在準備起飛時起火事件，南韓國土交通部航空鐵路事故調查委員會說，當局的調查分析結果顯示，乘客攜帶的充電寶起火導致飛機發生火警的可能性較大。

韓聯社引述調查當局說，在飛機內部結構中沒有發現與起火相關的異常或異常碎片，所以認定因飛機內部設施而起火的可能性很小，認為火警很可能是由電池內部短路引致。

事發在今年1月28日晚上，釜山航空一班原定從釜山飛往香港的客機，在金海國際機場準備起飛時起火，機上176名乘客和機組人員緊急疏散，多人在疏散期間受傷。"
李強︰要更注重加大政策力度和激發市場力量良性互動,2025-03-14 20:24,,2025-03-14 20:45,greater_china,rthk,https://news.rthk.hk/rthk/ch/component/k2/1795770-20250314.htm,"國務院總理李強主持召開國務院第八次全體會議，深入學習貫徹總書記習近平在全國兩會期間的重要講話和全國兩會精神，對落實國務院2025年重點工作進行部署。

李強指出，針對今年形勢和任務的特點，要更加注重加大政策力度和激發市場力量良性互動、協同發力。實施好更加積極有為的宏觀政策，最大限度發揮政策效應。著力深化改革，完善法治環境和信用環境，調動各類經營主體的積極性主動性。要切實守住底線，努力追求高線。在牢牢守住安全穩定等底線的同時，以更高的目標追求和工作標準，在發展新質生產力、做強國內大循環、加快綠色轉型、增進民生福祉等方面取得更大成效，打造更多突破性、標誌性成果。"
中方：冀各方通過對話談判就烏克蘭危機達成公平持久和平協議,2025-03-14 20:22,,2025-03-14 20:45,greater_china,rthk,https://news.rthk.hk/rthk/ch/component/k2/1795771-20250314.htm,"在北京，外交回應有關俄羅斯總統普京提議與美國總統特朗普就俄烏臨時停火協議舉行會談的提問，發言人毛寧說，在烏克蘭危機問題上，中方始終堅持習近平主席提出的「四個應該」，也就是各國的主權領土完整都應該得到尊重，聯合國的憲章宗旨和原則都應該得到遵守，各國合理的安全關切都應該得到重視，一切有利於和平解決危機的努力都應該得到支持。

毛寧說，中方希望各方能夠通過對話談判，達成一個公平持久、有約束力，並被各當事方所接受的和平協議。中方願意同國際社會一起，為最終化解危機、實現持久和平繼續發揮建設性的作用。"
國防部：中方要求日方在軍事安全領域謹言慎行,2025-03-14 19:36,,2025-03-14 19:45,cinternational,rthk,https://news.rthk.hk/rthk/ch/component/k2/1795769-20250314.htm,"在北京，國防部新聞發言人張曉剛說，中方要求日方深刻汲取歷史教訓，在軍事安全領域謹言慎行。

對於日本艦艇上月過航台灣海峽，日方官員又說嚴重關切中國軍隊在日本周邊活動，張曉剛回應說，中方尊重各國依據國際法享有的航行權利，但堅決反對任何國家在台灣海峽興風作浪，侵犯中國主權安全，向「台獨」分裂勢力傳遞錯誤信號。

他又強調，中國軍隊在相關海空域活動符合國際法和國際實踐，正當合理、無可非議，日方無端指責中方正常演訓活動，中方對此堅決反對。"
Drop in pupil numbers 'structural and would worsen',2025-03-14 19:24,"Hong Kong's Education Minister Christine Choi announced tighter rules for schools facing a dwindling pupil population, as a structural issue rather than a transitional one. Schools cannot switch back to private funding for six years if they revert a class to private money. Schools that go private must complete primary education with private funds. Two schools may close or go private due to lack of government funding. Additionally, students on mainland study tours were advised not to consume cold dishes after multiple cases of gastroenteritis. The illnesses are not believed to be related to tour food.",2025-03-14 19:45,elocal,rthk,https://news.rthk.hk/rthk/en/component/k2/1795759-20250314.htm,"Education minister Christine Choi said on Friday the government was left with little choice but to change rules on how local schools can continue to operate, as Hong Kong faces a dwindling pupil population.

She described the drop in student numbers as a ""structural"" rather than a ""transitional"" issue, and that it would only exacerbate in the coming years.

This week, the Education Bureau announced tighter restrictions on how schools can continue to receive government funding, which effectively increased the risk of them closing down if they don't enrol enough students.

Under current policy, schools can operate a class on private money for a year, and resume receiving government funding once they can meet the minimum intake of 16 pupils.

From September, such classes cannot revert to private funding again for six years.

And schools that are allowed to go private must ensure their pupils complete their primary education using private funds.

""In the past few years, we have lowered the class formation requirement. But today, we think basically all possible methods, all adjustments have been exhausted,"" Choi told reporters after attending an event.

""We must face this problem squarely. We need to implement measures for the education sector's stable and sustainable development in a timely manner.""

She noted that there had been fears more than 10 schools could face closure this year, but it turned out that only two were affected.

The secretary for education also said early next month, officials will reach out to parents whose children are due to attend Price Memorial Catholic Primary School in Wong Tai Sin and Southern District's Aplichau Kaifong Primary School, two schools that won't receive government grants to operate primary one classes in the coming academic year.

She said the two schools, which are left with the options of running the primary one class with private funds, merging with other schools or facing an eventual closure, have to decide the way forward themselves.

Only pupils who applied for the spots under the discretionary scheme would be affected, Choi said, because no pupils had been sent there through central allocation.

Meanwhile, Choi said students going on mainland study tours are reminded not to consume cold dishes, after dozens of students and teachers on such tours from three schools were said to have contracted gastroenteritis.

Health officials said they all went to eat at the same location in Shaoguan in Guangdong province, but the education chief stressed there's no evidence their illnesses had to do with food served during the tours.

She added that to be on the safe side, operators of mainland study tours have stopped providing cold dishes."
日本陸上自衛隊一名軍官因訓練事故死亡,2025-03-14 19:15,,2025-03-14 19:30,cinternational,rthk,https://news.rthk.hk/rthk/ch/component/k2/1795768-20250314.htm,"日本長野縣松本市的陸上自衛隊松本駐屯地發生一宗訓練事故，一名軍官被從高處墮下的機關槍擊中身亡。

陸上自衛隊表示，第12旅團突擊隊昨晚進行訓練，一名突擊隊成員從高約15米的訓練塔上準備借助繩索下降時，他所攜帶的長約1米、重約7公斤的機關槍意外滑落，擊中下面一名負責監督的軍官。該名軍官受傷送院，經搶救無效死亡。陸上自衛隊已成立事故調查委員會，調查事故原因。"
港華智慧能源去年多賺2%　末期息連特別息共19仙,2025-03-14 19:06,,2025-03-14 19:15,cfinance,rthk,https://news.rthk.hk/rthk/ch/component/k2/1795758-20250314.htm,"港華智慧能源去年盈利16.06億元，增長約2%，核心利潤上升 34.5%，升至16.01億元，若以人民幣計算，升幅37.2%。末期息每股16仙。另外，鑑於可再生能源業務業績令人鼓舞，董事會建議派付一次性特別股息每股3仙。

集團去年營業額上升7.4%，達到213.14億元，以人民幣計，上升9.6%。年內燃氣銷售量增長逾4.5%。城市燃氣項目累計總數達191個，年內增加4個，總客戶數目1764萬戶，增加87萬戶。城市燃氣綜合價差提升到每立方米0.56元人民幣，按年增加兩分人民幣。

集團於24個省、自治區和直轄市投資建設逾1000個可再生能源項目，分布式光伏累計併網裝機容量達到2.3吉瓦，增長約28%。"
港華智慧能源核心利潤升逾三成　末期息連特別息派19仙,2025-03-14 19:06,,2025-03-15 10:30,cfinance,rthk,https://news.rthk.hk/rthk/ch/component/k2/1795758-20250314.htm,"港華智慧能源去年盈利16.06億元，增長約2%，核心利潤上升34.5%，升至16.01億元，若以人民幣計算，升幅37.2%。末期息每股16仙。另外，鑑於可再生能源業務業績令人鼓舞，董事會建議派付一次性特別股息每股3仙。

集團去年營業額上升7.4%，達到213.14億元，以人民幣計，上升9.6%。年內燃氣銷售量增長逾4.5%。城市燃氣項目累計總數達191個，年內增加4個，總客戶數目1764萬戶，增加87萬戶。城市燃氣綜合價差提升到每立方米0.56元人民幣，按年增加兩分人民幣。

集團於24個省、自治區和直轄市投資建設逾1000個可再生能源項目，分布式光伏累計併網裝機容量達到2.3吉瓦，增長約28%。"
證監會下月恢復向中介人徵收牌照費　業界稱極度失望及深切憂慮,2025-03-14 18:57,,2025-03-14 19:30,local,rthk,https://news.rthk.hk/rthk/ch/component/k2/1795767-20250314.htm,"證監會發出通函，下月1日起恢復向所有中介人及持牌人士徵收牌照年費，並表示按《證券及期貨條例》有關規定，所有中介人及持牌人士須於牌照或註冊證明書每年周年日期後一個月內繳付年費，否則須繳付附加費，牌照或註冊可能會被暫時吊銷或撤銷。

香港證券及期貨專業總會對恢復徵收牌照年費，表示極度失望及深切憂慮，認為在當前香港經濟疲弱、金融行業尚未復蘇、企業裁員潮持續背景下，無疑對業界雪上加霜，促請證監會暫停恢復徵收年費，或至少為中小型機構提供過渡期寬免。"
證監會下月恢復向中介人徵收牌照年費　業界稱極度失望及深切憂慮,2025-03-14 18:57,,2025-03-14 19:15,local,rthk,https://news.rthk.hk/rthk/ch/component/k2/1795767-20250314.htm,"證監會發出通函，下月1日起恢復向所有中介人及持牌人士徵收牌照年費，並表示按《證券及期貨條例》有關規定，所有中介人及持牌人士須於牌照或註冊證明書每年周年日期後一個月內繳付年費，否則須繳付附加費，牌照或註冊可能會被暫時吊銷或撤銷。

香港證券及期貨專業總會對恢復徵收牌照年費，表示極度失望及深切憂慮，認為在當前香港經濟疲弱、金融行業尚未復蘇、企業裁員潮持續背景下，無疑對業界雪上加霜，直接加重中小型中介人及持牌人士負擔，甚至可能迫使部分企業縮減業務或退出市場，進一步削弱行業活力。

總會促請證監會重新審視政策，暫停恢復徵收年費，或至少為中小型機構提供過渡期寬免，呼籲當局聆聽業界聲音，展現靈活與擔當，共同為市場復蘇創造條件。"
國防部：中方奉勸菲方放棄挑釁　通過對話妥處分歧,2025-03-14 18:41,,2025-03-14 19:00,greater_china,rthk,https://news.rthk.hk/rthk/ch/component/k2/1795766-20250314.htm,"在北京，國防部新聞發言人張曉剛表示，中方奉勸菲方不要誤判形勢，立即放棄徒勞的冒險挑釁，切實回到通過對話妥處分歧的正確軌道上。
 
對於有報道引述菲律賓國防部長說，中國在爭議海域咄咄逼人的侵略行為是菲國家安全的最大威脅，張曉剛回應說，中國對南海諸島及其附近海域擁有無可爭辯的主權，對相關海域擁有主權權利和管轄權。中方始終致力於維護地區和平穩定。事實上，南海航行與飛越自由從未存在任何問題。但菲方一再對中方侵權挑釁，一些域外國家不斷拱火滋事，使得南海不得安寧。

張曉剛又說，中方維護自身領土主權和海洋權益的決心意志堅定不移，工具箱裡也有豐富的選項。"
現貨金升穿3000美元創新高,2025-03-14 18:21,,2025-03-14 18:45,cfinance,rthk,https://news.rthk.hk/rthk/ch/component/k2/1795765-20250314.htm,"避險資金支撐金價創新高，紐約期金突破每盎士3000美元關口後持續向上，較早時在3012美元以上。

現貨金亦升穿3000美元，再創新高，較早時報3004美元。"
3.5億元走私電子貨物　海關偵破4宗以遠洋船及內河船走私案,2025-03-14 18:19,,2025-03-14 21:30,local,rthk,https://news.rthk.hk/rthk/ch/component/k2/1795764-20250314.htm,"海關在葵涌貨櫃碼頭及青衣海關驗貨場偵破4宗涉嫌利用遠洋船和內河船走私貨物的案件，檢獲大批懷疑走私電子貨物，估計市值約3億5千5百萬元。

海關本月1日及3日鎖定三艘準備由香港前往韓國、泰國和馬來西亞的遠洋船，以及一艘準備由香港前往廣西的內河船作檢查，並在船上4個貨櫃內檢獲大批懷疑走私電子貨物，包括集成電路、顯示器、路由器、平板電腦和車輛零件。"
海關偵破4宗案件　共檢市值3.5億元走私電子貨物,2025-03-14 18:19,,2025-03-14 18:30,local,rthk,https://news.rthk.hk/rthk/ch/component/k2/1795764-20250314.htm,"海關在葵涌貨櫃碼頭及青衣海關驗貨場偵破4宗涉嫌利用遠洋船和內河船走私貨物的案件，檢獲大批懷疑走私電子貨物，估計市值約3億5千5百萬元。

海關本月1日及3日鎖定三艘準備由香港前往韓國、泰國和馬來西亞的遠洋船，以及一艘準備由香港前往廣西的內河船作檢查，並在船上4個貨櫃內檢獲大批懷疑走私電子貨物，包括集成電路、顯示器、路由器、平板電腦和車輛零件。"
多個國家出現麻疹疫情　衞生防護中心提醒外遊市民完成兩劑疫苗,2025-03-14 18:16,,2025-03-14 21:30,local,rthk,https://news.rthk.hk/rthk/ch/component/k2/1795763-20250314.htm,"衞生防護中心表示，鑑於近期多個海外國家出現麻疹疫情，提醒市民外遊前應確保完成接種兩劑麻疹疫苗，以減低感染風險。香港今年暫時錄得1宗外地傳入麻疹個案，病人曾於潛伏期到過越南，目前沒有錄得其他個案。

衞生防護中心總監徐樂堅重申，市民接種疫苗是預防麻疹最安全有效的方法。健康的人士按建議接種麻疹疫苗後一般可獲長期，甚至終生保護，接種兩劑疫苗後預防效果更可達97%。

中心說，根據世衞最新發布的資料，去年歐洲和中亞地區共錄得超過12萬7000宗麻疹個案，包括至少38宗死亡個案，是2023年的兩倍，也是自1997年以來的最高紀錄。當中，超過四成病例為5歲以下兒童。"
衞生防護中心：多個國家出現麻疹疫情　提醒外遊市民完成兩劑疫苗,2025-03-14 18:16,,2025-03-14 18:30,local,rthk,https://news.rthk.hk/rthk/ch/component/k2/1795763-20250314.htm,"衞生防護中心表示，鑑於近期多個海外國家出現麻疹疫情，提醒市民外遊前應確保完成接種兩劑麻疹疫苗，以減低感染風險。香港今年暫時錄得1宗外地傳入麻疹個案，病人曾於潛伏期到過越南，目前沒有錄得其他個案。

衞生防護中心總監徐樂堅重申，市民接種疫苗是預防麻疹最安全有效的方法。健康的人士按建議接種麻疹疫苗後一般可獲長期，甚至終生保護，接種兩劑疫苗後預防效果更可達97%。

中心說，根據世衞最新發布的資料，去年歐洲和中亞地區共錄得超過12萬7000宗麻疹個案，包括至少38宗死亡個案，是2023年的兩倍，也是自1997年以來的最高紀錄。當中，超過四成病例為5歲以下兒童。"
蔡若蓮︰學齡人口下降屬「結構性」情況　未來幾年挑戰更大,2025-03-14 18:15,,2025-03-14 20:45,local,rthk,https://news.rthk.hk/rthk/ch/component/k2/1795762-20250314.htm,"兩間小學2025/26學年獲「派0班」，教育局局長蔡若蓮表示，學齡人口下降屬「結構性」情況並非「過渡性」，預料未來數年挑戰更大。

最近相繼有參與廣東韶關交流團的中學師生返港後，出現急性腸胃炎徵狀。蔡若蓮重申，暫時無證據顯示事件與膳食有關；經評估後，認為與韶關無明顯關係。"
蔡若蓮︰學齡人口下降屬「結構性」情況　料未來數年挑戰更大,2025-03-14 18:15,,2025-03-14 18:30,local,rthk,https://news.rthk.hk/rthk/ch/component/k2/1795762-20250314.htm,"兩間小學2025/26學年獲「派0班」，教育局局長蔡若蓮表示，學齡人口下降屬「結構性」情況並非「過渡性」，預料未來數年挑戰更大。

最近相繼有參與廣東韶關交流團的中學師生返港後，出現急性腸胃炎徵狀。蔡若蓮重申，暫時無證據顯示事件與膳食有關；經評估後，認為與韶關無明顯關係。"
去年檢約12萬隻活鼠及死鼠増26%　食環署稱鼠患黑點減六成,2025-03-14 18:13,,2025-03-14 21:30,local,rthk,https://news.rthk.hk/rthk/ch/component/k2/1795761-20250314.htm,"政府跨部門防治蟲鼠督導委員會召開第19次會議，檢視蚊患最新情況以及各部門在「各界滅鼠行動」的工作進展。

食環署說，去年共檢獲約12萬2900隻活鼠及死鼠，較23年約9萬7800隻增加約26%。在去年已減少63個鼠患主要黑點，達到了23年《施政報告》所訂，將黑點數目減少六成的績效指標。而在今年起，食環署的鼠隻活動調查擴展至房屋署及康文署轄下公共屋邨和公園。相關部門將會有更多數據，協助精準打擊鼠患，並令調查更具代表性。

至於防治蚊患方面，食環署說，今年1月及2月的白紋伊蚊誘蚊器指數與過去同期一樣，維持於低水平。預計隨著雨季來臨，誘蚊器指數會像以往自4月開始上升。食環署與有關部門自今年3月起已加強了防蚊滅蚊工作，除了繼續清除蚊子滋生地外，亦會施放殺幼蟲劑、以霧化處理方式殺滅成蚊，並於適當位置設置捕蚊器等。"
食環署去年共檢獲約12萬隻活鼠及死鼠　按年増26%,2025-03-14 18:13,,2025-03-14 18:30,local,rthk,https://news.rthk.hk/rthk/ch/component/k2/1795761-20250314.htm,"政府跨部門防治蟲鼠督導委員會召開第19次會議，檢視蚊患最新情況以及各部門在「各界滅鼠行動」的工作進展。

食環署說，去年共檢獲約12萬2900隻活鼠及死鼠，較23年約9萬7800隻增加約26%。在去年已減少63個鼠患主要黑點，達到了23年《施政報告》所訂，將黑點數目減少六成的績效指標。而在今年起，食環署的鼠隻活動調查擴展至房屋署及康文署轄下公共屋邨和公園。相關部門將會有更多數據，協助精準打擊鼠患，並令調查更具代表性。

至於防治蚊患方面，食環署說，今年1月及2月的白紋伊蚊誘蚊器指數與過去同期一樣，維持於低水平。預計隨著雨季來臨，誘蚊器指數會像以往自4月開始上升。食環署與有關部門自今年3月起已加強了防蚊滅蚊工作，除了繼續清除蚊子滋生地外，亦會施放殺幼蟲劑、以霧化處理方式殺滅成蚊，並於適當位置設置捕蚊器等。"
盧寵茂︰考慮公營門診病人共付電腦掃描及磁力共振等檢查費用,2025-03-14 18:12,,2025-03-14 18:30,local,rthk,https://news.rthk.hk/rthk/ch/component/k2/1795760-20250314.htm,"消息指，政府將於數星期內，交代公營醫療收費調整方案。醫務衞生局局長盧寵茂表示，正考慮電腦掃描及磁力共振等複雜的影像檢查，需要市民按項目共付費用，但急症室及住院病人接受有關服務仍維持免費。

盧寵茂表示，要讓資源更精準運用，要考慮成本、市民合理共付、資源運用優次及市民承擔能力。"
食環署巡視全港約3600間食物業處所提出5宗檢控,2025-03-14 18:02,,2025-03-14 18:30,local,rthk,https://news.rthk.hk/rthk/ch/component/k2/1795757-20250314.htm,"食環署過去一星期，巡視了全港約3600間食物業處所，就食物的存放、處理和衛生情況作出即時糾正、警告及衞生建議，並提出5宗檢控。

食環署說，持續加強巡查食物業處所，包括售賣燒味和鹵味的店鋪，特別關注食物的存放、處理和衞生情況，確保符合安全標準及相關法例。如發現違反食物安全或衞生規定的情況，食環署會嚴肅跟進。"
New AI tool helps SMEs with green transition,2025-03-14 17:55,"The Hong Kong General Chamber of Commerce launched Green360, an AI-powered online learning platform, to help small and medium-sized enterprises (SMEs) improve their environmental, social, and governance (ESG) practices. The platform is part of Hong Kong's sustainability agenda, aligning with global movements towards a greener economy and emphasizing the city's role in integrating advanced technology. Since January 25, all companies are required to disclose their greenhouse gas emissions. The tool aims to alleviate companies' concerns about ESG initiatives, helping them identify areas for improvement and achieve accreditation without significant costs. Hong Kong and European Union members could potentially cooperate over green finance, with Chinese green investments in Europe increasing yearly. The SAR government is encouraged to align ESG disclosure rules with mainland authorities due to differences in regulations.",2025-03-14 18:15,elocal,rthk,https://news.rthk.hk/rthk/en/component/k2/1795746-20250314.htm,"Hong Kong businesses, specially small and medium-sized ones, are set to receive a boost to enhance their environmental, social and governance practices with the launch of a new AI tool to help them comply with rules.

Green360 was launched by The Hong Kong General Chamber of Commerce (HKGCC) on Friday, and it is an online learning platform aimed at helping small and medium-sized enterprises (SMEs) to start and develop their environmental, social and governance (ESG) audit and reporting processes.

Speaking at a launch ceremony, Algernon Yau, Secretary for Commerce and Economic Development, said the platform represents a pivotal step in Hong Kong's push forward as part of its sustainability agenda.

""The introduction of Green360 comes at a crucial time as we navigate the complexities of environmental challenges for sustainable practices that are urgently needed. This innovative platform not only aligns with the global movement towards a greener economy but also emphasizes Hong Kong's role as a leader in integrating advanced technology commercial development,"" Yau said.

Since January 25, all companies are required by the Hong Kong Exchanges and Clearing to disclose their direct and indirect greenhouse gas emissions.

The move also came as the government rolled out a road map in December to align its sustainability disclosure requirements with International Financial Reporting Standards – Sustainability Disclosure (ISSB) Standards by 2028. 

Echoing Yau, HKGCC chairwoman Agnes Chan noted that the tool, which is empowered by artificial intelligence technology, will help speed up the city's green transition.

""AI is emerging as a crucial driver for integrating green and just transitions, digital platforms and data analytics pivotal in accelerating the de-carbonisation of both the economy and the capital markets,"" she said.

""Many companies are uncertain about where to begin or lack the resources to pursue such initiatives. So Green360 alleviates these concerns by helping them to identify areas for improvement and achieve accreditation without incurring significant costs,"" she added.

Fillippo Addarri, senior advisor for the United Nations Development Programme and project lead for the European Union Social Impact Score, said at the same event that Hong Kong and the European members could cooperate over green finance following increased economic ties between Europe and China.

He said that Chinese green investments in Europe, such as in the battery and electric vehicle fields, have seen a 50 percent increase year on year.

""And as a global financial hub, Hong Kong is poised to become a key partner of the European Union. Your advanced regulatory framework and culture of innovation sets your leadership in the driving seat,"" he said.

Touching on the question of support from Beijing, Xin Bingxian, executive secretary of the World Development Foundation, said at the event that the move is in line with the direction signalled from the Two Sessions meetings this year that carbon reduction requirements are shifting from voluntary to mandatory.

But she suggested the SAR government cooperate with mainland authorities to also align on ESG disclosure rules as there are notable differences in regulations."
和記電訊香港去年轉賺600萬元,2025-03-14 17:54,,2025-03-14 18:15,cfinance,rthk,https://news.rthk.hk/rthk/ch/component/k2/1795756-20250314.htm,"和記電訊香港去年業績由虧轉盈，轉賺600萬元，而前一年虧損5200萬元。維持派末期息每股5.21港仙，連同中期息，全年派7.49港仙，與前年相同。

集團去年總收入跌2%至47.8億元，其中，硬件及其他產品收入跌11%至12.2億元，惟漫遊服務收入增30%至6.8億元，主要由於去年香港居民外遊增加，抵消本地服務收入跌4%至28.8億元的影響。

未扣除利息及其他融資收入淨額、稅項、折舊及攤銷之盈利(EBITDA)按年增加4%至15.2億元，主要因持續推行有效及嚴謹的成本節省措施，減少營運支出5%所致。

於去年底，集團客戶總數約460萬名，按年增加17%，主要由於集團的預繳客戶群增長強勁所致。5G滲透率較按年上升8個百分點至54%。後繳淨每月每戶平均收入（ARPU）按年跌2%至170元。"
發改委經濟研究所所長：現時仍有空間適時降準和減息,2025-03-14 17:49,,2025-03-14 18:15,greater_china,rthk,https://news.rthk.hk/rthk/ch/component/k2/1795755-20250314.htm,"在北京，國家發改委宏觀經濟研究院副院長、經濟研究所所長郭春麗表示，今年要實施積極有為的宏觀政策，要打好政策組合拳，特別要強調宏觀政策取向一致性，加強財政、貨幣政策等各類政策的協同。

郭春麗表示，人民銀行一改過去14年以來的貨幣政策取向，改為「適度寬鬆」，現時仍有空間適時降準和減息。她說，目前銀行平均的存款準備金率仍有約6.6%，國內物價水平亦低於國際水平，貨幣政策有進一步打開的空間，未來貨幣政策會保持流動性合理充裕，並實施結構性貨幣政策，貨幣及財政政策亦要雙向發力和配合。

郭春麗提到，今年中央及地方政府新增的政府債務規模11.86萬億元人民幣，按年增加2.9萬億元，反映財政支出強度明顯加大。她強調，基建投資的資金來源充裕，政府用於基建投資建立的資金規模達5萬億元以上。

她指，隨著中央推出支持地方化債政策，地方債務壓力已經有效減輕，基建投資能力改善，未來亦將在鐵路、水電等基建領域，向民企推出重大項目，形成政府加民間投資有效協同，推動基建投資穩定增長。"
人民幣兌美元收市創逾4個月新高,2025-03-14 17:45,,2025-03-14 18:15,cfinance,rthk,https://news.rthk.hk/rthk/ch/component/k2/1795753-20250314.htm,"人民幣兌美元收市創逾4個月新高，報7.2288兌1美元，較上日收市升139點子。中間價則微跌至7.1738兌1美元，與市場預測偏離仍逾700點子，反映監管層延續過濾舉措，繼續穩定市場預期。

市場人士指，內地可能進一步寬鬆的預期，刺激市場氣氛，人民幣亦稍為受到帶動，但關稅壓力持續，人民幣匯價走勢較為反覆。"
內地2月新增人民幣貸款1.01萬億元遜預期,2025-03-14 17:42,,2025-03-14 18:15,greater_china,rthk,https://news.rthk.hk/rthk/ch/component/k2/1795754-20250314.htm,"人民銀行公布，今年首兩個月人民幣貸款增加6.14萬億元。外電計算，內地2月新增人民幣貸款1.01萬億元，低過市場預期中值的1.28萬億元。

截至上月底，人民幣貸款餘額按年增長7.3%，增幅略低過預期的7.4%。

截至2月底廣義貨幣供應量（M2）按年增長7%，符合預期。狹義貨幣供應量（M1）按年增長0.1%，增幅低過1月底的0.4%。

截至上月底，社會融資規模存量417.29萬億元，按年增加8.2%。今年首兩個月社融規模增量9.29萬億元，按年多1.32萬億元。據外電計算，2月社融規模增量2.23萬億元，少過市場預期中值的2.5萬億元。"
反分裂國家法座談會舉行　趙樂際稱要打擊台獨分裂遏制外部干涉,2025-03-14 17:40,,2025-03-14 18:15,greater_china,rthk,https://news.rthk.hk/rthk/ch/component/k2/1795751-20250314.htm,"《反分裂國家法》實施20周年座談會在北京舉行，中共中央政治局常委、全國人大常委會委員長趙樂際出席並發表講話。

新華社報道，趙樂際強調，要全面貫徹落實中共總書記習近平關於對台工作的重要論述和新時代黨解決台灣問題的總體方略，深刻認識《反分裂國家法》的重要作用，堅決打擊台獨分裂、遏制外部勢力干涉，堅定不移推進祖國統一大業。

趙樂際指出，20年來全面實施《反分裂國家法》，牢牢把握兩岸關係主導權和主動權，進一步豐富完善以法懲獨的制度體系，堅決開展反分裂反干涉重大鬥爭，持續完善增進台灣同胞福祉的制度和政策，有力維護一個中國原則，推動反獨促統，不斷取得新的進展和成效。

趙樂際重申，解決台灣問題，實現祖國完全統一，是大勢所趨、大義所在、民心所向，是全體中華兒女共同願望，是實現中華民族偉大復興的必然要求。"
CK Hutchison shares down after port deal criticism,2025-03-14 17:32,"CK Hutchison shares dropped 6% after the Beijing office criticized the company's sale of Panama Canal ports to BlackRock, implying it disregards national interests and betrays China. The comments, shared by the Hong Kong and Macau Affairs Office and Beijing's liaison office, describe the deal as an act of American hegemony. The Hang Seng Index, however, ended a five-day losing streak, climbing 2.1%.",2025-03-14 18:15,efinance,rthk,https://news.rthk.hk/rthk/en/component/k2/1795749-20250314.htm,"Shares of CK Hutchison shed more than 6 percent on Friday, after the Beijing office in charge of Hong Kong affairs reposted a newspaper commentary slamming the firm's sale of its Panama Canal ports.

Last week, the conglomerate controlled by tycoon Li Ka-shing agreed to sell its interests in a key Panama Canal port operator to a consortium led by US asset management firm BlackRock.

The deal worth US$22.8 billion followed intense pressure from US President Donald Trump, who vowed to take back control of the canal, using force if necessary.

The Hong Kong and Macau Affairs Office shared on its website an opinion piece published by Ta Kung Pao on Thursday. 

The commentary noted reports suggesting BlackRock chief executive Larry Fink had a ""close relationship"" with Trump, and described the deal as an act of American hegemony.

For CK Hutchison, ""Critics say this is an act of kneeling down... and one which disregards national interests, betrays and sells out Chinese people,"" the article read.

The commentary also told the company to think twice and decide ""which position and side it wants to be on"".

The article was also shared by Beijing's liaison office in Hong Kong on Friday.

The Hang Seng Index, meanwhile, snapped a five-day losing streak, climbing more than 2 percent.

The index had surged past 24,000 before giving up some of the gains. 

It ended 497 points or 2.1 percent higher at 23,959."
全國兩會｜李家超提示官員留意總理工作報告首提深化國際交往合作,2025-03-14 17:31,,2025-03-14 17:45,greater_china,rthk,https://news.rthk.hk/rthk/ch/component/k2/1795752-20250314.htm,"行政長官李家超表示，今早舉行政府高層內部學習分享會，和政治委任官員等分享學習全國兩會精神的體會；包括香港如何更好對接國家發展戰略，以及對香港特區政府管治的重要意義等，並要求官員學習領會和貫徹全國兩會精神。

李家超在社交網站說，他提示官員留意三點，包括國務院總理李強在政府工作報告的港澳篇幅中，首次重點提及「深化國際交往合作」。他認為香港要更大力度發揮好內聯外通的重要橋樑窗口作用，繼續深化對外交往合作，除了鞏固和歐美等傳統市場的經貿聯繫外，亦會大力開拓包括中東、東盟、中亞等新市場，並鞏固區域合作，積極爭取加入《區域全面經濟伙伴關係協定》；以及為高質量共建「一帶一路」發揮獨特作用，對外說好國家故事、說好香港故事。

李家超又說，香港要更好發揮「一國兩制」制度優勢，主動對接國家發展戰略，打開發展新天地，其中人才是推動新質生產力發展的重要元素，香港亦要繼續秉持因地制宜發展新質生產力的原則，加快發展國際創新科技中心建設；亦要進一步鞏固提升國際金融、航運和貿易中心地位，積極打造國際高端人才集聚高地；並以創新思維結合市場力量，推進北部都會區和河套深港科技創新合作區發展，以及進一步推動粵港澳大灣區高質量發展建設。

至於第三點，李家超說，要在施政和工作中貫徹落實全國兩會精神，要繼續全面準確、堅定不移貫徹「一國兩制」、「港人治港」、高度自治的方針，團結社會各界進一步全面深化改革，主動識變應變求變，以及堅定維護《憲法》和《基本法》確定的特別行政區憲制秩序，推展全民化的愛國主義教育，讓市民全面深入認識「一國兩制」。"
理想上季經調整盈利按年跌逾10%　收入創新高,2025-03-14 17:31,,2025-03-14 17:45,cfinance,rthk,https://news.rthk.hk/rthk/ch/component/k2/1795748-20250314.htm,"理想汽車按照美國公認會計準則，上季普通股股東應佔盈利35.2億元人民幣，按年跌約38%，按季增加25%。經調整盈利40.3億元，按年跌逾10%，按季升約5%。

集團上季收入442.7億元創新高，按年和按季分別升6%和3%。毛利率20.3%，按年和按季分別跌3.2和1.2個百分點。

季內汽車總交付量增長20%至近15.9萬輛，車輛銷售收入426.4億元，按年升近6%，按季升3%。毛利率19.7%，按年和按季分別跌3個和1.2個百分點。

理想去年全年股東應佔盈利按年跌約31%至近80.3億元，經調整盈利跌近12%至106.6億元。期內汽車總交付量逾50萬輛，按年增長33%。

公司今年首兩月合共交付逾5.6萬輛汽車。展望首季度，預計收入介乎234億至247億元，按年減少至3.5%至8.7%，車輛交付量8.8至9.3萬輛，按年增長9.5%至15.7%。"
發改委經濟研究所所長稱今年中國經濟政策著力點轉向惠民生促消費,2025-03-14 17:22,,2025-03-14 17:45,greater_china,rthk,https://news.rthk.hk/rthk/ch/component/k2/1795750-20250314.htm,"在北京，國家發改委宏觀經濟研究院副院長、經濟研究所所長郭春麗表示，今年中國的經濟政策著力點，會轉向「惠民生、促消費」，以消費升級引領產業轉型升級，而且固定投資保持良好增長等，相信今年中國經濟增長可達5%左右的目標，其他目標可在增長支撐下實現。

她說，隨著中國擴大消費的政策加碼，相信今年居民消費將明顯回升，加上中央注重資本市場及房地產市場止跌回穩，最近股市和樓市已有明顯回升趨勢，有利穩定資產價格，形成提升居民財富的恢復效應，有助提升消費意欲。

郭春麗說，房地產市場景氣度回升，家具、建築裝修等地產後周期消費將觸底回升，加上加大了消費品以舊換新的支持力度，以及提出銀髮經濟、冰雪經濟等新型消費，有助加強消費增長動力。"
本港二手樓價按周跌近1%　創21周新低,2025-03-14 17:13,,2025-03-14 17:30,local,rthk,https://news.rthk.hk/rthk/ch/component/k2/1795744-20250314.htm,"反映本港二手樓價走勢的中原城市領先指數（CCL）最新報136.48，按周跌逾0.7%，創21周新低，繼續處於逾8年半低位。樓價今年暫時累計跌逾0.8%。

大型屋苑及中小型單位樓價按周都跌逾0.7%；大型單位樓價跌約0.6%，連跌8周共2.4%。

四區樓價兩升兩跌，港島區按周急跌4.4%，是2022年11月中以來最大跌幅；新界西樓價跌2%，連跌兩周共2.2%。新界東則升0.8%，連升3周共1.7%；九龍區升近2%，結束3周連跌。"
啟德智慧綠色集體運輸系統車站擬由5個增至6個　料下半年招標,2025-03-14 17:09,,2025-03-14 17:15,local,rthk,https://news.rthk.hk/rthk/ch/component/k2/1795747-20250314.htm,"政府去年展開啟德智慧綠色集體運輸系統項目的勘查研究工作，運輸及物流局公布項目的優化方案，包括增設車站及微調走線等。

局方在社交網站說，建議於啟德郵輪碼頭及啟德空中花園之間近承景街增設一個車站，車站數目會由5個增至6個，令市民出行更方便。當局亦小心檢視車站的選址，如啟德郵輪碼頭站將設於郵輪碼頭的抵港大堂附近，並設有行人天橋直接連接位於啟德郵輪碼頭一樓的集合點，方便市民及旅客使用啟德郵輪碼頭站。 

局方又說，了解到地區人士關注啟德前跑道區沿啟德空中花園的一段走線接近民居，擔心影響居民。最新優化方案建議將該段走線移至現有啟德空中花園上，令系統與樓宇之間最近的距離增加一倍，由原來約10米增至約20米。該段車道走廊亦可作為部分啟德空中花園的上蓋，為市民提供更舒適的步行環境和體驗。

局方表示，會繼續以「雙創新」的思維推展項目，包括提前招標並將部分法定程序安排與詳細設計階段同步進行。政府目標於今年下半年招標，以期於2026年批出合約。通過創新的推展方式及建造方法，當局目標是較原先估計提早3年，即2031年落成啟德項目，同時會繼續檢視進一步壓縮推展時間的可行性。"
香港總商會推出人工智能驅動平台助中小企進行ESG審核及報告,2025-03-14 17:04,,2025-03-14 17:15,local,rthk,https://news.rthk.hk/rthk/ch/component/k2/1795745-20250314.htm,"香港總商會推出由人工智能驅動的環境、社會及管治（ESG）自我審核及學習平台「Green360」，旨在教育企業認識實踐 ESG 最佳做法 ，以協助尤其是中小企等進行ESG審核及報告程序。

總商會表示，平台註冊費用相宜，機構只要付出較低廉年費，便可獲取實用的ESG專業資訊和認證，亦提供網上課程，協助公司員工掌握ESG知識。

商務及經濟發展局局長丘應樺出席活動致辭時表示，該創新平台不僅符合全球綠色經濟的發展趨勢，亦強調香港在整合先進技術商業發展的領導角色，平台同時推動合規，亦促進良好實施，推動香港成為ESG原則的全球領導者。

總商會主席陳瑞娟表示，ESG報告對中小企來說，不再是錦上添花，而是正快速成為對所有企業的關鍵要求。她表示，中小企要合規完成報告涉及成本，設計上已考慮該因素，就每名員工的成本約涉百多元。而平台是為中小企度身訂造，提供解決方案，平台已加入國際標準，會不斷更新。

另外，陳瑞娟透露，總商會下月將出訪美國約一星期，包括到訪華盛頓和紐約，但暫未有確實行程可向外透露。"
蔡若蓮稱評估交流團風險後認為與韶關無明顯關係　已停用涉事餐廳,2025-03-14 16:45,,2025-03-14 17:00,local,rthk,https://news.rthk.hk/rthk/ch/component/k2/1795742-20250314.htm, 
人行：精準支持科技中小企　加大消費領域金融支持,2025-03-14 16:42,,2025-03-14 17:00,greater_china,rthk,https://news.rthk.hk/rthk/ch/component/k2/1795741-20250314.htm,"人民銀行近日召開2025年信貸市場工作會議，要求培育支持科技創新金融生態，精準支持國家重大科技任務和科技型中小企業；加大對養老產業和重點消費領域金融支持。

人行表示，著力推動提升重大戰略、重點領域和薄弱環節融資可得性，增強金融產品服務供需適配度；不斷深化民營和小微企業、鄉村振興、高質量充分就業等領域金融服務。

人行又指，要積極穩妥發展數字金融，有序推進融資平台金融債務風險化解，支持地方政府紮實推動融資平台市場化轉型。"
蔡若蓮稱學齡人口下降屬結構性須正視　料未來幾年挑戰更大,2025-03-14 16:37,,2025-03-14 16:45,local,rthk,https://news.rthk.hk/rthk/ch/component/k2/1795740-20250314.htm, 
恒指高收497點　未能企穩24000點　長和跌逾6%,2025-03-14 16:29,,2025-03-14 16:45,local,rthk,https://news.rthk.hk/rthk/ch/component/k2/1795737-20250314.htm,"港股結束連續5日跌勢，恒生指數高見24113點，一度升逾650點，收市升幅收窄，報23959點，升497點，升幅2.1%，全日主板成交額2906億元。

科技指數升2.3%，報5880點。ATMXJ升近2%至逾5%，美團及京東集團升幅較大。

醫藥股造好，藥明生物急升14%，是升幅最大的恒指成份股。消費、中資金融、地產股亦上升。

長和跌逾6%，是表現最差藍籌股，同系的長實、電能實業和長建，跌幅介乎近2%至近3%。

友邦公布業績後跌逾2%收市。

全星期計，恒指跌1.1%，科指跌約2.6%。"
瑪嘉烈醫院內科及老人科病房再多一名男病人帶有耳念珠菌,2025-03-14 16:28,,2025-03-14 16:45,local,rthk,https://news.rthk.hk/rthk/ch/component/k2/1795739-20250314.htm,"瑪嘉烈醫院內科及老人科病房再發現多一名85歲男病人帶有耳念珠菌，並無感染徵狀。有關病人正接受隔離治療，情況穩定。

醫管局說，有關病房已經加強執行各項感染控制措施，包括加強病人及環境篩查、徹底清潔及消毒相關病房、嚴格執行接觸傳播防護措施，加強員工及病人手部衛生。"
蔡若蓮：推動學校「數字教育」轉型　持續加強教師相關專業培訓,2025-03-14 16:27,,2025-03-14 16:45,local,rthk,https://news.rthk.hk/rthk/ch/component/k2/1795738-20250314.htm,"教育局局長蔡若蓮出席香港教育城25周年啟動禮致辭時表示，今年全國兩會提出要堅持創新引領發展，推進教育、科技創新及人才培養；教育局將於7月與教育城合辦「數字教育周」，配合人工智能國際高峰會舉行，緊貼創新科技及數字教育的最新趨勢。

蔡若蓮提到，國家最新公布的相關教育規劃綱要提出，要促進人工智能助力教育變革，特區政府已成立數字教育策略發展督導委員會，為推動學校「數字教育」轉型，提出發展方向及建議策略；當局未來會持續加強教師相關專業培訓等。

蔡若蓮又說，香港教育城正籌備全新進階課程，深化學生掌握數字技術的應用，包括利用人工智能技術輔助學習。"
回應歐盟官員涉華言論　外交部：中方反對拿中國說事,2025-03-14 16:19,,2025-03-14 16:30,greater_china,rthk,https://news.rthk.hk/rthk/ch/component/k2/1795736-20250314.htm,"在北京，外交部回應歐盟外交與安全政策高級代表卡拉斯的涉華言論，發言人毛寧說，中方多次強調關稅戰、貿易戰沒有贏家，美歐之間如何相處，中方不做評論，但中方反對拿中國說事。

卡拉斯早前接受美國彭博社訪問時表示，中國將從美國與歐盟之間正在進行的貿易戰中獲益，又形容在一旁笑著或看著的是中國。

毛寧回應時又說，美歐都是世界重要的經濟體，有責任維護以世界貿易組織為核心的多邊貿易體制，而不是轉嫁矛盾。"
外交部︰中俄伊北京會晤是推動伊朗核問題政治解決有益嘗試,2025-03-14 16:16,,2025-03-14 16:30,greater_china,rthk,https://news.rthk.hk/rthk/ch/component/k2/1795733-20250314.htm,"中國、俄羅斯和伊朗副外長在北京會晤，討論伊朗核問題。外交部發言人毛寧表示，北京會晤是中、俄、伊為推動伊朗核問題政治解決的有益嘗試，強調制裁施壓、武力威脅沒有出路，對話協商才是正確的解決之道，呼籲各方加強溝通對話，為早日恢復對話談判累積有利條件。

毛寧說，外長王毅會見與會代表團團長，提出中方關於伊朗核問題的五點主張，強調伊朗核問題局勢嚴峻，再次走到關鍵十字路口，中方願同各方一起，努力推動達成公正、平衡、永續的伊朗核問題解決方案，維護國際核不擴散機制，促進國際與區域的和平與穩定。"
東涌東薈城對開輕型貨車撞到兩名女子其中一人送院時昏迷,2025-03-14 16:09,,2025-03-14 16:30,local,rthk,https://news.rthk.hk/rthk/ch/component/k2/1795735-20250314.htm,"東涌文東路下午發生交通意外，一輛輕型貨車懷疑撞到兩名女子，其中一名女子昏迷送院。

事發在下午2時許，現場是文東路東薈城對開，一輛輕型貨車懷疑撞到兩名分別45歲和43歲女子，兩人均受傷，45歲女子送院時昏迷。"
Hospitals may start charging for CT and MRI scans,2025-03-14 16:06,"The Hong Kong government is reviewing fees for public hospital services, including CT scans and MRIs, to prevent abuse. Exemptions will be made for emergency and hospitalized patients. The adjustment is aimed at reducing waste in medication and directing resources to more serious cases. Affordability will be considered during the fee change process. This change is part of primary healthcare development, encouraging patients to seek advice from family doctors for mild illnesses.",2025-03-14 16:15,elocal,rthk,https://news.rthk.hk/rthk/en/component/k2/1795727-20250314.htm,"Secretary for Health Lo Chung-mau said on Friday the government is reviewing fees and charges for public hospital services, including charging for such services as CT scans and MRIs to prevent abuse.

However, he said that emergency and hospitalized patients would be exempted.

“The demand for some complicated imaging services such as CT scans and MRIs keeps increasing, and prolongs the waiting time. We will consider having a co-payment on such services,” Lo said after a health services panel meeting in the Legislative Council. 

“We have to stress that these items are completely free now, as they are fully funded by the government, and that has led to an excessive use of services,” he added.

Lo said the adjustment of fees and charges is needed to reduce waste in such areas as medication so that resources can be utilized accurately and directed towards helping patients whose conditions are more serious or who need more urgent treatment

He said the government will take affordability into account when changing the fees and charges.

Lo said the adjustment in public hospital fees is an important step in primary healthcare development, and people are encouraged to seek medical advice from their family doctors when their illness is mild."
消息：港深西部鐵路口岸擬設於內地　運物局稱將公開招標,2025-03-14 16:05,,2025-03-14 21:45,cfinance,rthk,https://news.rthk.hk/rthk/ch/component/k2/1795734-20250314.htm,"上月公布的新一份財政預算案提到，預計於年內展開港深西部鐵路項目的勘查及設計研究。消息指，該條連接香港洪水橋及深圳前海的鐵路，會將口岸設置於內地，並採用「一地兩檢」的通關模式。另外，政府打算就工程公開招標。

運輸及物流局回覆查詢時說，港深西部鐵路作為新的獨立鐵路路線，有空間考慮引入新營運者的可行性。政府計劃公開招標，會繼續透過「港深跨界軌道基礎設施建設專班」，以及港深政府共同成立「跨界軌道項目推展辦公室」，與深方就項目的推展模式等進行深入研究和討論，並預計今年上半年向立法會匯報項目進展。"
運輸及物流局：港深西部鐵路將公開招標　有空間引入新營運者,2025-03-14 16:05,,2025-03-14 16:15,cfinance,rthk,https://news.rthk.hk/rthk/ch/component/k2/1795734-20250314.htm,"上月公布的新一份財政預算案提到，預計於年內展開港深西部鐵路項目的勘查及設計研究。消息指，該條連接香港洪水橋及深圳前海的鐵路，會將口岸設置於內地，並採用「一地兩檢」的通關模式。另外，政府打算就工程公開招標。

運輸及物流局回覆查詢時說，港深西部鐵路作為新的獨立鐵路路線，有空間考慮引入新營運者的可行性。政府計劃公開招標，會繼續透過「港深跨界軌道基礎設施建設專班」，以及港深政府共同成立「跨界軌道項目推展辦公室」，與深方就項目的推展模式等進行深入研究和討論，並預計今年上半年向立法會匯報項目進展。"
Tourist figures up 7pc in Jan-Feb,2025-03-14 16:02,"Tourist arrivals in Hong Kong increased by 7% in the first two months of 2023, reaching 8.4 million. Over three-quarters were from mainland China (up 4%), and short-haul markets saw surges (30%+) from the Philippines, Indonesia, Japan, South Korea. Long-haul markets also grew by 20% to 500,000, with Australia's arrivals increasing by 34%. The increase may be attributed to events like the Lunar New Year parade and fireworks display.",2025-03-14 16:15,elocal,rthk,https://news.rthk.hk/rthk/en/component/k2/1795725-20250314.htm,"Tourist arrivals hit 8.4 million in the first two months of the year, a seven percent increase year on year, the Hong Kong Tourism Board said on Friday.

More than three-quarters of them – or 6.5 million – were from the mainland, an uptick of four percent.

Arrivals from other short-haul markets also rose, with those from the Philippines, Indonesia, Japan and South Korea each surging more than 30 percent.

Visitor numbers from long-haul markets grew as well, up 20 percent to 500,000.

Arrivals from Australia, for example, saw a 34 percent increase.

Hong Kong celebrated the start of the Year of the Snake on January 29, hosting a series of events such as the Lunar New Year parade and a fireworks display."
金管總局：鼓勵加大個人消費貸款投放力度,2025-03-14 16:01,,2025-03-14 16:15,greater_china,rthk,https://news.rthk.hk/rthk/ch/component/k2/1795732-20250314.htm,"中國金融監管總局發文，鼓勵銀行業金融機構在風險可控前提下，加大個人消費貸款投放力度，合理設置消費貸款額度、期限、利率，優化資源配置；針對長期、大額消費需求，從消費貸款額度、期限等方面給予支持；針對暫時遇到困難的借款人，合理商定貸款償還期限及頻次。

金融監管總局指出，加大對批發零售、住宿餐飲、文化旅遊、教育培訓及健康養老等消費服務行業信貸投放。

人民銀行黨委昨日召開會議，指出今年將根據國內外經濟金融形勢及金融市場運行情況，擇機減息降準，並研究創設新的結構性貨幣政策工具，重點支持科技創新領域投融資、促進消費及穩定外貿，支持資本市場穩定發展。

國務院新聞辦下周一將舉行新聞發佈會，由國家發改委副主任李春臨聯同財政部、人力資源社會保障部、商務部、人民銀行、市場監管總局有關負責人，介紹提振消費有關情況。"
發改委經濟研究所所長稱美國加關稅對中國經濟影響不大,2025-03-14 15:51,,2025-03-14 16:15,greater_china,rthk,https://news.rthk.hk/rthk/ch/component/k2/1795731-20250314.htm,"在北京，國家發改委宏觀經濟研究院副院長、經濟研究所所長郭春麗表示，美國對華產品加徵關稅調高至20%，中國亦已推出反制措施，對中國經濟的影響不大，強調中國的財政政策留有空間和餘地，可以應對外部環境的衝擊的和打壓。

郭春麗認為，中國有超大規模市場優勢和完整產業體系，而且去年首11個月的進出口貿易總額中，美國所佔比重已經下降到11.2%，創下了中國加入世貿組織以來的最低紀錄。

她認為，自美國總統特朗普首個任期後，中美已經多次互徵關稅，中國已經降低對美國的貿易的依賴程度，未來將進一步推動出口多元化措施，積極擴大對東盟、歐盟等地貿易。"
市場料內地首兩月工業增加值增速或放緩　投資及消費增長加快,2025-03-14 15:39,,2025-03-14 15:45,greater_china,rthk,https://news.rthk.hk/rthk/ch/component/k2/1795729-20250314.htm,"內地下周一公布1-2月宏觀經濟數據。外電綜合約26家機構預測中值顯示，市場預期今年首兩月規模以上工業增加值按年增長回落至約5.3%，創去年10月以來最低，受春節導致工作日數按年減少及高基數影響。不過，1-2月固定資產投資預計增長約3.6%，增速較去年12月加快0.4個百分點；「兩新」政策加力擴圍及春節旅遊、觀看電影等消費較活躍，預計可推動1-2月社會消費品零售總額按年增速加快至約4%。

浙商證券表示，今年有望實現經濟開門紅，預計首季度增長或達到5.1%，本月仍有可能降準，全年可能出現前高中低後穩走勢。

花旗集團預計，首兩月固定資產投資按年增速可能在3.5%左右，受惠今年以來財政政策較積極，投資項目資金到位情況穩步改善，人工智能資本開支有望給製造業投資帶來上行機會。

浙商證券認為，超長期特別國債在政策端強化對設備更新的支持下，設備類投資或成為投資端增量彈性來源。"
石破茂發商品券給部分自民黨眾議員遭在野黨批評,2025-03-14 15:36,,2025-03-14 15:45,cinternational,rthk,https://news.rthk.hk/rthk/ch/component/k2/1795730-20250314.htm,"日本首相石破茂承認本月初以禮品名義，向參加聚餐並首次當選眾議員的自民黨籍議員分發每人10萬日圓的商品券。他就事件致歉，並強調不構成法律問題，但仍然受到在野黨批評。

日本傳媒引述身兼自民黨總裁的石破茂昨晚表示，分發商品券的用意包含慰勞議員的家人，是他自掏腰包準備的，不是政治活動相關捐款，在政治資金規正法上沒有問題，而且獲發商品券的議員當中沒有人居住在他的選區，因此並未觸犯公職選舉法，他認為在法律上站得住腳。

報道又說，商品券是當日聚餐前，由首相秘書親自前往各議員事務所當面送贈。報道引述日本政府消息人士和出席聚餐的議員表示，涉及的議員已經將商品券退還。"
47歲女子坪洲一個碼頭登船時疑失足墮海　證實不治,2025-03-14 15:31,,2025-03-14 15:45,local,rthk,https://news.rthk.hk/rthk/ch/component/k2/1795728-20250314.htm,"一名47歲女子，今早在坪洲一個碼頭登船期間懷疑失足墮海，其後被救起但證實不治。

事發在早上約7時45分，警方軍裝巡邏小隊人員巡經上址，發現有人在對開約5米海面漂浮，消防到場將事主救起，現場證實不治，死因有待驗屍後確定。"
滬指升近2%　企穩3400點以上　創逾3個月收市新高,2025-03-14 15:18,,2025-03-14 15:45,cfinance,rthk,https://news.rthk.hk/rthk/ch/component/k2/1795726-20250314.htm,"內地股市3大指數高收近2%至近3%，乳業、保險、飲品製造相關股份升幅較大；軍工電子板塊則跌幅較多。

上證綜合指數今年以來重上3400點，收市報3419點，升60點，升幅1.81%，創逾3個月收市新高，並創兩個月最大單日升幅。

深證成份指數報10978點，升242點，升幅2.26%。

創業板指數報2226點，升60點，升幅2.8%。

全星期計，滬股升約1.4%，深股升1.2%，創業板升近1%，均連升兩星期。"
美國紐約警方拘捕逾百名進入特朗普大廈示威者,2025-03-14 15:06,,2025-03-14 15:15,cinternational,rthk,https://news.rthk.hk/rthk/ch/component/k2/1795724-20250314.htm,"在美國紐約市，大約150名猶太人進入曼哈頓第五大道特朗普大廈，聲援巴勒斯坦人，警方到場，拘捕示威者。

當地傳媒報道，示威者進入特朗普大廈後脫去外衣，露出寫有「停止武裝以色列」等字句的T恤，在大堂內靜坐抗議。他們又要求釋放日前被捕的一名哥倫比亞大學學生，這名巴勒斯坦學生反對以色列在加沙地帶的軍事行動，當局指他有支持巴勒斯坦武裝組織哈馬斯的觀點。

這名持有美國綠卡的學生本月8日被捕後，紐約市已爆發多宗要求將他釋放的示威活動。"
劉國勳贊同港深西部鐵路口岸設內地一地兩檢　可騰出香港土地發展,2025-03-14 14:50,,2025-03-14 15:15,local,rthk,https://news.rthk.hk/rthk/ch/component/k2/1795722-20250314.htm,"民建聯立法會議員劉國勳表示，有報道指連接洪水橋/厦村至前海的港深西部鐵路的口岸設於內地，並採用「一地兩檢」模式，他表示贊同，認為與他早前建議一致，因為口岸設於內地，可騰出更多香港土地發展其他用途，而內地建築成本較低，加上香港段的車站較多，口岸設於內地會較方便本地線乘客，亦較符合成本效。

至於採用一地兩檢的通關模式，劉國勳表示支持，認為符合便利通關模式，縮短時間及手續。他建議引入「合作查驗、一次放行」或「一次過檢、無感通關」等先進的通關技術，進一步壓縮所需人手及時間。

劉國勳表示，一直提倡跨境項目，可以由內地向南興建，有條件引入更多公司競爭，從而帶來新技術及新思維，甚至可以降低成本。"
韓股低收近0.3%　本周微升0.1%,2025-03-14 14:47,,2025-03-14 15:15,cfinance,rthk,https://news.rthk.hk/rthk/ch/component/k2/1795721-20250314.htm,"南韓股市偏軟，首爾綜合指數收市報2566點，跌7點，跌幅0.28%。

全星期計，韓股升0.1%，連升兩星期。"
香港與巴林促進和保護投資協定將生效　丘應樺稱增強投資者信心,2025-03-14 14:43,,2025-03-14 15:15,local,rthk,https://news.rthk.hk/rthk/ch/component/k2/1795719-20250314.htm,"香港與巴林去年3月簽署促進和保護投資協定，雙方完成所需內部程序，協定將於本月21日生效。

根據協定，兩地政府須為對方投資者提供的保障包括公正、公平和非歧視性對待投資；在徵收投資時作出賠償；以及容許投資和收益自由轉移至外地。協定亦規定投資爭端應根據國際認可的規則解決，包括仲裁。

商務及經濟發展局局長丘應樺說，投資協定確保投資者在對方境內的投資享有對等保護，將增強投資者信心和擴大雙邊投資流動，進一步鞏固兩地經貿聯繫。政府一直致力擴展香港的全球經貿網絡，以協助企業及投資者開拓市場，正分別與沙特阿拉伯、孟加拉國、埃及和秘魯探討簽訂投資協定，以及尋求與新興市場包括中東及一帶一路沿線地區具潛力的貿易夥伴締結投資協定或自由貿易協定。

香港與巴林的投資協定是現屆政府繼與土耳其後簽署的第2份同類協定，亦是香港與外地經濟體簽署的第24份投資協定。"
第三個InnoHK創新香港研發平台開始接受申請　,2025-03-14 14:39,,2025-03-14 14:45,local,rthk,https://news.rthk.hk/rthk/ch/component/k2/1795718-20250314.htm,"​創新科技署宣布第三個InnoHK創新香港研發平台名為「SEAM@InnoHK」，開始接受申請，聚焦可持續發展、能源、先進製造及材料。歡迎從事相關領域研究的國際頂尖大學及科研機構提交建議書。
　　 
發言人說InnoHK是政府的重點創新科技項目，旨在發展香港成為環球科研合作中心，以吸納國際頂尖機構與本地大學/機構合作，在本港建立研發中心/實驗室。隨著首兩個InnoHK研發平台的設立，包括聚焦於醫療科技的「Health@InnoHK」及集中發展人工智能及機械人科技的「AIR@InnoHK」，政府現籌備設立InnoHK第三個研發平台「SEAM@InnoHK」，全力推動香港繼續發展為環球科研合作中心。除了有助頂尖大學、科研機構及業界合作研發外，亦有利科研成果轉化為具影響力的實際應用，以及帶動相關產業的發展。
　　 
各所獲選進駐InnoHK第三個研發平台的研發中心/實驗室須與非本地的著名大學及科研機構進行創新、達國際領先水平、具全球關聯性且能解決實際問題的科研合作，又期望最終的科研成果能為本地以至全世界帶來堅實貢獻、正面效益、有價值的變革及優勢，為社會帶來正面影響。

提交申請的截止日期為今年8月29日下午5時。"
日股本周升逾0.4%　結束3周跌勢,2025-03-14 14:39,,2025-03-14 14:45,cfinance,rthk,https://news.rthk.hk/rthk/ch/component/k2/1795717-20250314.htm,"日本股市上升，日經平均指數收市報37053點，升263點，升幅0.72%。

全星期計，日股累計升0.45%，結束連續3星期跌勢。"
勞工處屯門與元朗就業中心下月起合併,2025-03-14 14:29,,2025-03-14 14:45,local,rthk,https://news.rthk.hk/rthk/ch/component/k2/1795716-20250314.htm,"勞工處公布為更有效運用公共資源，屯門就業中心將由下月1日起與元朗就業中心合併。合併後新界屯門青棉徑3號好勝大廈地下的就業中心會易名為新界西就業中心。

勞工處表示，會繼續適時檢視各項服務，並因應服務需求及市場情況調整及優化服務，提升效率。"
台股收市靠穩,2025-03-14 14:27,,2025-03-14 14:45,cfinance,rthk,https://news.rthk.hk/rthk/ch/component/k2/1795713-20250314.htm,"台灣股市靠穩。加權指數收市報21968點，升6點。

指數本周累計跌約2.7%。"
氣候變化與國際貿易法會議在港舉行　林定國吸引全球600人參加,2025-03-14 14:27,,2025-03-14 14:45,local,rthk,https://news.rthk.hk/rthk/ch/component/k2/1795715-20250314.htm,"律政司司長林定國表示，由聯合國國際貿易法委員會、律政司香港國際法律人才培訓學院聯合舉辦的「氣候變化與國際貿易法會議」在香港舉行，吸引來自全球70個司法管轄區約600人登記參加，展現國際社會對議題的高度關注，亦標誌著香港在推動氣候行動及國際貿易法制建設方面的積極角色。 

林定國在社交網頁表示，今次會議探討國際貿易法如何有效地協助實現國際社會氣候行動目標、相關的法律協調範圍及價值，以及立法者、政策制定者、法院及爭議解決機構對國際指引的需求。 

他又說，律政司近年與聯合國國際貿易法委員會有多方合作，包括共同舉辦有關於投資者與國家爭端解決中調解應用問題的研討會，亦建立了「普惠全球法律創新平台」，探討線上爭議解決等議題。"
伊朗核問題中俄伊北京會晤聲明重申應摒棄制裁施壓、武力威脅,2025-03-14 14:18,,2025-03-14 14:30,greater_china,rthk,https://news.rthk.hk/rthk/ch/component/k2/1795714-20250314.htm,"伊朗核問題中俄伊北京會晤舉行。

三方發表聯合聲明，強調終止所有非法單邊制裁的必要性。三方重申基於相互尊重的政治外交接觸和對話是唯一有效、可行的選項。有關方應致力於消除造成當前局勢的根源，摒棄制裁施壓、武力威脅。 

聲明呼籲有關方避免採取升級局勢的行動，共同為外交努力創造有利氛圍和條件。三方重申維護《不擴散核武器條約》作為國際核不擴散體系基石的重要性。

中俄歡迎伊朗重申其核計劃的和平性質，不尋求發展核武器，並歡迎伊朗承諾全面履行《不擴散核武器條約》和全面保障監督協定義務，支持伊朗與國際原子能機構繼續合作的政策，強調要充分尊重伊朗作為條約締約國享有的和平利用核能權利。

會晤由外交部副部長馬朝旭主持，俄羅斯外交部副部長里亞布科夫、伊朗外交部副部長加里布阿巴迪與會。"
分析料金價年底前或升至3500美元,2025-03-14 13:54,,2025-03-14 14:15,cfinance,rthk,https://news.rthk.hk/rthk/ch/component/k2/1795711-20250314.htm,"避險資金支撐金價創新高，紐約期金一度突破每盎士3000美元關口，高見3005.9美元，較早時仍貼近3000美元，升幅收窄至0.2%。

現貨金迫近3000美元，觸及2993.8美元創新高後回軟，較早時報2983.28美元，跌約0.2%。

恒生銀行首席市場策略員溫灼培表示，美國關稅政策反覆，加上當地債務不斷攀升，導致美元受壓，帶動金價向上，預料金價年底前升至3500美元水平。他又預計，美元指數或下試100關口。"
尹錫悅彈劾案最快或下周宣判　代總統稱堅決應對非法暴力集會,2025-03-14 13:51,,2025-03-14 14:15,cinternational,rthk,https://news.rthk.hk/rthk/ch/component/k2/1795710-20250314.htm,"韓聯社報道，南韓憲法法院截至昨日，仍未向當事方通知總統尹錫悅彈劾案的宣判日期。

鑑於憲法法院通常在宣判日前兩三日通告宣判日期，預期最快都要下星期甚至更遲才有結果，國會和尹錫悅方面都呼籲法院盡快作出宣判。

根據當地法律，如果彈劾案駁回，尹錫悅將立即恢復總統職務，否則將被罷免。

憲法法院即將作出重要判決，代總統崔相穆表示，將確保國家主要機關安全，堅決應對非法暴力集會，維護憲制秩序。

崔相穆說，支持和反對彈劾總統的民眾預計將在憲法法院附近集會，加劇衝突的擔憂。政府將以憲法法院為中心，將首爾市中心指定為「特別犯罪預防強化區」，並動員所有可用警力維持社會治安秩序。"
Parents express concern over possible school closures,2025-03-14 13:17,"Parents of Price Memorial Catholic Primary School in Wong Tai Sin are shocked as the school won't receive public funding for first-year classes next academic year. They have the options of running the class with private funds, merging with other schools, or closing down. The school notified parents after the government announced the decision. The principal aims to discuss a way forward to ensure the best arrangement for students. The government changed the rule this week, requiring schools to operate a class with private funds for six years, with no option to go private again if they take in less than 16 pupils within that period.",2025-03-14 13:30,elocal,rthk,https://news.rthk.hk/rthk/en/component/k2/1795696-20250314.htm,"Parents at a primary school that won't get public funding to operate first-year classes in the next academic year said on Friday they're shocked by the development. 

Price Memorial Catholic Primary School in Wong Tai Sin is one of two schools left with the options of running the primary one class with private funds, merge with other schools or close down.

The other one is Southern's Aplichau Kaifong Primary School. 

Outside the Wong Tai Sin school, a mother said that all three of her children attend the school or had done so, and she's among parents who're concerned it may be forced to close.

""My children and pupils like the school a lot, they like the teachers here,"" she said. ""When our children learned of the news, they were like, 'oh why? I don't want this,'"" 

""But we hope the school can continue and persist.""

School principal Maureen Ho said it notified parents of the news on Thursday night once the government announced the funding decision. 

She said it's early days still as to what will happen, but the school will discuss a way forward in an attempt to come up with the best arrangement for the pupils.

""When we got the news we found it regrettable and weren't too happy. But it's a decision made by the Education Bureau so we have to respect that,"" Ho said.

""We care a lot about our pupils, so our management will discuss different plans with our council and sponsoring body, as well as education officials, to help them.""

Ho noted that the lack of pupils is a territory-wide issue, adding that the school particularly had trouble attracting new pupils because it is hard to get to.

In recent years, schools that faced the same problem could go private for a year and, once they were able to meet the minimum class intake of more than 16 pupils, resume receiving government funding.

However, the government changed the rule this week, requiring schools to operate a class with private funds for six years.

Education officials also said if schools take in less than 16 pupils again within that period, they won't be allowed to go private again.

They said the change was made because the number of pupils projected to enter primary schools in the coming years is expected to drop by just over 11,000 to around 37,500 in 2031."
港股下午初段在24000點關口爭持,2025-03-14 13:09,,2025-03-14 13:15,local,rthk,https://news.rthk.hk/rthk/ch/component/k2/1795708-20250314.htm,"港股下午初段造好，恒生指數在24000點關口爭持，較早時報23994點，升532點，升幅2.27%。

科技指數報5875點，升127點，升幅2.22%。"
友邦：增加派息及進一步股份回購反映對業務發展充滿信心,2025-03-14 12:54,,2025-03-14 13:15,cfinance,rthk,https://news.rthk.hk/rthk/ch/component/k2/1795707-20250314.htm,"友邦首席財務總監鍾家富（Garth Jones）在分析員會議上指出，集團具有審慎、可持續及循序漸進的股息政策，疫情期間亦持續增加股息。他說，增加派息和進一步股份回購反映集團對未來業務發展充滿信心。

鍾家富說，內地、東盟、印度等市場發展前景巨大，不希望業務增長受到限制。

友邦中國去年新業務價值按年升20%至逾12億美元。區域首席執行官張曉宇認為，內地市場具有龐大增長空間，同時擁有大量人才，支持公司持續招聘代理，去年招聘人數增長18%，活躍代理人數增加9%。

他又說，去年公司獲准在內地4個新地區拓展業務，令業務覆蓋内地14個省份及直轄市，體現到當地政府對公司信任和持續對外開放，未來依然預期每年多1至2個省份取得營業牌照。

對於香港市場，另一名區域首席執行官陳榮聲指出，自通關以來，內地訪港旅客（MCV）業務逐季增長，去年代理、與銀行合作及獨立財務顧問三個銷售渠道表現同樣理想，認為本港市場競爭激烈，會透過產品和服務創新應對。

人工智能（AI）應用方面，首席執行官兼總裁李源祥表示，集團投資近10億美元在技術、數碼及分析；未來3年將聚焦將生成式人工智能融入業務各個層面，以進一步擴展業務規模。"
劉麥嘉軒：下年度總開支預算減2%　人工智能應付新工作量,2025-03-14 12:53,,2025-03-14 13:15,local,rthk,https://news.rthk.hk/rthk/ch/component/k2/1795706-20250314.htm,"積金局主席劉麥嘉軒表示，積金局認同及會積極響應政府提出加大力度控制經營開支，2025/26年度的總開支預算會減2%，同時會以人工智能及精簡程序應付新增的工作量。

劉麥嘉軒在立法會一個委員會匯報工作時說，去年強積金投資表現理想，全年平均淨回報達8.6%，截至今年1月底，總資產值超過13000億元，她提到，去年6月推出的積金易平台整體運作暢順。

選委會界別議員鄧飛關注，有社交平台懷疑有假的積金易平台，擔心市民受騙，劉麥嘉軒說，一向有監察，如有詐騙成分會立即採取行動，包括與警方加強合作打擊。 

本身是積金局非執行董事的勞聯議員林振昇說，已登記使用積金易平台的僱員只有兩成多，關注積金局如何推動更多人用。劉麥嘉軒指出，會透過宣傳及在全港十八區接觸市民，平台的承辦商會增加一成人手應付，目標使用率是啟用平台後一年內達到50%，五年內達到90% 。"
盧寵茂：正考慮公營門診病人共付電腦掃描及磁力共振等檢查費用,2025-03-14 12:51,,2025-03-14 13:15,local,rthk,https://news.rthk.hk/rthk/ch/component/k2/1795705-20250314.htm,"消息指，政府將於未來數星期內，交代公營醫療收費調整方案。醫務衞生局局長盧寵茂表示，正考慮電腦掃描及磁力共振等複雜的影像檢查，需要市民按項目共付費用，但強調只適用於門診病人，急症及住院病人需要有關服務仍維持免費。

盧寵茂表示，目前電腦掃描及磁力共振等服務的資助額是百分百，造成過度使用，需求不斷上升，令輪候時間越來越長。提出收費改革是希望減少浪費，亦是醫療改革的重要一環，舉例說藥物配發的確有改善空間，當局亦要考慮資源更精準運用，特別是政府高額補貼的醫療項目，要考慮成本、市民合理共付、資源運用優次及市民承擔能力。

他又說在調整過程中，政府對醫療承擔不變，調整費用後的額外收入將全數投入醫療服務"
康體通本月17日至20日每晚11時至翌日早上6時暫停服務,2025-03-14 12:40,,2025-03-14 12:45,local,rthk,https://news.rthk.hk/rthk/ch/component/k2/1795704-20250314.htm,"康文署宣布為提升服務質素，SmartPLAY康體通將於本月17日至20日期間每晚11時至翌日上午6時暫停服務，以便進行設備提升工程。

SmartPLAY康體通用戶如需於上述日期使用康體通，請預早安排，在服務暫停時段之前或後使用系統。"
今年首兩月訪港旅客840萬人次　東南亞日韓旅客按年增逾三成,2025-03-14 12:39,,2025-03-14 12:45,local,rthk,https://news.rthk.hk/rthk/ch/component/k2/1795703-20250314.htm,"旅發局公布今年首兩個月合共有840萬訪港旅客人次，按年增加7%，其中77%為內地旅客。

發言人說，由於內地今年的農曆新年假期在1月28日至 2月4日，去年則在 2月10日至 2月17日，為確保按年比較的準確性，因此將首兩個月的旅客數字合併計算，與去年同期比較。

在這段期內，內地遊客有650 萬人次，上升4%；非內地市場訪港人次超過191萬，增長20%，其中，菲律賓、印尼、日本和南韓的旅客均錄得超過30%的按年增長。長途市場方面，首兩月累計錄得50萬人次，升20%，當中澳洲旅客增長34%。"
中醫醫院門診今年9月公布收費詳情　醫務衞生局強調水平可負擔,2025-03-14 12:38,,2025-03-14 12:45,local,rthk,https://news.rthk.hk/rthk/ch/component/k2/1795702-20250314.htm,"政府今年底發表《中醫藥發展藍圖》，以勾劃未來的發展路向。醫務衞生局局長盧寵茂出席立法會衞生事務委員會表示，正推動兩個中醫藥發展旗艦機構的籌備工作，分別是將軍澳的香港中醫醫院及科學園的政府中藥檢測中心永久大樓，預計如期在今年底分階段啟用及開展服務。

議員陸瀚民關注中醫醫院的門診診金收費，以及人員招聘尤其中醫護士的培訓情況。醫務衞生局中醫醫院發展計劃辦事處總監張偉麟預計，今年9月會公布收費詳情，強調是可負擔的水平。他解釋說收費會分為兩個部分，三分二由政府資助，由局方釐定；其餘非政府資助則由中醫醫院董事局根據市場導向，包括市場狀況及市民承擔能力等各項考慮因素。至於人才庫方面，中醫醫院的人才庫目前已有逾250人登記，主要是中醫師，下半年會為註冊護士提供中醫護理培訓。開院期間需要護士數目不多，門診及日間服務大約需要20人。

議員林素蔚關注自願醫保日後涵蓋中醫服務的安排。盧寵茂表示，本港將首次有中醫的住院病人，需要住院服務的人手，目前正積極招聘，包括可能從香港以外地方招聘中醫住院人才來港。張偉麟則表示，跟保險界已舉行過3次會議，討論住院服務、病種及收費架構等問題，保險主要涵蓋住院病人。他又說中醫醫院第一年主力提供門診及日間服務，第二年會有128張住院病床，相信保險業界已有足夠準備。"
港鐵本月22日起重鐵網絡各車站均接受「全國交通一卡通」付費,2025-03-14 12:33,,2025-03-14 12:45,local,rthk,https://news.rthk.hk/rthk/ch/component/k2/1795701-20250314.htm,"港鐵宣布，本月22日，即下星期六起，除機場快綫車站外，重鐵網絡各車站均接受「全國交通一卡通」付費乘車，為訪港旅客提供新選擇。

屆時重鐵網絡每個車站有最少兩部出入閘機，配備「全國交通一卡通」支付功能，閘機均貼有「交通聯合」標誌，乘客只需將「全國交通一卡通」於閘機上的八達通讀寫器拍卡，便可出入閘。

乘客使用「全國交通一卡通」，車費與成人八達通的車費相同，車費將從「全國交通一卡通」的人民幣儲值額中扣除，並經由八達通讀寫器兌換港幣結算，乘客必須確保卡內的餘額不少於人民幣50元方可入閘，港鐵站未能提供人民幣增值服務。

港鐵公司常務總監楊美珍表示，港鐵一直積極致力提升服務，透過提供更多付費選擇及更多元化的服務，便利不同乘客。"
博智小學家長冀繼續營辦　校長盼找到最合適方案,2025-03-14 12:27,,2025-03-14 12:45,local,rthk,https://news.rthk.hk/rthk/ch/component/k2/1795699-20250314.htm,"黃大仙的天主教博智小學及南區的鴨脷洲街坊學校下學年獲派的學生人數少於16人，未能獲資助開辦小一。

有博智小學的家長表示無奈，希望學校可以繼續營辦，讓子女完成小學畢業；亦有家長說子女很喜歡學校及老師，對消息感到愕然。

博智小學校長表示，將與教育局、辦學團體及校董會商討未來路向，期望找到最合適最佳方案，為老師及學生提供最好的選擇。"
Microsoft發現一系列冒充網上旅行社針對酒店業網絡攻擊,2025-03-14 12:22,,2025-03-14 12:45,local,rthk,https://news.rthk.hk/rthk/ch/component/k2/1795698-20250314.htm,"Microsoft 自去年12月起，觀察到一系列針對酒店業者的網絡釣魚攻擊，冒充旅行社網上旅行社 Booking.com 並利用 ClickFix 社交工程技術。詐騙郵件以處理客戶負面評論為藉口，誘使受害者點擊連結或打開附件，最終竊取登入帳號及財務資料。

在香港，旅遊業同樣受到影響，去年11 月，一間本地旅行社因客戶收到 Instagram 上的仿冒促銷廣告，收到超過1000 宗詐騙相關查詢。Microsoft 安全研究高級總監表示，這類釣魚手法從 2023年開始以 Booking.com為目標的一系列網絡釣魚活動，但近月調整攻擊策略，反映網絡威脅的變化。

隨著4月旅遊旺季將至，Microsoft 建議業界與消費者保持警惕，包括驗證電郵真偽、聯絡官方服務供應商、提防緊急行動要求、檢查連結完整性與拼寫錯誤，以及加強員工培訓。這些措施能有效抵禦網絡釣魚攻擊，保障自身利益及資料安全。"
港股半日升584點　恒指重上24000點關口,2025-03-14 12:13,,2025-03-14 12:30,local,rthk,https://news.rthk.hk/rthk/ch/component/k2/1795697-20250314.htm,"港股結束5日跌勢，恒生指數重上24000點，臨近中午最多升逾630點，觸及24095點，中午報24047點，升584點，升幅約2.5%，半日主板成交額約1590億元。

科技股支持大市表現，ATMXJ升逾2%至近6%，美團升幅最大。科技指數半日報5904點，升2.7%。

中資金融、地產、消費、黃金、醫藥股亦升。

長和早段急挫近7%，半日仍跌約5%，是表現最差藍籌股，同系的長實、長建及電能實業跌1%或以上。

友邦保險去年純利升近82%，稅後營運溢利及新業務價值都創新高，並宣布推出16億美元股份回購，但新業務表現及回購規模都不及預期，拖累股價半日跌逾2%。"
滬股半日升約1.7%　今年首次升穿3400點,2025-03-14 12:02,,2025-03-14 12:15,cfinance,rthk,https://news.rthk.hk/rthk/ch/component/k2/1795695-20250314.htm,"內地股市3大指數急升近2%或以上，消費、金融、遊戲股造好，軍工、電源設備股下跌。

上證指數升穿3400點水平，是今年以來首次，半日報3413點，升55點，升幅1.65%。

深證成份指數報10957點，升221點，升幅2.06%。

創業板指數報2227點，升61點，升幅2.83%。"
朱國強料小學或合併求存　張勇邦稱規模大辦學團體才較易處理,2025-03-14 11:44,,2025-03-14 12:00,local,rthk,https://news.rthk.hk/rthk/ch/component/k2/1795694-20250314.htm,"資助小學校長會名譽主席張勇邦表示，面對適齡學童人口下降的「寒冬期」，需要修訂措施面對現實。他認為教育局修訂「派0班」小學發展規劃及取消特別視學安排，是適合現時的狀態。

張勇邦在本台節目《千禧年代》表示，在適齡人口少的情況，若再進行一個特別視學有何意義，即使學校教學成效良好，但實際環境是沒有學生。他表示，如果開辦私家班，一些相對年輕的老師可能因學校情況及專業發展而有不同考慮，辦學團體或學校的團隊亦要上下一心，可能要「頂住六年」，除非有很雄厚的財政實力，否則並不容易。如果考慮合併，可能只有規模較大的辦學團體才相對容易處理，但現實並不容易。

教育界立法會議員朱國強在同一節目表示，以私營方式開辦小一需要做足六年，規劃或成本開支每年約100多萬至200萬元，六個年級就需要過千萬元，未必有學校會申請。

他估計學校如想繼續生存就需考慮合併，當中因素包括區域不能太遠、辦學團體理念是否一樣、宗教背景是否相同。另外牽涉教師遣散，現有兩間學校的校長校監合併後如何處理等，需要時間消化或討論，而以往成功的例子並不多。

朱國強建議可以採用其他措施應付問題，例如將有五班的學校有序地變成四班，調節供應，以往中學曾有成功例子。另一方面，可否考慮增加簽證，讓深圳的學生支付學費來港讀書，因為深圳的人口較多，認為可以研究。"
港股升幅擴大至逾500點　一度升穿24000點,2025-03-14 11:35,,2025-03-14 11:45,local,rthk,https://news.rthk.hk/rthk/ch/component/k2/1795693-20250314.htm,"港股高開後升幅持續擴大，一度重上24000點以上，恒生指數曾見24003點，較早時報23978點，升516點，升幅2.2%。

科技指數報5880點，升2.3%。"
Sleep vital for a healthy body and mind: expert,2025-03-14 11:32,"World Sleep Day was observed globally on Friday, emphasizing the role of sleep in health and well-being. Julia Sun, a clinical psychologist, highlighted that chronic sleep deprivation can lead to reduced immune function, hormonal imbalance, weight gain, and increased cardiovascular risk. Lack of sleep can also worsen mental well-being, causing increased irritability, mood swings, and stress management difficulties. Sun suggested maintaining a regular sleep-wake schedule, limiting screen use before sleep, and dimming lights before bedtime for better sleep.",2025-03-14 12:00,elocal,rthk,https://news.rthk.hk/rthk/en/component/k2/1795692-20250314.htm,"People around the globe marked World Sleep Day on Friday, an annual event that serves as a reminder of the importance of sleep to one's well-being and health. 

In a pre-recorded interview broadcast on RTHK's Hong Kong Today programme, Julia Sun, a clinical psychologist at the Chinese University's Department of Psychiatry, said people should not underestimate the importance of a good night's sleep.

""Sleep is really important and it is related to the physical and mental well-being. Physically, chronic sleep depravation will lead to reduced immune function and hormonal imbalance. And also we can see that when people sleep less, they tend to gain more weight. Sleep depravation is also linked to increased cardiovascular risk,"" Sun said.

""In terms of mental well-being, insomnia, or sleeping less, leads to increased irritability... it also leads to more mood swings and also difficulty in managing stress.""

Sun recommended that people get into a routine before bed, to ensure a good night's sleep.

""I think that regularity is important - try to have a regular sleep-wake schedule no matter in weekdays or weekends... try to limit the screen use before sleep, for example like 15 to 30 minutes before bedtime. And also you can dim your light before you go to sleep."""
香港花卉展維園開幕　羅淑佩：主題花秋英與拚搏運動員有共同特點,2025-03-14 11:32,,2025-03-14 11:45,local,rthk,https://news.rthk.hk/rthk/ch/component/k2/1795691-20250314.htm,"香港花卉展今日起一連10日在維園舉行，主題花是秋英。文化體育及旅遊局局長羅淑佩出席開幕禮致辭時表示，秋英生命力旺盛，英姿煥發，與充滿活力和奮力拚搏的運動員有共同特點。今年適逢粵港澳三地攜手主辦第15屆全國運動會以及全國第12屆殘疾人運動會暨第9屆特殊奧林匹克運動會賽事，花展特別設置推廣展覽及專題特色園圃，介紹由香港承辦的9個比賽項目，讓市民在賞花之餘，加深對全運會及殘特奧會的認識。

羅淑佩表示，今屆花展有超過80個機構參展，當中包括30多個不同國家和地區的團體和領事館，展出精心設計的圓林造景及花藝擺設。

她表示，在花展結束後，部分園林造景會移至18區的指定公園，既能在全城設置打卡熱點吸引遊人，又能美化城市景觀。大會會舉行環保回收日，協助將物料分類回收，亦會繼續舉辦花卉重新栽種計劃，將可以再種植的花卉送給市民、學校和非政府機構。

香港花卉展以「綻放英姿」為主題，入場全費收14元，4至14歲兒童、全日制學生等優惠票7元。周一至周五期間，60歲或以上長者，殘疾人士及照顧者免費參觀。估計入場人次有約65萬人次。"
多名議員質疑公屋入息及資產上調後變相鼓勵申請者「躺平」,2025-03-14 11:16,,2025-03-14 11:30,local,rthk,https://news.rthk.hk/rthk/ch/component/k2/1795689-20250314.htm,"立法會討論2025/26年度公屋入息和資產限額平均上調1.7%的建議。多名議員不滿公屋入息和資產限額的升幅，比今年5月起最低工資上調幅度低，變相是鼓勵申請者「躺平」，要求房屋署檢視現有檢討機制。

立法會議員楊永杰表示，2人家庭入息限額調整後，不能超過20230元，但從勞工處網頁所見，保安員的最低工資已達13500元。如果兩夫婦都從事保安工作，入息已超出申請資格，反問當局是否要求夫婦兩人，其中1人不工作，他認為政府應該與時並進，如果機制不合理就要跟進。

另一名議員梁文廣表示，明白公屋供應緊絀，當局要作出平衡和取捨，但如果2人家庭的入息上限與最低工資合計金額只相差數百元，是否可將兩者看齊處理。

房屋署署長李佩詩回應說，檢討機制並非「鐵板一塊」，但現有機制已是相對客觀的準則，能夠幫助最有需要的家庭，又強調政府絕不鼓勵市民「躺平」，檢討機制的方程式已包括及反映法定最低工資升幅情況。而根據數字，自最低工資實施以來，即由2011/12年度至2025/26年度期間，公屋入息限額已累計增加76%，同期法定最低工資及名義工資指數則分別累計增加50%及55%。"
Lawmaker says time to change cryopreservation rules,2025-03-14 11:07,"Government plans to launch a public consultation on lifting storage period limitations for frozen eggs, sperm, or embryos, welcomed by DAB lawmaker Nixie Lam. Lam emphasizes the need for adjustment due to increasing number of couples starting families late in life, and suggests easing restrictions for non-married couples and singles to use frozen embryos.",2025-03-14 11:30,elocal,rthk,https://news.rthk.hk/rthk/en/component/k2/1795688-20250314.htm,"DAB lawmaker Nixie Lam on Friday welcomed the government's initiative on lifting the storage period limitation for frozen eggs, sperm or embryos. 

The government on Thursday announced it would launch a public consultation on issue.

Speaking on RTHK's Hong Kong Today programme, Lam said many people were starting families later in life which is why an adjustment to current regulations was needed.

""More and more couples are getting married late and planning their families late... and if you look at some of the restrictions to current [regulations] we're having such as this 10-year period, it's pretty much outdated. We do need a full-on upgrade of a lot of the rules and regulations around this to ensure that it fits with current trends.""

Lam said easing restrictions on non-married couples or single people, allowing them to use their frozen embryos to start a family, would also help.

""At the moment it might be a little bit tricky, but we do need to do more persuasive discussions in Hong Kong,"" Lam said."
當局計劃容許物理治療師及職業治療師等接受中醫師轉介病人,2025-03-14 11:01,,2025-03-14 11:15,local,rthk,https://news.rthk.hk/rthk/ch/component/k2/1795687-20250314.htm,"政府今年底將發表《中醫藥發展藍圖》，以勾劃未來的發展路向，包括加強中醫藥在基層醫療的角色、進一步發揮中醫藥及中西醫協作的療效優勢，並檢視現行規管制度等。

立法會衞生事務委員會討論中醫藥發展相關政策措施的最新進展。醫務衞生局表示，政府正與中醫藥界建構發展藍圖，在制訂過程中，廣泛並聚焦吸納意見。當局亦計劃容許輔助醫療專業人員，包括物理治療師、職業治療師、放射技師及醫務化驗師，接受中醫師轉介病人，促進跨專業協作，今年上半年會向立法會提交修訂條例草案。

醫衞局表示，正推動兩個中醫藥發展旗艦機構的籌備工作，分別是將軍澳的香港中醫醫院及科學園的政府中藥檢測中心永久大樓，兩個機構預計如期在今年底分階段啟用及開展服務。國家中醫藥管理局與醫衞局計劃在今年中開辦培訓項目，並按香港中醫醫院未來的服務需要，增設相關培訓主題，推動培養本地中醫藥人才。"
運輸署本月起放寛多個電動車種毋須申請快速公路許可證,2025-03-14 10:57,,2025-03-14 11:15,local,rthk,https://news.rthk.hk/rthk/ch/component/k2/1795686-20250314.htm,"運輸署表示，本月起放寛多個額定功率達7000瓦的電動車種，可以毋須申請快速公路許可證在高速公路行駛。

放寬車種包括電動的士、電動私家小巴、包括私家和公共的電動巴士、所有電動貨車及電動救援車輛。至於電動私家車、電單車及機動三輪車，若額定功率分別不低於7000瓦或3000瓦，可以毋須領取許可證在高速公路行駛。"
日股半日回升逾百點,2025-03-14 10:37,,2025-03-14 10:45,cfinance,rthk,https://news.rthk.hk/rthk/ch/component/k2/1795684-20250314.htm,日股先跌後回升，日經指數半日報36919點，升129點，升幅0.35%。
日媒稱日本男子在長城拍攝不雅照片遭拘留後遣返,2025-03-14 10:31,,2025-03-14 10:45,greater_china,rthk,https://news.rthk.hk/rthk/ch/component/k2/1795683-20250314.htm,"日本傳媒報道，一名日本男子今年一月，在中國長城景點觀光時，裸露臀部拍照，違反治安管理處罰法被拘留，目前已被遣返。

報道說，這名20多歲日本男子，今年1月在長城觀光時做出不雅舉動，並讓同行的另一名女子拍照，兩人當場被拘留，隨後被遣返，目前已返回日本。

報道引述日本駐華大使館稱，據兩人聲稱他們沒有侮辱的意圖，這只是在搞怪。"
消息：公立醫院電腦掃瞄和磁力共振等擬逐項收費　不適用緊急病人,2025-03-14 10:16,,2025-03-14 10:30,local,rthk,https://news.rthk.hk/rthk/ch/component/k2/1795682-20250314.htm,"消息指，政府將於未來數星期內，交代公營醫療收費調整方案。據了解，當中除了考慮急症室收費或作調整外，亦會考慮向部分服務，實施逐項收費，包括電腦掃瞄和磁力共振，但強調價格會是可負擔水平，有關收費亦不適用於病情緊急或情況嚴重的患者。

消息又強調，希望透過今次改革，讓資源投放給更有需要人士，例如重症和癌症病人，又期望即使中產階層亦不會因病致貧。"
港股升逾200點　長和曾挫近7%　友邦回購遜預期拖累股價跌,2025-03-14 10:01,,2025-03-14 10:15,local,rthk,https://news.rthk.hk/rthk/ch/component/k2/1795680-20250314.htm,"港股結束5日跌勢，恒生指數較早時報23680點，升217點，升幅0.93%。

科技股支持大市表現，科技指數較早時報5785點，升約0.7%。

中資金融、地產、消費、黃金股亦向上。

長和早段急挫近7%，較早時仍跌逾5%，暫是表現最差藍籌股，同系的長建跌近1%，長實跌逾2%。

友邦保險去年純利升近82%，稅後營運溢利及新業務價值都創新高，並宣布推出16億美元股份回購，但新業務表現及回購規模都不及預期，拖累股價跌逾2%。"
內地男網民涉AI捏造「明星澳門輸掉十億」遭行政拘留,2025-03-14 09:59,,2025-03-14 10:15,greater_china,rthk,https://news.rthk.hk/rthk/ch/component/k2/1795681-20250314.htm,"內地公安機構以嚴重擾亂公共秩序為由，對一名36歲男子作出行政拘留8日處罰。

公安網安部說，自星期一以來，一則「有頂流明星在澳門輸掉10億」的信息在互聯網平台傳播。調查後指這名36歲男網民為博取流量、謀取非法利益，使用AI智能生成功能，輸入社會熱點詞製作相關標題的謠言，並通過互聯網平台對外發佈，造成謠言迅速傳播，引發大量網民議論，誘發相關謠言和話題，嚴重擾亂公共秩序，根據相關法律法規，作出處罰。"
博智小校下學年未能開辦小一　家長感愕然校長冀為學生作最好安排,2025-03-14 09:51,,2025-03-14 10:15,local,rthk,https://news.rthk.hk/rthk/ch/component/k2/1795679-20250314.htm,"教育局表示，黃大仙的天主教博智小學及南區的鴨脷洲街坊學校，獲派的學生人數少於16人，2025/26學年未能獲資助開辦小一。

在博智小學，早上帶孫兒返學的伍女士說感到無奈，形容唯有順其自然，擔心不了那麼多，希望學校可以繼續辦學。葉女士則希望就讀小四的孫兒可以讀到小學畢業，同級有兩班，每班約10多人。

李女士有3名子女就讀該校，最大一個已畢業，就讀慈雲山區第一排位組別的中學，餘下兩人分別就讀小二及小四。她說子女很喜歡學校的老師，聽到消息後感到愕然。她希望學校可以繼續營辦。

博智小校校長何妙賢說，將與辦學團體及教育局商討，為學生作出最好安排。昨日傍晚已去信家長通知有關消息，亦已經與學生講述情況。她表示，適齡學童人口下降是全港學校同樣面對的問題，學校一直優化教育，提供最好服務及不同學習活動予學生，希望小朋友有最好教育。

至於會否上訴，她表示，將根據教育局方案與辦學團體商討，研究有何最合適方向及最佳方案，再交由法團校董會決定，並通知各持份者，為老師及學生提供最好的選擇。"
人行逆回購1807億元人民幣　本周淨回籠2517億元,2025-03-14 09:49,,2025-03-14 10:00,cfinance,rthk,https://news.rthk.hk/rthk/ch/component/k2/1795678-20250314.htm,"人民銀行公開市場開展1807億元人民幣7天期逆回購操作，利率維持1.5厘。

對沖到期量後，公開市場單日淨回籠43億元，連續10日淨回籠，本周累計淨回籠2517億元。"
金價創新高　紐約期金突破3000美元關口,2025-03-14 09:42,,2025-03-14 10:00,cfinance,rthk,https://news.rthk.hk/rthk/ch/component/k2/1795676-20250314.htm,"金價創新高，紐約期金突破3000美元關口，每盎司高見3003.9美元，升0.4%，其後於3000美元爭持。

現貨金迫近3000美元，一度觸及2990.09美元的紀錄高位，升近0.8%，其後回軟約0.2%，徘徊2982美元附近。"
Hong Kong stocks open higher,2025-03-14 09:42,"US trade war escalation and record gold prices cause global markets to slide, but Hong Kong stocks open 0.8% higher, with the Hang Seng Index at 23,653.",2025-03-14 10:00,efinance,rthk,https://news.rthk.hk/rthk/en/component/k2/1795677-20250314.htm,"Hong Kong stocks on Friday opened higher, after global markets slid, as US President Donald Trump launched a new volley in his trade war, while gold hit a new record high.

The Hang Seng Index rose 0.8 percent, to open at 23,653. (Agencies)"
滬深股市初段造好　人行指支持資本市場穩定發展,2025-03-14 09:39,,2025-03-14 09:45,cfinance,rthk,https://news.rthk.hk/rthk/ch/component/k2/1795675-20250314.htm,"內地股市初段造好。

上證指數較早時報3368點，升9點，升幅0.29%。

深證成份指數報10779點，升42點，升幅0.4%。

創業板指數報2173點，升7點，升幅0.33%。

人民銀行黨委昨日召開會議，指出今年將根據國內外經濟金融形勢及金融市場運行情況，擇機減息降準，並研究創設新的結構性貨幣政策工具，重點支持科技創新領域投融資、促進消費及穩定外貿，支持資本市場穩定發展。"
美國航空客機丹佛國際機場起火　所有乘客疏散無人傷,2025-03-14 09:22,,2025-03-14 09:45,cinternational,rthk,https://news.rthk.hk/rthk/ch/component/k2/1795673-20250314.htm,"美國航空公司一架客機在丹佛國際機場起火，所有乘客疏散，無人受傷。

傳媒報道引述機場指，當地星期四晚，一架停靠在登機口的美國航空客機起火，產生濃煙，乘客透過逃生滑梯疏散，火警已被撲滅。"
港股競價時段升190點　科指升逾1%,2025-03-14 09:22,,2025-03-14 09:45,local,rthk,https://news.rthk.hk/rthk/ch/component/k2/1795672-20250314.htm,"港股止跌回升，恒生指數競價時段報23653點，升190點，升幅0.81%。

科技指數報5826點，升78點，升幅1.36%。"
人民幣兌美元中間價跌10點子　連跌兩日,2025-03-14 09:22,,2025-03-14 09:45,cfinance,rthk,https://news.rthk.hk/rthk/ch/component/k2/1795671-20250314.htm,人民幣中間價報7.1738兌1美元，較昨日中間價跌10點子，連續兩日下跌。
美國食品藥物管理局向疫苗製造商就流感疫苗病毒株提出建議,2025-03-14 09:12,,2025-03-14 09:30,cinternational,rthk,https://news.rthk.hk/rthk/ch/component/k2/1795669-20250314.htm,"美國食品藥物管理局向疫苗製造商提出用於美國2025/26年流感季節的流感疫苗病毒株的建議。

傳統上，建議均由諮詢委員會投票決定，但管理局今年自行做出決定。當局說，預計不會對民眾接種疫苗的時間或供應產生任何影響。

管理局屬下的疫苗和相關生物製品諮詢委員會原定同一日開會，作出相關建議，但會議被取消。

小羅拔甘迺迪上月獲確認出任美國衛生部長，他將負責監督多個備受關注的機構，包括美國食品及藥物管理局、疾病控制及預防中心。

小羅拔甘迺迪是知名的反疫苗活動人士，但他表示不會阻止美國人接種疫苗。

美國疾病控制與預防中心早前說，美國正迎來流感季節第二波高峰，目前的感染水平創2009年最高。"
台股初段窄幅上落,2025-03-14 09:10,,2025-03-14 09:15,cfinance,rthk,https://news.rthk.hk/rthk/ch/component/k2/1795668-20250314.htm,台灣股市初段窄幅上落，加權指數較早時報21933點，跌27點。
友邦去年新業務價值升18%創新高　香港貢獻最大及增長最快,2025-03-14 08:16,,2025-03-14 08:30,cfinance,rthk,https://news.rthk.hk/rthk/ch/component/k2/1795662-20250314.htm,"友邦保險公布，按固定匯率基準，去年新業務價值升18%至47.1億美元創新高，由於銷量增加及新業務盈利能力提升，並帶動內涵價值營運溢利升14%至100.3億美元。

年化新保費升14%至86.1億美元，整體新業務價值利潤率升1.9個百分點至54.5%。

所有分部的新業務價值都有雙位數增長，香港是貢獻最大及增長最快的市場，香港市場升23%至17.6億美元，新業務價值利潤率65.5%。稅後營運溢利升15%至約25億美元，年化新保費升8%至26.1億美元，本地客戶增加24%，內地訪客增加22%，兩個客群貢獻大致相同。

內地新業務價值亦升20%至12.2億美元，受惠於代理管道有雙位數增長、銀行保險夥伴合作關係顯著上升。內地業務稅後營運溢利升5%至約16億美元，年化新保費升10%至21.7億美元。

集團於內地14個地區接觸約3.4億名目標客戶，對中郵人壽保險持股近25%，額外分銷渠道與自身內地業務形成高度互補。

首席執行官兼總裁李源祥表示，雖然面對短期地緣政治及宏觀經濟不明朗，但業務市場仍有很大增長潛力，亞洲提供最廣闊的前景及機遇，隨時間推移，區內主要人口結構及社會趨勢只會日益增強。"
《環看天下》：中方將舉行伊朗核問題中俄伊北京會晤,2025-03-14 08:15,,2025-03-14 08:30,greater_china,rthk,https://news.rthk.hk/rthk/ch/component/k2/1795665-20250314.htm,"中方今日舉行伊朗核問題中俄伊北京會晤。三方將就伊朗核問題及其他共同關心的問題，交換意見。

美國總統特朗普當年在首個總統任期，單方面宣布美國退出伊朗核協議。他近日表示，已去信伊朗表明有意恢復對話，但亦警告如果對方拒絕，將採取軍事行動。伊朗回應，不接受在受到威脅情況下與美方談判。"
日股初段跌約0.1%,2025-03-14 08:15,,2025-03-14 08:30,cfinance,rthk,https://news.rthk.hk/rthk/ch/component/k2/1795663-20250314.htm,日股初段偏軟，日經指數較早時報36758點，跌31點，跌幅0.09%。
韓股初段微跌,2025-03-14 08:15,,2025-03-14 08:30,cfinance,rthk,https://news.rthk.hk/rthk/ch/component/k2/1795664-20250314.htm,南韓股市早段微跌，首爾綜合指數較早時報2571點，跌2點，跌幅0.09%。
歐霸盃曼聯與熱刺均晉級8強,2025-03-14 07:13,,2025-03-14 07:45,csport,rthk,https://news.rthk.hk/rthk/ch/component/k2/1795661-20250314.htm,"歐霸盃16強次回合，兩支英超球隊曼聯和熱刺都晉級。

曼聯憑隊長般奴費蘭迪斯大演帽子戲法，包括射入兩球12碼，以4:1反勝下半場有球員被逐的皇家蘇斯達，兩回合計贏5:2晉級，將與里昂爭入4強。

至於首回合落後的熱刺，次回合以3:1擊敗阿爾克馬爾，兩回合計3:2反勝，8強將會面對法蘭克福。

格拉斯哥流浪互射12碼，淘汰費倫巴治。

歐協聯16強次回合方面，車路士1球擊敗哥本哈根，兩回合計贏3:1晉級。"
友邦去年純利升近82%　稅後營運溢利創新高,2025-03-14 06:40,,2025-03-14 06:45,cfinance,rthk,https://news.rthk.hk/rthk/ch/component/k2/1795660-20250314.htm,"友邦保險去年純利68.4億美元，按年升近82%。稅後營運溢利升12%至66.05億美元，創新高。

派末期息每股130.98港仙，按年升10%。全年派息175.48港仙，增長9%。

去年透過股息及股份回購，向股東返還65億美元，每股內涵價值權益升9%。而在2022年至2024年期間，資本管理行動及派息合共向股東返還182億美元。

集團推出新一輪16億美元股份回購，目標是在可行情況下盡快展開，預期今年內完成。集團重申，目標每年透過股息及股份回購，派付全年產生的自由盈餘淨額的75%，並將定期檢視資本狀況，返還超出需要的資本。

去年產生的基本自由盈餘升10%至63.3億美元，這項指標用於衡量現金流產生能力。

至去年底，股東資本比率236%，按年跌33個百分點，由於向股東返還資本。"
美元指數一度重上104　10年債息先升後回,2025-03-14 06:39,,2025-03-14 06:45,cfinance,rthk,https://news.rthk.hk/rthk/ch/component/k2/1795659-20250314.htm,"美元指數一度重上104以上，觸及104.08，升近0.5%，創約1星期新高，尾市報103.85。

市場持續評估貿易戰升級的影響，憂慮特朗普政府的貿易政策，或導致美國經濟增長放緩，影響美元前景。

歐元兌美元較早時報1.085，英鎊兌美元徘徊1.295附近，澳元兌美元報0.628，新西蘭元兌美元於0.57爭持，美元兌日圓報147.74。

另外，股市下跌，帶動避險美債需求。美國10年期債息早段觸及4.353厘的逾半個月高位，其後回軟，低見4.259厘，跌5.7個基點，尾市徘徊4.27厘。"
港股美國預託證券大多造好　ATMXJ升近1%至逾2%,2025-03-14 06:39,,2025-03-14 06:45,cfinance,rthk,https://news.rthk.hk/rthk/ch/component/k2/1795658-20250314.htm,"港股美國預託證券(ADR)大多造好。

阿里巴巴ADR比本港昨日收市價升逾2%，以港元計折合報134.4元。ATMXJ其餘股份ADR亦升近1%至約2%。

金融股大多上升，滙控、友邦、港交所、平保ADR升近1%或以上，中行及建行ADR靠穩，工行ADR偏軟。"
金價創新高　迫近3000美元關口,2025-03-14 06:38,,2025-03-14 06:45,cfinance,rthk,https://news.rthk.hk/rthk/ch/component/k2/1795657-20250314.htm,"金價創新高，迫近每盎司3000美元關口。關稅措施不確定增加，加上市場預料聯儲局今年仍有減息空間，利好金價表現。

現貨金較早時升約2%，觸及每盎司2989.31美元，創紀錄高位。

紐約期金收報2991.3美元，升44.5美元，升幅1.5%。"
油價低收近2%　結束兩日升勢,2025-03-14 05:54,,2025-03-14 06:15,cfinance,rthk,https://news.rthk.hk/rthk/ch/component/k2/1795655-20250314.htm,"英美期油低收近2%，結束兩日升勢。市場憂慮美國與其他國家的關稅戰，可能打擊全球原油需求，俄烏停火亦存在不確定。

倫敦布蘭特期油再度失守每桶70美元水平，收報69.88美元，跌1.07美元，跌幅1.5%。

紐約期油收報66.55美元，跌1.13美元，跌幅1.7%。

另外，國際能源署(IEA)報告下調今年全球需求增長預測，將出現供過於求，預計每日供應超過需求約60萬桶。"
英股全日升1點　德法股市再度回軟,2025-03-14 05:49,,2025-03-14 06:00,cfinance,rthk,https://news.rthk.hk/rthk/ch/component/k2/1795652-20250314.htm,"歐洲股市個別發展。

英國富時100指數表現反覆，早段最多升約0.5%，其後一度回落，收市報8542點，升1點，連升兩日。

德法股市再度回軟，德國DAX指數收報22567點，跌109點，跌幅約0.5%。

法國CAC指數於8000點水平得而復失，收報7938點，跌50點，跌幅逾0.6%，創逾5星期新低。"
美股低收逾1%至約2%　標普500指數跌入調整區,2025-03-14 05:48,,2025-03-14 06:00,cfinance,rthk,https://news.rthk.hk/rthk/ch/component/k2/1795651-20250314.htm,"美股3大指數低收逾1%至約2%，創逾半年新低。標普500指數自2月觸及的紀錄高位回吐逾10%，確認跌入調整區；而納指上周已跌入回調區。

美國2月生產物價指數(PPI)按月出乎意料持平，是7個月以來首次，連同上星期新申領失業救濟人數低於預期，反映經濟穩定，預料聯儲局下星期議息會議按兵不動。另外，美國總統特朗普威脅對歐盟的葡萄酒及烈酒徵收200%關稅，市場憂慮貿易戰不斷升級，拖累大市下跌。

道瓊斯指數最多跌近690點，收市報40813點，跌537點，跌幅1.3%，連跌4日。

標普500指數收報5521點，跌77點，跌幅約1.4%。

納斯達克指數收報17303點，跌345點，跌幅約2%。

英特爾急升近15%，集團任命業內資深人士陳立武為新任行政總裁。科技股普遍下跌，Tesla、蘋果、Meta跌約3%至近5%，Adobe大跌近14%。

折扣零售商Dollar General及Dollar Tree都升近7%。

另外，美國財長貝森特表示，不擔心美股近期波動，政府關注的是市場及美國人的中長期收益。他又認為，美國經濟將經歷「排毒期」，但不一定意味著經濟衰退。"
US stocks slump after new Trump tariff threat,2025-03-14 05:48,"US stocks dropped on Thursday due to tariff threats by President Trump, with the Dow Jones Industrial Average down 1.3%, S&P 500 Index down 1.4%, and Nasdaq Composite Index down nearly 2%. The S&P drop means it has entered a correction, down 10% from its highest point this year. Trump threatened a 200% tariff on EU alcoholic beverages in response to EU countermeasures against US steel and aluminum tariffs. The producer price index was flat in February, after a 0.6% rise in January. Investors are wary about the full effects of Trump's tariffs and will be watching the Federal Reserve's policy meeting next week.",2025-03-14 06:00,efinance,rthk,https://news.rthk.hk/rthk/en/component/k2/1795654-20250314.htm,"Wall Street stocks closed sharply lower on Thursday on a fresh wave of tariff threats by US President Donald Trump, and despite producer inflation remaining flat.

At the close of trading, the Dow Jones Industrial Average dropped 1.3 percent to 40,813, while the broad-based S&P 500 Index fell 1.4 percent to 5,521.

The tech-heavy Nasdaq Composite Index lost nearly two percent to 17,303.

The S&P drop means the index has tumbled into a correction, or down 10 percent from its highest point of the year, recorded just last month.

Before trading began, Trump unleashed the threat of a 200 percent tariff on wine, champagne and other alcoholic beverages from the European Union.

His threat came after the EU announced a series of countermeasures against new US steel and aluminum tariffs, including a sharp hike targeting US whiskey.

Trump said he would make good on his threat if the bloc's planned whiskey levy ""is not removed immediately.""

On Thursday, government data also showed that the producer price index was flat in February, after a 0.6 percent rise in January.

""That's pretty good news in terms of inflation but the problem is, you have a trade war that's expanding,"" said Peter Cardillo of Spartan Capital Securities.

While recent inflation reports have been encouraging, Cardillo added that markets are wary as the full effects of Trump's tariffs have yet to be seen.

Looking ahead, investors will be eyeing the Federal Reserve's policy meeting next week, alongside Fed Chair Jerome Powell's comments on the economy. (AFP)"
葡萄牙總統宣布解散議會並提前在5月舉行議會選舉,2025-03-14 05:46,,2025-03-14 06:00,cinternational,rthk,https://news.rthk.hk/rthk/ch/component/k2/1795653-20250314.htm,"葡萄牙總統德索薩宣布解散議會，並在5月18日提前舉行議會選舉，將會是葡萄牙在不足4年內，第三次提前大選。

德索薩發表全國電視講話，指提前大選是一條沒人預計到、亦沒人希望的路，但這是大多數反對黨和政府之間信任衝突的結果。

上任不到一年的總理蒙特內格羅，在日前的議會信任投票中未能獲得多數議員支持，政府進入看守狀態。在與主要政黨和國務委員會磋商後，德索薩作出提前大選的決定。"
國際刑事法院稱杜特爾特將於周五首次出庭,2025-03-14 05:36,,2025-03-14 05:45,cinternational,rthk,https://news.rthk.hk/rthk/ch/component/k2/1795649-20250314.htm,"國際刑事法院表示，菲律賓前總統杜特爾特將於星期五首次出庭。

杜特爾特被指任內打擊毒品犯罪活動時，違反人類罪，星期二由香港返抵馬尼拉國際機場後被菲律賓警方拘留，有關方面向他出示國際刑事法院的逮捕令。

載著杜特爾特的飛機星期三抵達國際刑事法院所在的荷蘭海牙，杜特爾特之後被移送拘留中心。一批支持者在外面聚集，揮舞菲律賓國旗並要求放人。

杜特爾特在社交平台發布影片，強調會為一切負責，雖然面臨漫長的司法程序，但他會繼續為國家服務。"
特朗普認為吞併格陵蘭是會發生　格陵蘭自治政府總理稱已受夠,2025-03-14 04:39,,2025-03-14 04:45,cinternational,rthk,https://news.rthk.hk/rthk/ch/component/k2/1795648-20250314.htm,"美國總統特朗普在白宮與北約秘書長呂特會面時，被記者問到關於吞併格陵蘭的問題。特朗普回應說，他認為是將會發生的事，美國已經在格陵蘭有駐軍，或者會有越來越多美國士兵在那裡。

特朗普強調，美國控制格陵蘭對於加強國際安全是必要，呂特可以在這個問題上發揮重要作用。呂特回應說，任何相關討論都不在他職權範圍內，不想把北約拖入其中。

即將卸任的格陵蘭自治政府總理埃格德在社交平台貼文，批評特朗普再次提出吞併的想法，認為已經受夠，他會召集各黨領導人，強烈反對特朗普的最新言論。"
特朗普：普京聲明有希望但不完整　澤連斯基斥俄試圖拖延停火,2025-03-14 04:21,,2025-03-14 04:45,cinternational,rthk,https://news.rthk.hk/rthk/ch/component/k2/1795647-20250314.htm,"俄羅斯總統普京表示，支持與烏克蘭停火30日的提議，但有很多問題需要商討和解決。

普京與白俄羅斯總統盧卡申科會晤後的聯合記者會上說，俄方同意與烏方結束敵對狀態的提議，但前提是停火能夠帶來長久和平，並消除引發烏克蘭危機的根源。

普京又說，在俄方掌控庫爾斯克州局勢的情況下，美國提出的30日臨時停火建議對烏方有利，又關注如何監督停火等問題，他或者會與美國總統特朗普通電話。

特朗普在白宮與北約秘書長呂特會晤時，形容普京發表了非常有希望的聲明，但並不完整，他願意與普京見面或交談，強調必須盡快達成停火協議。

烏克蘭總統澤連斯基認為，普京準備拒絕停火提議，但不敢直接向特朗普說，俄方為停火設定條件，試圖拖延達成停火或讓停火無法實現。"
英國首相宣布將廢除英格蘭國民保健署,2025-03-14 03:56,,2025-03-14 04:15,cinternational,rthk,https://news.rthk.hk/rthk/ch/component/k2/1795646-20250314.htm,"英國首相施紀賢宣布，將會廢除英格蘭醫療服務的執行機構英格蘭國民保健署。

施紀賢在英格蘭北部一場有關政府改革的演講中表示，廢除英格蘭國民保健署可以減少官僚主義，令醫療服務管理重新回到民主控制之下。當地傳媒報道，此舉會令英格蘭的醫療衛生服務，重回英國衛生與社會保健部直接控制。

在英國，衛生事務是權力下放事項。成立於2013年的英格蘭國民保健署，由政府資助，但獨立運作，僱用約13000名員工，是英格蘭醫療服務的執行機構。

首相府表示，關閉英格蘭國民保健署需要大約兩年，數千個工作崗位將被裁減，每年節省數億英鎊，這些資金將會重新投資於一線服務。"
普京晤盧卡申科同意擴大各領域合作　準備反制北約敵對行動,2025-03-14 03:34,,2025-03-14 03:45,cinternational,rthk,https://news.rthk.hk/rthk/ch/component/k2/1795645-20250314.htm,"俄羅斯總統普京與到訪的白俄羅斯總統盧卡申科會談，雙方同意擴大經貿、安全等各領域合作。

聯合聲明說，雙方堅定不移擴大各領域戰略夥伴關係，以全面加強雙邊合作，同時在主權平等、尊重對方利益等原則基礎上，進一步深化一體化進程。兩國將在上海合作組織框架內發展政治、經濟和人文等領域合作，並準備好採取政治、外交和軍事等措施，反制北約的敵對行動。

普京表示，盧卡申科再次當選總統後首次出訪選擇俄羅斯，凸顯兩國關係的特殊性。盧卡申科讚揚兩國的高水平關係，又指雙方在烏克蘭危機在內的很多國際問題上持共同立場。"
法國稱不會屈服於美方對酒類產品關稅威脅　加國就鋼鋁關稅提申訴,2025-03-14 03:10,,2025-03-14 03:30,cinternational,rthk,https://news.rthk.hk/rthk/ch/component/k2/1795643-20250314.htm,"美國總統特朗普警告，如果歐盟不取消對美國威士忌產品加徵關稅，美方將會對來自歐盟國家的酒類產品徵收200%關稅。

歐盟日前宣布反制措施，回應美國對進口鋼鋁徵收25%關稅，包括會向美國的威士忌加徵關稅，措施將於4月生效。特朗普星期四在社交平台貼文，批評歐盟是世界上最具敵意和濫用稅收的機構之一，成立唯一目的就是佔美國便宜。

特朗普在白宮與北約秘書長呂特見記者時又說，不會改變4月2日起對所有貿易夥伴徵收全面對等關稅的想法，亦不會改變對加拿大徵收關稅的決定。

法國官員表明不會屈服，決心與歐盟一起反擊。加拿大就因應美國徵收鋼鋁關稅向世貿組織提出申訴。"
敘利亞過渡時期總統簽署憲法宣言　確定敘利亞過渡階段為期5年,2025-03-14 02:39,,2025-03-14 02:45,cinternational,rthk,https://news.rthk.hk/rthk/ch/component/k2/1795641-20250314.htm,"敘利亞過渡時期總統沙拉簽署憲法宣言，確定敘利亞的過渡階段為期5年。

沙拉在簽署專家委員會向他提交的憲法宣言草案後表示，希望這能成為敘利亞人民走向重建與發展的良好開端。

專家委員會成員阿瓦克在提交儀式說，憲法宣言涉及過渡時期的制度形式和權力分配等，憲法宣言遵守權力分立原則，總統在過渡時期掌握行政權、擁有宣布緊急狀態的特殊權力，人民議會享有立法權並有權質詢部長。憲法宣言確定解散現有的憲法法院，由總統任命組成新的憲法法院。同時，伊斯蘭教法將會作為立法的主要來源。"
