title,date,url,description,source,section,scrape_time
特朗普稱下周一簽署行命令 延長TikTok禁令生效期限,2025-01-19 23:35:13,https://std.stheadline.com/realtime/article/2048084/即時-國際-特朗普稱下周一簽署行命令-延長TikTok禁令生效期限,,singtao,international,2025-01-20 00:30
TVB小花獲富貴老公申請金卡任用！住3千萬豪宅去年曾患情緒病,2025-01-19 23:00:37,https://std.stheadline.com/realtime/article/2048075/即時-娛樂-TVB小花獲富貴老公申請金卡任用-住3千萬豪宅去年曾患情緒病,"32歲的前TVB小花陳詩欣（Eunice），2021年嫁富貴老公陳爾正（Joshua）後，入住逾千呎半山豪宅外，又經常大晒全身名牌，過着優哉悠哉的少奶奶生活。陳詩欣去年1月患上流感後，一度情緒低落，甚至有情緒病，老公陳爾正非常窩心，帶老婆周圍飛去旅行散心。近日陳爾正又有錫老婆行動，陳詩欣昨日（18日）更新IG大晒幸福，並笑稱：「陳生帶我去，仲申請咗張金卡」。

陳詩欣騷金卡晒幸福

陳詩欣昨日在IG寫道：「2025年….過咗半個月先出一個post 懶到呢~上星期六陳生帶我去迪士尼仲申請咗張金卡，跟住同我講以後拍拖就去迪士尼啦！聽日有冇人入迪士尼啊？？ 我又去啦！迪士尼見！」

相關閱讀：32歲",singtao,entertainment,2025-01-20 00:30
特朗普社交平台稱「要挽救TikTok」 候任國安顧問：或設防火牆保障美國數據,2025-01-19 22:34:51,https://std.stheadline.com/realtime/article/2047951/即時-國際-特朗普社交平台稱-要挽救TikTok-候任國安顧問-或設防火牆保障美國數據,"即將上任的當選總統特朗普在社交平台表示，要挽救剛暫停服務的TikTok。他在較早前亦表示，「很有可能」在周一上任後，給予TikTok為期90 天的禁令暫緩執行期。

路透社報道，特朗普在接受 NBC 採訪時表示：「延長 90 天的可能性很大，因為這是合適的。」他續稱，「如果我決定這樣做，我可能會在周一宣布。」

此外，美媒報道，即將上任的美國國家安全顧問沃爾茨（Mike Waltz）表示，特朗普團隊正與科技公司合作，正在努力「拯救TikTok」，不排除讓字節跳動持續持有TikTok，「設置防火牆以確保數據在美國境內受到保護」，計劃於下周一（1月20日）在美國重新上線TikTok。惟沃爾茨強調，",singtao,international,2025-01-20 00:30
52歲凍齡天后收真金玫瑰價值連城！大豪客出手闊綽 建立關係26年,2025-01-19 22:30:21,https://std.stheadline.com/realtime/article/2048072/即時-娛樂-52歲凍齡天后收真金玫瑰價值連城-大豪客出手闊綽-建立關係26年,"樂壇天后陳慧琳（Kelly）已入行31年，由前年起積極復出，展開世界巡迴演唱會，並不時到內地「搵真銀」。已經52歲的陳慧琳雖已為人妻及兩子之母，但多年來養尊處優，現時顏值不減當年，是娛樂圈出名的美魔女。陳慧琳昨日（18日）於台上收取代言珠寶公司一紮約廿支的真金玫瑰花束，連見慣世面的她，接過時都不禁嘩一聲！

陳慧琳雍容華貴代言人

陳慧琳貴為天后形象高貴，非常適合代言珠寶，她今次特意飛到南京出席珠寶商的南京中央店開業慶典，她穿上黑色西裝螻及黑色長裙現身，而於西裝褸之下，她穿上極低胸襯衣，性感得來顯得雍容華貴。

相關閱讀：劉德華演唱會2024香港站｜劉德華《情深的一句》掀回憶殺！陳慧琳爆笑舉動",singtao,entertainment,2025-01-20 00:30
以巴停火｜哈馬斯按協議  將三名人轉交紅十字會,2025-01-19 22:24:41,https://std.stheadline.com/realtime/article/2048016/即時-國際-以巴停火-哈馬斯按協議-將三名人轉交紅十字會,"加沙停火協議於當地時間19日上午11時15分（香港時間下午5時15分）生效。最新消息指，哈馬斯已按停火協議，將三名以色列人釋放，轉交予紅十字會。

較早前，以色列已經收到哈馬斯將要釋放的人質名單。以色列總理辦公室證實，已經收到有關人質名單。另外，調停國卡達亦確認停火協議已展開。
 

以方：已通知人質家屬

以色列總理辦公室表示，安全機構目前正在審查細節，軍方亦己通知人質家屬。

相關新聞：以巴停火｜以色列第一波擬釋囚737人 包括武裝團體領袖",singtao,international,2025-01-20 00:30
1:2僅負理文未氣餒│流浪信陸續援兵可助搶分,2025-01-19 21:52:04,https://std.stheadline.com/realtime/article/2048076/即時-體育-1-2僅負理文未氣餒│流浪信陸續援兵可助搶分,"榜末的標準流浪周日在青衣主場港超對理文，於新援伊巴謙加盟下僅以1:2見負，總幹事李輝立認為球隊發揮不錯，可惜換人太遲，但有信心流浪如保持現時踢法，往後一定可以搶分。至於外流員趙正宇被泰國球會棄用一事，流浪或尋求國際足協介入。


      
      
              



      
            
      
    
        
    
  


實力較強的理文上半場佔了大部分攻勢，但欠埋門一腳及施卡達利與羅沙在左路發揮一般，只靠艾華頓在右路不斷經營，甚至走向左路找機會，流浪一次禁區外交失被羅沙引入禁區交施卡達利射中柱。主場的流浪也並非只捱打，守將",singtao,sport,2025-01-20 00:30
尼日利亞運油車爆炸釀至少80人死亡   車輛翻側民眾哄搶燃油肇禍,2025-01-19 21:35:19,https://std.stheadline.com/realtime/article/2047946/即時-國際-尼日利亞運油車爆炸釀至少80人死亡-車輛翻側民眾哄搶燃油肇禍,"尼日利亞北部尼日爾州一輛運油車發生意外翻側，有燃油洩漏並發生爆炸，死亡人數已增至最少80人，另有多人受傷。

新華社報道，州長穆罕默德·巴戈昨日曾表示，一輛油罐車在該州一條公路上突發側翻，附近居民哄搶燃料時油罐車起火爆炸，造成重大傷亡。

該國總統博拉·提努布今日（19日）表示，對遇難人員表示深切哀悼，指示政府部門為傷者提供全面醫療救助，並要求安全和道路交通部門採取措施，避免類似事件發生。 

大批居民意外後檢取汽油

路透社較早前報道，尼日利亞聯邦道路安全隊地區指揮官庫馬爾（Kumar Tsukwam）表示，大部分受害人都是當地居民，他們在運油車翻側後，企圖收集汽油時發生意外死亡。庫爾馬指，",singtao,international,2025-01-20 00:30
46歲前亞視男星突自爆身受重傷：內外傷都齊！曾被連劈3刀險斬爆眼球,2025-01-19 21:30:03,https://std.stheadline.com/realtime/article/2048059/即時-娛樂-46歲前亞視男星突自爆身受重傷-內外傷都齊-曾被連劈3刀險斬爆眼球,"46歲黃竣鋒（Jason）於2012年參加《亞洲先生競選》奪得季軍入行，在參選時因硬朗五官及黝黑膚色被喻為「翻版古天樂」。其後經過休養後得以康復並復工拍戲。最近，有網民就在抖音晒出黃竣鋒與6位身穿吊帶背心的女粉絲的合照，當中眾人因濾鏡太過重手而驚變「網紅樣」，引起不少網民直呼認不出。

黃竣鋒突自爆身受重傷

日前，有網民在抖音上晒出黃竣鋒與6位身穿吊帶背心的女粉絲的合照，照片中可以看到梳起all back髮型的黃竣鋒戴上黑框墨鏡，身穿藍綠色花紋圖案襯衫配米白色西裝褲，整體造型充滿東南亞風情，而身旁的6位女粉絲則一致穿上黑色低胸吊帶背心，每人都露出胸前大片白皙肌膚，十分吸睛。另外，企在C位的黃",singtao,entertainment,2025-01-20 00:30
海南景區離奇現近12米巨鯨腐屍   官方：死因不明,2025-01-19 21:29:19,https://std.stheadline.com/realtime/article/2048070/即時-中國-海南景區離奇現近12米巨鯨腐屍-官方-死因不明,,singtao,greater_china,2025-01-20 00:30
羅淑佩置辦年貨迎新春 閒暇揮毫送祝「福」︱Kelly Online,2025-01-19 21:13:52,https://std.stheadline.com/realtime/article/2048069/即時-港聞-羅淑佩置辦年貨迎新春-閒暇揮毫送祝-福-︱Kelly-Online,,singtao,local,2025-01-20 00:29
農曆新年︱李慧琼倡延長通關 保安局指審慎考慮：去年凌晨跨境數字偏低,2025-01-19 21:00:58,https://std.stheadline.com/realtime/article/2048068/即時-港聞-農曆新年︱李慧琼倡延長通關-保安局指審慎考慮-去年凌晨跨境數字偏低,"【農曆新年/過關/新春/一簽多行】自「一簽多行」政策恢復後，今個農曆新年料有更多「南下」旅客赴港過新春，關口安排備受關注。全國人大常委李慧琼指，香港除要做好接待工作，特區政府亦應考慮在舉辦個別賀歲節目的日子，延長關口開放時間以便利旅客。

對農曆新年會否如元旦般有特別通關安排，保安局回覆《星島頭條》指，一直有留意各陸路口岸的通關需求，留意到去年農曆新年期間凌晨的跨境旅客數字偏低，會審慎考慮相關情況後，再就今年通關時間作出合適安排。",singtao,local,2025-01-20 00:29
李婉華舊愛身家過億罕談感情生活 5字嘆無奈有弦外之音 曾認有年幼女兒,2025-01-19 21:00:21,https://std.stheadline.com/realtime/article/2048048/即時-娛樂-李婉華舊愛身家過億罕談感情生活-5字嘆無奈有弦外之音-曾認有年幼女兒,"有「最帥展昭」之稱、今年65歲的何家勁，早年憑演出劇集《包青天》中「展昭」一角而攀上事業高峰。及至2013年他淡出幕前，專心在內地發展健康食品的生意，外界估計他已身家過億！何家勁事業有成，亦活躍於社交媒體時常拍片，不過就鮮有披露感情生活。雖然去年他受訪時承認已婚生女，但他在最近上載的影片中回應感情問題十分感觸，惹來網民揣測他感情生變。

何家勁身家過億

轉行從商多年的何家勁，與好友投資3千萬在內地建立健康食品生意王國，他現在多於惠州生活。他在惠州設立佔地5.4萬平方米的「勁家莊」廠房，成為「國家AAA級旅遊景區」。去年其生意版圖更擴展到開cafe賣咖啡及麵包，相信他將越來越富有。

相關閱讀",singtao,entertainment,2025-01-20 00:30
港超｜東方吳宇曦確定轉會 北上投效中甲重慶銅樑龍,2025-01-19 20:55:57,https://std.stheadline.com/realtime/article/2048067/即時-體育-港超-東方吳宇曦確定轉會-北上投效中甲重慶銅樑龍,香港時間周日，東方宣布青訓產品吳宇曦轉會，投效中甲球隊重慶銅樑龍。,singtao,sport,2025-01-20 00:30
詐騙案︱港大要求學生填防騙問卷 「31問」全曝光 網絡情緣佔比最重,2025-01-19 20:40:24,https://std.stheadline.com/realtime/article/2048065/即時-港聞-詐騙案︱港大要求學生填防騙問卷-31問-全曝光-網絡情緣佔比最重,"【內地生/電騙/假冒官員/港漂/防騙問卷】香港大學早前披露，近月逾60名港大學生遇上詐騙案，合共損失超過6,000萬元。有指校方要求來港就讀的內地學生，須先填寫防騙問卷，才可進入部分校園設施。《星島頭條》取得有關問卷，共31條問題，涵蓋電話詐騙、投資詐騙、購物詐騙的手法，當中「網絡情緣投資騙案」的佔比最高，詐騙手法（7條）加「防騙知識」（4條），合共11條問題。

防騙問卷由警方設計 包括常見詐騙手法

問卷亦有提及騙徒的目的，是讓你「脫貧致富」還是「一貧如洗」，亦有詢問填寫者是否願意透過微信群組接受最新防騙訊息。

相關新聞：港漂學生成電騙「重災區」 據悉當局正研究內地生來港前 須先填防騙問",singtao,local,2025-01-20 00:29
跨境電詐︱河南去年審結近4200宗  514「金主」判囚逾5年,2025-01-19 20:20:24,https://std.stheadline.com/realtime/article/2048064/即時-中國-跨境電詐︱河南去年審結近4200宗-514-金主-判囚逾5年,"內地跨境電騙問題嚴重，早前內地演員王星被擄拐到緬甸電詐園區，更讓外界更關注事件。河南及雲南今日（19日）公布審結電詐案件工作。

在校及剛畢業學生獲從寬

其中河南省高級人民法院院長胡道才今日表示，針對涉緬北等電詐及關聯犯罪，2024年，河南審結案件4188宗7702人，對514名幕後「金主」、組織頭目判處5年有期徒刑以上刑罰，對受蠱惑淪為電詐「工具人」的在校及剛畢業學生等依法從寬處理。

另一方面，雲南省高級人民法院代理院長張宏偉稱，2024年，雲南全省法院審結走私、跨境詐騙、偷越國（邊）境等跨境犯罪案件6035件13233人，審結幫信、掩隱等犯罪案件4150件7020人。

相關新聞：緬北",singtao,greater_china,2025-01-20 00:30
印度公開賽｜李卓耀連續２年奪印度站亞軍   馬不停蹄到印尼比賽,2025-01-19 20:12:40,https://std.stheadline.com/realtime/article/2048061/即時-體育-印度公開賽-李卓耀連續２年奪印度站亞軍-馬不停蹄到印尼比賽,"世界排名20的李卓耀周日在新德里舉行的超級750印度公開賽，未能延11日前的爆冷局面，他在決賽跟巴黎奧運金牌得主艾素臣打了41分鐘，港將以16:21、8:21，繼去年再次在印度「福地」取得亞軍，這亦是他2025年第一面獎牌，算是開一個好頭。


      
      
              



      
            
      
    
        
    
  


11日前，李卓耀在大馬公開賽首圈以2:2爆冷擊敗艾素臣，今日被對手還以顏色，在第一局初賽雙方多次拉鋸，可惜在小休後，前世界一哥艾素臣不斷搶分，阿耀先輸16:21，第2局阿耀未能找到對方缺口",singtao,sport,2025-01-20 00:30
內地股票回購增持再貸款去年逾300企使用 四成市值百億以上,2025-01-19 20:03:46,https://std.stheadline.com/realtime/article/2048062/即時-財經-內地股票回購增持再貸款去年逾300企使用-四成市值百億以上,"人民銀行、中證監聯合召開「股票回購增持再貸款座談會」，進一步發揮政策工具穩定資本市場作用。人宜黨委委員、副行長宣昌能，中證監黨委委員、副主席王建軍出席會議並講話。

2024全年上市公司回購計劃近3000億

人行引述金融機構表示，股票回購增持貸款產品，受到上市公司和主要股東廣泛歡迎，2024年全年上市公司披露回購增持計劃近3000億元人民幣，而政策工具實施以來，已有超過300家上市公司發布使用銀行貸款回購增持公告，市值百億以上公司佔比逾40%，政策工具的帶動效應逐步顯現，對維護資本市場穩定運行、提振市場信心發揮了重要作用。

續完善對公司及股東綜合性金融服務

該行續稱，主動開展市值管理的上",singtao,finance,2025-01-20 00:30
麥明詩巨胸巨肚平排隨時生得 金像影后一個舉動 遷就孕媽面露無奈！,2025-01-19 20:00:52,https://std.stheadline.com/realtime/article/2048050/即時-娛樂-麥明詩巨胸巨肚平排隨時生得-金像影后一個舉動-遷就孕媽面露無奈,"33歲「十優港姐」麥明詩（Louisa）去年3月與機師盛勁為（Keith）結婚，6月去馬爾代夫度蜜月即「造人成功」。曾揚言會工作到36周的麥明詩，已懷胎近8個月並已進入孕晚期，胎兒的體重開始加速長大。隨時生得的麥明詩，近日笑指巨肚已經去到要着老公的牛仔褲，但她未有因此煞停玩樂留家安胎，繼續出動四圍去，更要影后劉嘉玲一個尷尬舉動來遷就這位孕媽媽。

麥明詩陀巨肚要穿老公牛仔褲

準媽媽的麥明詩日前在IG的限時動態貼夫妻合照，當時麥明詩身穿米白色樽領上衣披淺啡色毛衣配牛仔褲襯白色粗踭皮鞋，她的巨肚又圓又大仲好立體，她身穿的牛仔褲變了低腰褲，而褲腳摺了很多摺，明顯不是她的。麥明詩在相片上寫上：「去到",singtao,entertainment,2025-01-20 00:30
深水埗女子倒斃劏房廁所 疑觸碰漏電熱水爐,2025-01-19 19:59:47,https://std.stheadline.com/realtime/article/2048060/即時-港聞-深水埗女子倒斃劏房廁所-疑觸碰漏電熱水爐,"深水埗發生屍體發現案，一名44歲姓趙女子昨日（18日）被發現在基隆街一個劏房單位內暈倒，當場證實不治。消息指，女事主倒卧的位置在浴室，懷疑電熱水爐的金屬外殼懷疑有損毀因而漏電，不排除她洗澡前接觸到電熱水爐的外殼而觸電。

現場為基隆街142號一個劏房單位，單位一劏四，趙女3年前因經濟問題，與結婚多年的姓方丈夫分居，之後開始獨自居住上址，但間中會與丈夫聯絡。據悉，死者近期患上急性咽喉炎，早前曾往內地接受藥物治療。


      
      
              



      
            
      
    
        
    
  


據了解，有數名",singtao,local,2025-01-20 00:29
陳曼琪檢閱香港升旗隊總會幼兒隊伍 合唱《我們的家》︱Kelly Online,2025-01-19 19:51:38,https://std.stheadline.com/realtime/article/2048058/即時-港聞-陳曼琪檢閱香港升旗隊總會幼兒隊伍-合唱-我們的家-︱Kelly-Online,2025年幼兒隊伍周年檢閱禮暨親子活動今日（19日）舉行，選委界議員陳曼琪作為主禮嘉賓，觀看幼兒升旗儀式，檢閱幼兒隊伍，為幼兒步操比賽評分，並參與愛國主義教育主題歌曲《我們的家》大合唱和親子步操活動。她致辭時表示，希望大家將家庭的愛和正能量傳遞給每一個人，共同建設一個繁榮穩定、和諧包容的香港。,singtao,local,2025-01-20 00:29
向華強父子「面左左」現身商務艙？向佐一個動作顯不快惹熱議,2025-01-19 19:30:10,https://std.stheadline.com/realtime/article/2048052/即時-娛樂-向華強父子-面左左-現身商務艙-向佐一個動作顯不快惹熱議,"影壇大亨向華強和陳嵐（向太）的兒子向佐近年主力在內地發展，參加過不少綜藝節目，但一直星運平平，早前主演的電影《門前寶地》票房失利，事業未見起色。然而，向佐近期開始以前衛女裝打扮及出位行為博流量，一舉一動都成為話題焦點。日前，有網民在小紅書上分享了一張於飛機上巧遇向華強和向佐的照片，當中兩父子面露不悅，亦未有交流，整個畫面略為嚴肅，亦有網民發現向華強和向佐竟然不是坐頭等艙或私人飛機，大感意外。

向華強兩父子「面左左」現身商務艙？

近日，有網民在小紅書上分享了一張於飛機上巧遇向華強和向佐的照片，並留言：「大大的世界，小小的朋友圈，關於朋友坐飛機在哈爾濱遇到向佐一事。四捨五入=我遇到了向佐」，照",singtao,entertainment,2025-01-20 00:30
中央收膠完結「綠在區區」接力廢膠回收 環保署：大致暢順未收投訴,2025-01-19 19:16:17,https://std.stheadline.com/realtime/article/2048056/即時-港聞-中央收膠完結-綠在區區-接力廢膠回收-環保署-大致暢順未收投訴,"俗稱「中央收膠」的環保署「塑膠可回收物料回收服務先導計劃」已於昨日（18日）完結，廢膠回收服務改由「綠在區區」接手。環保署指，一連兩日巡視各區，市民和屋苑的回收情況如常，各回收站運作大致暢順，無收到任何屋苑對有關服務的投訴，亦沒有發現任何種類的廢膠沒有收集或堆積無人處理。

塑膠回收商由3間增至10間

環保署發言人稱，「綠在區區」營運團體接手廢塑膠收集服務，可以自由將收集到的塑膠交予任何市場上由環保署核准的回收商作處理，從以往先導計劃指定的3個回收商，擴展至現時有10間的下游回收商可以處理。

相關新聞：「中央收膠」先導計劃本月中結束 環保署披露由「綠在區區」接手成本降24%",singtao,local,2025-01-20 00:29
前TVB性感女神內地遇襲？街頭慘叫：謀殺呀！剛事隔多年復出被讚狀態好,2025-01-19 19:00:56,https://std.stheadline.com/realtime/article/2048025/即時-娛樂-前TVB性感女神內地遇襲-街頭慘叫-謀殺呀-剛事隔多年復出被讚狀態好,"現年51歲的姚樂怡（Sherming）是前TVB「電波少女」成員之一，初出道時除樣子甜美外，更憑34C傲人身材成功彈出，曾是不少人心目中的性感女神。姚樂怡2012年嫁給圈外老公吳俊匡（Alan），三年後以42歲高齡誕下女兒吳芊憧（Gaibe、乳名小雞髀），自此便淡出幕前，專心相夫教女。姚樂怡近日與女兒旅遊，卻慘被人以「石頭襲擊」。

姚樂怡帶女兒去哈爾濱玩雪

姚樂怡日前才為女兒慶祝9歲生日，在家中舉行生日會，並邀請了好姊妹的湯盈盈和鍾麗淇及多位好友參與，Gaibe遺傳了媽媽一雙大眼睛、櫻桃小嘴和白滑皮膚，而且身形高䠷，被譽為「最靚星二代」潛力股。姚樂怡不時帶女兒外遊增廣見聞，之前去過阿布扎比",singtao,entertainment,2025-01-20 00:30
泰國總理佩通坦向中國人拜早年  拍片講普通話……,2025-01-19 19:00:26,https://std.stheadline.com/realtime/article/2048054/即時-國際-泰國總理佩通坦向中國人拜早年-拍片講普通話,"蛇年春節臨近，泰國總理佩通坦透過新華社向中國民眾拜年。

佩通坦用普通話說出「新年快樂」。她表示，春節象徵中泰兩國人民之間「由來已久的文化紐帶」，相信這一紐帶將不斷加強，推動兩國間友誼與合作。

相關新聞：KK園區︱泰強化邊境護照檢查 設中英泰文防騙警示牌

早前，自內地演員王星被騙到泰國試鏡，隨即被擄拐到緬甸詐騙園區，事件更揭出更多同類案件。無數原本打算前往泰國的中國遊客，提出取消行程，事件影響依家旅遊收業的泰國。

相關新聞：王星事件︱泰國旅遊業影響浮現？ 布吉業界：很多機票酒店被取消

佩通坦早前更開會商討如何增強遊客對泰國旅遊安全的信心，特別是中國遊客。",singtao,international,2025-01-20 00:30
TikTok禁令｜美初創AI公司交合併標書  周受資：仍有不少潛在買家,2025-01-19 18:50:18,https://std.stheadline.com/realtime/article/2048046/即時-國際-TikTok禁令-美初創AI公司交合併標書-周受資-仍有不少潛在買家,"TikTok於當地時間18日晚，在美國宣布暫停服務。同一天，人工智能搜尋引擎初創公司Perplexity AI表示，他們已經向TikTok母公司字節跳動提出業務合併計劃。TikTok行政總裁周受資表示，TikTok的潛在買家仍「持續排隊中」。

允許投資者保留股權

Perplexity AI證實，該公司已向字節跳動提交合併標書，提議將Perplexity、TikTok美國以及新的資本合作夥伴合併成一個新實體。他們指，新架構將允許字節跳動大部分投資者保留股權，同時為Perplexity增設影片內容平台。

相關新聞：TikTok美國停服務︱應用程式平台下架 字節跳動旗下App同步停運",singtao,international,2025-01-20 00:30
西貢區議員李天賜被捕 涉遲交報稅表 缺席法庭聆訊,2025-01-19 18:49:23,https://std.stheadline.com/realtime/article/2048055/即時-港聞-西貢區議員李天賜被捕-涉遲交報稅表-缺席法庭聆訊,"據悉，西貢區議員李天賜被警方預約拘捕，涉嫌未有按時提交報稅表，不遵從出庭通知書。民政事務總署回覆《星島頭條》查詢時確認，李天賜獲准保釋，將於周一（20日）提堂，現時仍繼續履行職務，但會按法庭裁決及《區議會條例》考慮如何處理。

根據《區議會條例》，如區議員被判處為期超逾3個月而又不得選擇以罰款代替的監禁，不論是否獲得緩刑，都會喪失區議員資格。至於遲交報稅表有何後果？根據《稅務條例》，任何人無合理辯解而未有按時提交報稅表，可被罰1萬港元及少徵收稅款3倍的罰款。",singtao,local,2025-01-20 00:29
古天樂不擔心去泰國被誘騙  年近歲晚未收爐要到大馬宣傳賀歲片 唔會反串女裝：我咁多鬚根,2025-01-19 18:45:56,https://std.stheadline.com/realtime/article/2048049/即時-娛樂-古天樂不擔心去泰國被誘騙-年近歲晚未收爐要到大馬宣傳賀歲片-唔會反串女裝-我咁多鬚根,"今日（19日）古天樂（古仔）以「形象大使」身份與Gin Lee(李幸倪）、朱鑑然、馮重謙、馬志威、湯君慈及范麒智等到沙田馬場出席「時尚賽馬日」活動。形象大使古仔今日親自評選及頒發「最佳服飾大獎」，在評選準則上，古仔表示，要貼切賽馬主題，以往英式時代男士們以一身紳士服打扮而女士除了穿英式服飾外更會打傘，現在有所改變要看大家的創意及配搭。

曾考慮像張國榮一樣反串女裝演出

對於著衫要求，古仔覺得最重要是穿上身舒服、自然，不可衣不稱身。問到有甚麼服裝他不會穿？古仔笑稱，不穿女裝，但過往拍戲時曾試過與鄭中基一起扮女人，並透露，多年前曾想過自己可以好像張國榮般反串女裝在《霸王別姬》那樣演出，問他現在是",singtao,entertainment,2025-01-20 00:30
Gin Lee計劃今年尾紅館開演唱會 想挑戰四面台演出  自爆奪女金無要求男友送禮物,2025-01-19 18:45:17,https://std.stheadline.com/realtime/article/2048051/即時-娛樂-Gin-Lee計劃今年尾紅館開演唱會-想挑戰四面台演出-自爆奪女金無要求男友送禮物,"Gin Lee（李幸倪）今日（19日）到沙田馬場出席「時尚賽馬日」活動擔任表演嘉賓。早前在「叱咤頒獎禮」上奪得女歌手金獎，問她的男友可有為她慶祝及送禮物作為獎勵？Gin笑稱，有與家人、朋友及各界別的人士包括男友慶祝，但自己對物質沒有太多要求，沒有要求男友送禮物。

新年將會放假小休

Gin表示，剛剛在開幕表演時，有自己開演唱會的感覺，之後便問同事自己何時再開演唱會？同事向她透露，計劃今年尾在紅館開演唱會，Gin表示，如能成事希望挑戰四面台演出，她表示，新年將會放假小休叉電，假期後將要準備操練為事業衝刺。",singtao,entertainment,2025-01-20 00:30
珍惜生命｜鑽石山荷李活廣場女子殘廁自劈尋死 送院後不治,2025-01-19 18:42:07,https://std.stheadline.com/realtime/article/2048053/即時-港聞-珍惜生命-鑽石山荷李活廣場女子殘廁自劈尋死-送院後不治,今（19日）午5時30分，一名57歲姓陳女子被發現倒卧在鑽石山荷李活廣場三樓一殘廁裡面，旁邊一把利刀，頸、左手腕有割傷，於是報警求助。救護員到場時，女事主已陷入昏迷，送往聯合醫院搶救後不治，警方在場調查，檢獲兩把菜刀，沒發現打鬥痕迹，相信女事主持刀自劈尋死，案件列作企圖自殺。據了解，女事主有精神病紀錄及因生活問題不開心。,singtao,local,2025-01-20 00:29
40歲高鈞賢4日大囡囡或破香港紀錄！帶愛女出走關古天樂事？,2025-01-19 18:30:21,https://std.stheadline.com/realtime/article/2048033/即時-娛樂-40歲高鈞賢4日大囡囡或破香港紀錄-帶愛女出走關古天樂事,"40歲前香港先生冠軍高鈞賢（Matthew），上月初在社交網發布多張婚照及太太的孕照，宣布與年輕10年的圈外女友雙喜臨門，二人之前已飛往加拿大註冊結婚。11月15日高鈞賢喜得千金高子琳（Liona），囡囡遺傳了爸爸的面形、大鼻子和大嘴巴，十分可愛。新手爸爸高鈞賢急不及待帶囡囡返深圳見其他親友，並替4日大的Liona辦理了一次性的回鄉證及回港證，高鈞賢抱住囡囡辦證件時，更無故將古天樂拖落水！

高鈞賢4日大囡囡申請回鄉證

高鈞賢今日（19日）更新IG，他把兩張古天樂在《神鵰俠侶》飾演楊過的劇照，加上自己左手抱囡囡Liona、右手揸筆寫字的照片拼在一起，並表示：「同樣都係右手渣（揸）劍（筆）！同",singtao,entertainment,2025-01-20 00:30
國家補貼周一實施   蘋果等手機減價至6000元內,2025-01-19 18:15:50,https://std.stheadline.com/realtime/article/2048045/即時-中國-國家補貼周一實施-蘋果等手機減價至6000元內,"商務部早前會同有關部門印發《手機、平板、智能手錶（手環）購新補貼實施方案》。據了解，個人消費者購買手機、平板、智能手錶（手環）等3類數碼產品的補貼標準為，對於單件銷售價格不超過6000元（人民幣‧下同）的產品，按照產品銷售價格的15％給予補貼，每位消費者每類產品可補貼1件，每件補貼不超過500元。

每件補貼不超¥500元

內地極目新聞報道，據了解，有關補貼將於1月20日實施，昨日（18日）有網友發現，為價格符合補貼標準，多款手機集體減價至6000元以內，其中iPhone16 Plus 128G版本更直降千元。

相關新聞：內地補貼消費者購買數碼產品 個人買手機最高補貼¥500元

也有細心",singtao,greater_china,2025-01-20 00:30
尹錫悅被捕｜簽發拘留令法官申人身保護  45支持者闖法院落網,2025-01-19 18:00:29,https://std.stheadline.com/realtime/article/2048044/即時-國際-尹錫悅被捕-簽發拘留令法官申人身保護-45支持者闖法院落網,"南韓首爾西部地方法院於周日（19日）凌晨批准對總統尹錫悅的拘留令，其拘留期限延長20天。尹錫悅支持者隨即闖入法院，破壞門窗玻璃，並與警察發生衝突，迄今己有45人被捕。簽發拘留令的法官車恩京（音譯）向警方請求人身保護。

尹支持者衝擊法院抗議

韓聯社報道，南韓警方指，將對簽發尹錫悅拘留令的法官車恩京採取人身保護措施。警方表示，他們當天上午接獲有關請求，之後在首爾麻浦警察署召開人身保護審查委員會，最終決定將於周一（20日）起，對車恩京進行人身保護。

相關新聞：南韓法院凌晨正式批准逮捕尹錫悅 指可能銷毀證據 支持者闖入法院破壞 與警發生衝突",singtao,international,2025-01-20 00:30
張敬軒因謝霆鋒開騷電話被炸爆攞飛 澄清沒有操控叱咤賽果 獲楊老闆贈送700萬勞斯萊斯為生日禮物,2025-01-19 17:45:41,https://std.stheadline.com/realtime/article/2048043/即時-娛樂-張敬軒因謝霆鋒開騷電話被炸爆攞飛-澄清沒有操控叱咤賽果-獲楊老闆贈送700萬勞斯萊斯為生日禮物,"昨晚在澳門開完演唱會的張敬軒（軒公）今日（19日）出席品牌活動，順便與過千粉絲預祝下月1日44歲生日，軒公表示因漏夜返港故只睡了4小時，現在仍未回魂，又笑言30多年來的生日通常自己過，但去年搞完生日會後覺得幾好玩，加上合作多年的品牌也有周年慶祝，所以也希望可一起開心，問到酬勞是否每年增加？他表示會看市道加或減，認為雙贏才最重要，對於生日願望，他表示希望爸爸媽媽能身體健康和聽話，又透露2月媽媽跟朋友去旅行，所以請了3星期假照顧爸爸，笑言早前因爸爸不滿意自己的電動輪椅，所以要不停幫他改裝換配件，又爆爸爸以前會帶匕首傍身，自己也叮囑他在香港不能這樣，因為帶武器會犯法。

軒公2025年未有開騷打算",singtao,entertainment,2025-01-20 00:30
檢舉狂人︱廣州男年舉報2277宗交通違規  「無獎金但有滿足感」,2025-01-19 17:45:37,https://std.stheadline.com/realtime/article/2048036/即時-中國-檢舉狂人︱廣州男年舉報2277宗交通違規-無獎金但有滿足感,"車Cam成為汽車標備後，除了維護車主權益外，亦成為舉報利器。廣州有市民去年舉報2277宗交通違規，平均一天舉報超過6宗，審核成功的個案亦達1945宗。舉報成癮的他直言，檢舉馬路違規並非有獎金而是追求滿足感。

最高紀錄日舉報逾百宗

據上游新聞報道，廣州男子王健（化名）日前發帖，公開他去年的交通違規紀錄，統計顯示，王健去年共檢舉了2277宗涉及加塞、隨意變道、佔用應急車道等不同的馬路違規個案，當中有1945宗已審批通過，當有63宗在審批中，退回268宗。",singtao,greater_china,2025-01-20 00:30
太空油｜警引入快測包後首次拘捕行動 55歲漢「試紙」結果呈陽性被捕,2025-01-19 17:38:43,https://std.stheadline.com/realtime/article/2048042/即時-港聞-太空油-警引入快測包後首次拘捕行動-55歲漢-試紙-結果呈陽性被捕,"為打擊俗稱「太空油」的依托咪酯新興毒品，警方昨日（18日）起，引入俗稱「試紙」快速檢測工具，以檢測另類吸煙工具是否含有依托咪酯。西九龍衝鋒隊及機動部隊於昨日進行重點巡邏，在油麻地截查一名55歲本地男子，並搜出一粒電子煙彈，人員並於現場使用快速檢測工具，成功驗出該粒電子煙彈含有依托咪酯，人員遂拘捕該名男子，涉嫌「管有第一部毒藥」。


      
      
              



      
            
      
    
        
    
  


同日，衝鋒隊人員於紅磡截查一名31歲本地藉男子，並搜出4粒懷疑含有依托咪酯的電子煙彈，遂以涉嫌「管",singtao,local,2025-01-20 00:29
田北辰大派廣東話潮揮春 一款祝福語最受歡迎︱Kelly Online,2025-01-19 17:31:44,https://std.stheadline.com/realtime/article/2048041/即時-港聞-田北辰大派廣東話潮揮春-一款祝福語最受歡迎︱Kelly-Online,"農曆新年將至，不少人都會準備好揮春過年。傳統揮春賀詞不外乎「財源廣進」「萬事如意」等等，但年過七十的實政圓桌召集人田北辰卻一點都不古板，在元朗和屯門各大商場大派「廣東話潮語」立體揮春。他指，用廣東話潮語做揮春，對街坊來說特別有親切感，他就更不遺餘力，宣傳和傳承國家不同地區獨有文化。

田北辰在社交平台分享，實政圓桌本周六、日在元朗和屯門各大商場舉辦「田叔叔新年工作坊」，同老友記、大、小朋友三代同堂齊齊發揮無限創意，親手畫上獨一無二的圖案，炮製「福」字掛飾。田北辰亦準備有獎問答遊戲，即場問街坊同農曆新年有關的冷知識，答對就送玩味十足的廣東話潮語立體揮春。",singtao,local,2025-01-20 00:29
兩歹徒扮客入荃灣辦館淋紅油 嚇親店主老夫婦,2025-01-19 17:26:30,https://std.stheadline.com/realtime/article/2048040/即時-港聞-兩歹徒扮客入荃灣辦館淋紅油-嚇親店主老夫婦,"荃灣發生淋油案。今日（19日）早上10時許，三陂坊2號地下一間辦館遭兩名男子潑淋紅油，逞兇後逃去無蹤。店主老夫婦立即通知兒子到場及報案，警方將列作刑事毀壞處理。女店主表示，兩名男子年約20多歲，其中一人戴口罩，但表示自己未能看清對方容貌，「我隻眼唔好睇唔到，兩個人淋完油就即刻走喇」。

據了解，兩名男子扮成顧客進入辦館，當時其中一名戴鴨舌帽、口罩的男子右手拿着一個載有紅油的器皿，他們向女店主查問酒價，女店主不以為意拿出一支酒，未幾口罩男突然向女店主及酒櫃潑淋紅油，之後再拿起店內的樽裝飲品亂掟，然後逃之夭夭。

消息指，店主的兒子數年前曾涉及一宗裝修費糾紛，近日有人到辦館撒追債紙條，不排除今次事",singtao,local,2025-01-20 00:29
TikTok禁令｜胡錫進：美國號稱言論自由  打壓手段最野蠻,2025-01-19 17:00:40,https://std.stheadline.com/realtime/article/2048034/即時-國際-TikTok禁令-胡錫進-美國號稱言論自由-打壓手段最野蠻,"美國「不賣就禁」法令生效前夕，TikTok在當地時間18日晚宣布暫停服務。《環球時報》前總編輯胡錫進在社交媒體發文稱，這是人類互聯網發展的一個至暗時刻。

濫用「國家安全」名義

胡錫進表示，TikTok在美國擁有1.7億用戶，然而他們都被政治精英「聯合窒息」，「一個號稱最言論自由的國家做出對網絡最野蠻的打壓」。他指，美國此舉實質上濫用「國家安全」名義。

相關新聞：TikTok美國停服務︱應用程式平台下架 字節跳動旗下App同步停運",singtao,international,2025-01-20 00:30
英超│曼聯今晚對白禮頓 B費：「我地開始踢出魯賓艾摩廉的足球」,2025-01-19 17:00:19,https://std.stheadline.com/realtime/article/2048022/即時-體育-英超│曼聯今晚對白禮頓-B費-我地開始踢出魯賓艾摩廉的足球,"曼聯今晚英超主場對白禮頓，力爭將2025年各賽事不敗走勢增至4場。該隊中場和隊長般奴費南迪斯(B費)表示，經過最近幾場比賽的磨合，以及更多的操練後，他們已經開始踢出領隊魯賓艾摩廉的足球，球隊正走在正確的軌道上。(Now622台今晚10:00直播)

25年3場不敗

踏入2025年，曼聯3場比賽都不敗。球隊首先在英超作客2:2逼和利物浦，繼而於英格蘭足總盃第3圈造訪阿仙奴，在下半場初段踢少一人下賽和1:1，互射12碼取勝晉級。上場就在英超主場3:1反勝修咸頓，成績漸入佳境。",singtao,sport,2025-01-20 00:30
尖沙咀兩餸飯外賣店起火 疑爐頭搶火肇禍,2025-01-19 16:55:29,https://std.stheadline.com/realtime/article/2048038/即時-港聞-尖沙咀兩餸飯外賣店起火-疑爐頭搶火肇禍,"尖沙咀發生火警。今日（19日）下午4時，宜昌街6號一間兩餸飯外賣店突然起火冒煙，冒出大量濃煙，消防到場出動一條喉及一隊煙帽隊灌救，迅速將火救熄，事件中無人受傷。

消防初步相信員工煮食期間爐頭搶火，燒着油煙槽發生火警，事件無可疑。

現場所見，涉事的外賣店牆身被火熏黑，損毀嚴重，廚房亦一片凌亂。事發時由於陣陣濃煙湧出舖外直攻半空，相鄰的便利店亦受波及停電，需要暫停營業。",singtao,local,2025-01-20 00:29
內地新春電影今預售 創最快破億紀錄 《射鵰英雄傳》暫時排名第一,2025-01-19 16:50:28,https://std.stheadline.com/realtime/article/2048037/即時-財經-內地新春電影今預售-創最快破億紀錄-射鵰英雄傳-暫時排名第一,"內地新春檔期電影今日（19日）開啟預售，刷新中國影史新春檔期預售最快破億元紀錄，其中以《射鵰英雄傳：俠之大者》預售排名暫時第一。

據內媒引述燈塔專業版數據指出顯示，2025年新春檔期電影今日開啟預售，總票房僅40分鐘突破1,000萬元（人民幣，下同）；截至下午2時27分，總票房更突破億元，雙雙刷新中國影史新春檔期預售最快突破千萬及突破億元紀錄。

6部電影 5部有IMAX版

報道指出，1月29日（大年初一）當天，共有6部電影上映，暫時以《射鵰英雄傳：俠之大者》、《哪吒之魔童鬧海》及《封神第二部：戰火西岐》分居預售票房榜三甲；其餘3部電影則為《唐探1900》、《蟄龍行動》及《熊出沒·重啟未來",singtao,finance,2025-01-20 00:30
中環寶馬疑越線爬頭 撞兩的士後騎欄,2025-01-19 16:40:29,https://std.stheadline.com/realtime/article/2048035/即時-港聞-中環寶馬疑越線爬頭-撞兩的士後騎欄,"中環發生3車相撞意外。今日（19日）清晨6時許，一輛寶馬私家車沿擺花街行駛，至結志街附近時，疑越線爬頭後失控，撞倒兩輛的士後，再掃欄後騎欄停下。警員到場時，未有發現寶馬私家車的司機，兩名的士司機均報稱頭暈及腰痛，清醒送往瑪麗醫院治理，警方正調查事件。

根據網上圖片所見，欄杆被撞至變形，零件散落一地，涉事寶馬車頭翹起、車身呈45度角騎在欄杆上，而其中一輛捱撞的士，其車尾則嚴重損毀。",singtao,local,2025-01-20 00:29
網傳深圳酒店推¥79餐盲盒自助餐券  食客形容做了「難民」,2025-01-19 16:38:04,https://std.stheadline.com/realtime/article/2048032/即時-中國-網傳深圳酒店推¥79餐盲盒自助餐券-食客形容做了-難民,"近年內地經濟不景，不少人無奈縮減開支，同時又想保持生活質素，這種想法讓一種「剩菜盲盒」自助餐應市。早前，一名叫「白粥」的作者，於微信公眾號「深圳微時光」撰文指，深圳有五星酒店推出售價79元（人民幣‧下同）（約83港元）「剩菜盲盒」自助餐券，大受消費者歡迎。

文章指出，深圳一頓海鮮自助餐，收費最少200元起跳。但如今只要用上79元，就可以品嚐原價200多元的自助餐菜式。這款被深圳打工仔稱為深夜食堂的自助餐盲盒，用餐時間固定在晚上8時半至9時半，盲盒中的菜品取決於當天的顧客，他們吃得少，便留下多一些種類。文中指出，餐券很受歡迎，幾乎一推出即被秒搶。嘗試過的人，有的遺憾相識甚晚。有的則捶胸頓足，認",singtao,greater_china,2025-01-20 00:30
車cam直擊│上水丙崗路七人車路邊過夜  6分鐘被偷走,2025-01-19 16:37:27,https://std.stheadline.com/realtime/article/2048031/即時-港聞-車cam直擊│上水丙崗路七人車路邊過夜-6分鐘被偷走,上水發生偷車案，今（19日）午網上瘋傳兩條短片，一輛停泊於丙崗路的七人車，深宵時份，一輛賊車駛至，確定安全後駛近該七人車，賊人下車偷車，短短6分鐘成功將車偷走。據了解，車主翌日早上取車時，驚見愛車被盜，於是報警，目前未有人被捕。,singtao,local,2025-01-20 00:29
家庭成員英國留學被舉報濫用公屋 網民分享目睹舉報一幕：感受好複雜｜Juicy叮,2025-01-19 16:36:18,https://std.stheadline.com/realtime/article/2048018/即時-港聞-家庭成員英國留學被舉報濫用公屋-網民分享目睹舉報一幕-感受好複雜-Juicy叮,"為致力打擊濫用公屋行為，房委會上周三（15日）推出「舉報濫用公屋獎」，有網民分享目睹舉報一幕，指「成個感受都係好複雜，但有點感嘆」。

該女網民在社交平台Threads發帖，講述親耳和親眼見證「公屋督灰現場」，詳情如下：

家庭成員英國留學被舉報濫用公屋 網民分享目睹舉報一幕：感受好複雜：↓↓↓↓",singtao,local,2025-01-20 00:29
陳偉霆兩姐弟激罕同框 高顏值胞姐獲讚撞樣金像影后！網民：我真以為是XXX,2025-01-19 16:30:40,https://std.stheadline.com/realtime/article/2048023/即時-娛樂-陳偉霆兩姐弟激罕同框-高顏值胞姐獲讚撞樣金像影后-網民-我真以為是XXX,"39歲陳偉霆（William）近年主力在內地發展，早已「升呢」當紅小生，除拍劇外還經常現身於各種綜藝節目，發展得風生水起。日前，有網民在小紅書上發佈了一段陳偉霆姐姐現身劇組探班的影片，兩姐弟因同樣高顏值而引起不少網民熱議，陳偉霆姐姐更獲讚五官氣質激似劉嘉玲！

陳偉霆兩姐弟激罕同框

最近，有網民在小紅書上發佈了一段陳偉霆姐姐現身劇組探班的影片，並留言：「陳偉霆姐姐來劇組探班」，影片中可以見到留著中分髮型的陳偉霆身穿圓領白色T恤及藍色衛衣外套出鏡，而身旁的姐姐則頭戴黑色Cap帽，身穿黑色墊肩西裝外套。片頭陳偉霆就問：「姐姐能不能出道？她一直問我『我像不像劉嘉玲』」，其後陳偉霆姐姐便害羞得撫摸了",singtao,entertainment,2025-01-20 00:30
港漂學生成電騙「重災區」 據悉當局正研究內地生來港前 須先填防騙問卷,2025-01-19 16:28:41,https://std.stheadline.com/realtime/article/2048030/即時-港聞-港漂學生成電騙-重災區-據悉當局正研究內地生來港前-須先填防騙問卷,"【內地生/電騙/假冒官員/港漂/防騙問卷】有不少內地人誤墮「假冒官員」騙案，當中各本地大學的內地生為重災區，日前有一位內地來港就讀香港大學的18歲少女疑涉被騙約920萬港元。據報，港大社科院要求內地生填防騙問卷後，才可進入部分校園設施。消息亦指，本港正與內地當局研究，有意來港就讀的內地生，須先填寫防騙問卷，防止內地學生來港後墮入騙案。

電騙︱內地來港生被騙情況嚴重

香港大學學生會校園電視在社交網表示，港大社會科學學院於1月16日向該院學生發電郵，轉述來自學生發展及資源中心（「CEDARS」）的資訊；電郵以簡體字為題，內容為「聯合打擊現金詐騙行動：保護香港大學學生」，稱近月有超過60名港大學",singtao,local,2025-01-20 00:29
中居正廣性醜聞牽連富士電視台 五大企業怒抽廣告,2025-01-19 16:15:31,https://std.stheadline.com/realtime/article/2048026/即時-娛樂-中居正廣性醜聞牽連富士電視台-五大企業怒抽廣告,"日本前偶像組合SMAP的隊長中居正廣爆出桃色醜聞，更揭露富士電視台有製作人安排女主播、女偶像進行「性招待」，富士電視台社長港浩一日前開記者會交代醜聞，但記者會的安排又備受質疑，引起日媒及網民不滿。

三成廣告贊助商決定撤資

中居正廣的性醜聞不止令其事業受影響，更牽連富士電視台。據日媒《體育日本》報道，社長港浩一舉行記者會翌日，已有約三成的廣告贊助商撤資，包括TOYOTA、NTT東日本、日本生命、明治安田生命、美國家庭人壽保險等5間大企業，汽車品牌TOYOTA表示：「中居的糾紛牽涉出與富士電視台職員有關，經過綜合的判斷，決定撤下廣告。」日媒《日經ONLINE》報道指，富士電視台由千鳥主持的音樂",singtao,entertainment,2025-01-20 00:30
工廈上月成交跌逾22% 沙田租金降幅最大 分析料一簽多行增細單位需求,2025-01-19 16:10:55,https://std.stheadline.com/realtime/article/2048028/即時-地產-工廈上月成交跌逾22-沙田租金降幅最大-分析料一簽多行增細單位需求,"美聯工商舖資料研究部指出，上月工廈註冊成交量錄約160宗，按月跌22.7%，涉及金額11.3億元，按月跌19.8%；租賃市況方面，上月工廈租務成交量錄336宗，按月跌26%。總結2024年，工廈合共錄1,795宗註冊成交，涉及金額146.8億元，按年分別跌9.7%及2.5%。

工商物業售價指數持平

至於反映指標工廈售價走勢的美聯工商物業售價指數（MII）上月報314.2，按月持平。其中，黃竹坑/香港仔/鴨脷洲區的平均呎價按月升幅最高，最新報約5,808元，升幅約1%；跌幅最大為九龍灣區，最新報約4,166元，按月跌1.4%。

新蒲崗新式工廈逾6億成交

焦點成交之中，該行綜合內部資料及市",singtao,property,2025-01-20 00:30
36歲男星疑因突發腦出血猝逝    生前曾做體檢忽視治療出事,2025-01-19 16:00:51,https://std.stheadline.com/realtime/article/2048029/即時-娛樂-36歲男星疑因突發腦出血猝逝-生前曾做體檢忽視治療出事,"內地知名相聲演員許兆呈日前傳出噩耗，終年36歲。許兆呈的友人透露，許兆呈重逾243磅，生前患有心腦血管疾病，卻未有接受治療，不排除因突發腦出血離世。許兆呈病逝消息由好友代為公告：「許兆呈因病於2025年1月16日（農曆臘月十七）與世長辭，享（終）年36歲。」並透露已於昨日（18日）出殯。

許兆呈拍檔悼念

許兆呈是天津的知名相聲演員，以幽默風趣的表演風格，獲得觀眾喜愛。許兆呈的拍檔李雲峰在社交平台發文悼念：「一路走好，哥哥」。對於許兆呈英年早逝，不少網民感到震驚，並慨嘆：「太年輕了，生命無常」。

相關閱讀：2024回顧丨逾20位本地藝人逝世 一代武打巨星與妻子先後猝逝 前TVB金牌綠葉自殺",singtao,entertainment,2025-01-20 00:30
胡楓93歲生日「斜孭袋王」再現人前！LV包包好搶FO 安樂窩激罕曝光牆上掛一物現溫馨,2025-01-19 15:53:10,https://std.stheadline.com/realtime/article/2048027/即時-娛樂-胡楓93歲生日-斜孭袋王-再現人前-LV包包好搶FO-安樂窩激罕曝光牆上掛一物現溫馨,"昨日（18日）是胡楓的93歲生日，一如往年，圈中好友及家人為胡楓送上驚喜生日會，胡楓在去年生日進駐小紅書，在今年的大日子，胡楓當然不忘貼生日會現場片，胡楓拖着曾孫女說：「而家整整一年，得到嘅成績叫過得去，希望以後做多啲節目畀大家睇，希望大大家多啲支持。」

胡楓曾孫女得優良基因

胡楓的曾孫女對着鏡頭說：「Happy Birthday」，年紀小小的曾孫女一點都不怯場，而且還得到胡楓的優良基因，外貌相當標緻可人，但依然不及胡楓的造型吸引，一身潮爆造型示人的胡楓，配上Louis Vuitton的頸巾和包包，「斜孭袋王」再現人前！

相關閱讀：90年代TVB「古裝美人」罕現身為胡楓慶生 知性美氣質登",singtao,entertainment,2025-01-20 00:30
紅色火災危險警告下 元朗山火再起,2025-01-19 15:42:19,https://std.stheadline.com/realtime/article/2048024/即時-港聞-紅色火災危險警告下-元朗山火再起,"紅色火災危險警告下，元朗又再發生山火，今（19日）午2時45分，大樹下東路對開山頭發生山火，火乘風勢捲起濃煙，火舌向山上直攻，消防接報到場撲救，事件中無人受傷。


      
      
              



      
            
      
    
        
    
  


本月11日下午5時31分，元朗雞公嶺山發生火，火線一度由80米蔓延成兩條分別200米及500米的火龍，其後波及鄰近牛潭尾路及壆圍一帶。消防、民安隊及政府飛行服務隊直升機疲於奔命救援，焚燒逾20小時後救熄。",singtao,local,2025-01-20 00:29
北京海底撈｜2男含碎玻璃自殘割嘴  滿口鮮血6度屈錢¥2.3萬,2025-01-19 15:35:22,https://std.stheadline.com/realtime/article/2048014/即時-中國-北京海底撈-2男含碎玻璃自殘割嘴-滿口鮮血6度屈錢¥2-3萬,"北京兩名男子於去年5月，連續6次敲詐勒索海底撈火鍋店，合共涉款2.3萬元（人民幣，下同）。他們利用事先準備的碎玻璃，劃破自己的嘴巴，再滿口是血地向店方勒索金錢。

訛稱牛丸藏碎玻璃

《北京日報》報道，海底撈公開影片顯示，在用餐過程中，一名男子剛夾起牛丸還沒咬到，血就從嘴裡流出來。然後他直接將玻璃碴和牛丸吐到盤中。他呼叫服務員稱，從牛丸中吃到碎玻璃。

相關新聞：敲詐海底撈｜女子將死蟲放進調料碗索賠 被判有期徒刑7個月",singtao,greater_china,2025-01-20 00:30
港大研究揭放生龍躉迅速開枝散葉 「原住民」恐被吃光破壞生態平衡,2025-01-19 15:33:56,https://std.stheadline.com/realtime/article/2048021/即時-港聞-港大研究揭放生龍躉迅速開枝散葉-原住民-恐被吃光破壞生態平衡,"【龍躉／放生／食物鏈／絕種】香港海洋生態竟然受到「放生龍躉」威脅。港大生物科學學院和太古海洋科學研究所生態學家發現，俗稱沙巴龍躉的「老虎斑龍躉混種魚」被放生到香港水域後迅速「開枝散葉」，更已對本地海洋生態系統構成嚴重威脅。專家指，沙巴龍躉是強勢的捕食者，主要捕食本地魚類不常選擇的魚類、甲殼類及頭足類等生物，令食物鏈被干擾且破壞生態平衡，加上牠體型龐大又缺乏天敵，恐怕會進一步成脅本港原有物種存續。

促市民正視放生潛在風險

研究同時顯示，放生活動亦在引入外來物種至本地水域上扮演了關鍵角色，可能影響本港沿岸生態系統的海洋生物多樣性。港大生物科學學院與太古海洋科學研究所教授Celica SCHUN",singtao,local,2025-01-20 00:29
英超│哥迪奧拿離婚原因曝光 與續約曼城有關？,2025-01-19 15:30:46,https://std.stheadline.com/realtime/article/2048005/即時-體育-英超│哥迪奧拿離婚原因曝光-與續約曼城有關,"早前多間媒體報導，曼城領隊哥迪奧拿在上月與妻子莎拉達成離婚協議，結束30年關係。英國《太陽報》周六進一步報導哥帥離婚的內幕，指出分開的導火線是哥迪奧拿和曼城續約，莎拉受夠了丈夫只顧工作而忽視自己，決定分手。

3個月前婚姻關係緊張

《太陽報》引述消息人士透露，哥迪奧拿在去年10月曾飛赴家鄉巴塞隆拿，與在當地生活的妻子莎拉共進晚餐。這是哥帥最喜歡光顧的餐廳，但兩人的神情看起來十分崩緊，那時的感情應該已經出現問題，一位不具名的餐廳侍應表示：「大約3個月前，哥迪奧拿和妻子來過這裡吃飯。他們坐在角落裡，關係看起來有點緊張，哥迪奧拿好似有點生氣。」",singtao,sport,2025-01-20 00:30
胡定欣巡唱鬧爆TVB「負評王」 命令離場！其妻亦無辜遭殃：你點做人太太？,2025-01-19 15:30:04,https://std.stheadline.com/realtime/article/2048017/即時-娛樂-胡定欣巡唱鬧爆TVB-負評王-命令離場-其妻亦無辜遭殃-你點做人太太,"43歲兩屆視后胡定欣，早前於佛山開首個巡迴音樂會，更請得視帝黎耀祥任嘉賓。當時的現場短片陸續被上載到小紅書，其中一條看到胡定欣，竟然指着TVB「負評王」梁競徽，直斥「你究竟是否我朋友」，惹得全場粉絲噓爆、梁競徽尷尬地起身舉手道歉，胡定欣更連梁競徽的太太也鬧埋！

胡定欣唱亂世情侶梁競徽未聽過

有網民於小紅書上載影片，當時胡定欣講述歌曲《亂世情侶》的由來，原本這首歌是由古巨基主唱，其後他找上胡定欣做MV女主角，後來最演變成古巨基、胡定欣合製合唱版。胡定欣當時就問現場粉絲，大家有聽過《亂世情侶》嗎？大量粉絲報以熱情反應，都指有聽過這首歌。

相關閱讀：胡定欣佛山演唱會 跳唱《隆重登場》見真章？",singtao,entertainment,2025-01-20 00:30
拜登任內美股累升近六成 不及奧巴馬及特朗普 一位總統兩任期皆「見紅」,2025-01-19 15:24:07,https://std.stheadline.com/realtime/article/2048015/即時-財經-拜登任內美股累升近六成-不及奧巴馬及特朗普-一位總統兩任期皆-見紅,"特朗普即將正式就任美國總統的同時，亦意味拜登完成其任期。若以2021年1月20日拜登正式上任美國總統至今計，美股三大指數期內全線向上，其中道瓊斯工業平均指數累升41%、標普500指數累升約58%，而納斯達克綜合指數亦累升49%。

奧巴馬兩次任期股市皆大市

不過，上述標指、道指和納指升幅並非近年總統任期最大。其中奧巴馬第一次任期（2009至2013）內，道指、標指和納指就分別累升72%、85%及118%；而奧巴馬第二任期（2013年至2017年）內，上述三大指數亦分別累升45%、52%及77%。",singtao,finance,2025-01-20 00:30
台灣外長林佳龍訪問帛琉   車隊遇禍6人傷,2025-01-19 15:05:43,https://std.stheadline.com/realtime/article/2048013/即時-中國-台灣外長林佳龍訪問帛琉-車隊遇禍6人傷,"台灣的外交部長林佳龍上周三（15日）率團出訪帛琉（又稱：帕勞），隨團工作人員車輛發生意外。事故造成6人送院，台灣的外交部今天證實消息。帛琉警方正在調查事故原因。

林佳龍15日至18日率團出席帛琉總統惠恕仁就職典禮，另率產業團進行考察。台灣傳媒報道，訪問團於17日搭乘巴士返回酒店途中發生嚴重車禍，6名人員傷勢嚴重，即時被送往醫急救。

台灣的外交部今日證實車禍消息，並強調乘坐該車的受傷工作人員沒有生命危險。訪問團員新光醫院院長侯勝茂及衛福部次長林靜儀也參與協助救治，傷者在帛琉期間曾暫留醫院觀察。傷者均已隨團於昨日（18日）返台。",singtao,greater_china,2025-01-20 00:30
珍惜生命︱中國36歲電腦員  柬埔寨賭場墮樓亡,2025-01-19 15:00:48,https://std.stheadline.com/realtime/article/2048012/即時-國際-珍惜生命︱中國36歲電腦員-柬埔寨賭場墮樓亡,"中國有一名36歲的電腦技術員，日前在柬埔寨一間賭場墜樓死亡。

據《柬中時報》報道，墮樓事件發生在16日，一名來自浙江省，職業為「電腦技術員」的男子朱高福，被發現在西港一家賭場墮樓身亡。


      
      
              



      
            
      
    
        
    
  



      
      
              



      
            
      
    
        
    
  


報道指，有另一名中國男子聲稱，事發當日，他在睡覺時看到朱高福起床後自言自言",singtao,international,2025-01-20 00:30
大阪警拘兩中國女  涉飛田新地違規開夜店拉客,2025-01-19 14:39:29,https://std.stheadline.com/realtime/article/2048011/即時-國際-大阪警拘兩中國女-涉飛田新地違規開夜店拉客,"日本警方拘捕兩名中國女子，涉於大阪著名紅燈區飛田新地附近，在沒有牌照下，違規安排女職員在屋酒屋接待客人。

飛田新地為著名紅燈區

據日本媒體報道，大阪警方在16日公佈，拘捕中國籍女子陳為艷及邱夢嬌。",singtao,international,2025-01-20 00:30
春運︱上海4大火車站  明起開始通宵運作,2025-01-19 14:36:07,https://std.stheadline.com/realtime/article/2048010/即時-中國-春運︱上海4大火車站-明起開始通宵運作,"農曆新年將至，上海因應春運需求，明日（20日）起會將上海站、上海南站、上海虹橋站和上海松江站等四大火車站，全部進入通宵營運模式，候車室同步24小時開放。

車站旅客同比增長21.6%

澎湃新聞19日報道，鐵路上海站下轄上海站、上海南站、上海虹橋站、上海松江站、上海西站、南翔北站、安亭西站、安亭北站、金山北站、練塘站獲取上述消息。當日，春運進入第六天，當日該站預計傳送旅客53.0萬人次（上海站14.9萬人次，上海南站6.3萬人次，上海虹橋站27.7萬人次,上海松江站4.1萬人次），同比增長21.6%。",singtao,greater_china,2025-01-20 00:30
山頂公園涼亭粉紅色浪漫 遺一地膠花瓣 網民眼火爆疑私影作怪｜Juicy叮,2025-01-19 14:31:54,https://std.stheadline.com/realtime/article/2048008/即時-港聞-山頂公園涼亭粉紅色浪漫-遺一地膠花瓣-網民眼火爆疑私影作怪-Juicy叮,"山頂公園環境優美，是不少龍友的熱門拍攝勝地。熱門景點之一的公園涼亭昨晚（18日）驚現「粉紅色浪漫」一幕，遠看滿地花瓣法煞是好看，但走近一望卻是一地塑膠貨，大煞了風景，且有亂拋垃圾之嫌。

相關閱讀：疑離婚 街頭怒棄結婚相簿？ 網民發現一重點或解開謎團

山頂公園涼亭一地膠花瓣逐張睇 ＋ 網民睇唔過眼↓↓↓↓",singtao,local,2025-01-20 00:29
俄烏戰爭｜北約F-16丹麥教官遇空襲身亡  曾培訓烏軍逾百飛行員,2025-01-19 14:29:40,https://std.stheadline.com/realtime/article/2048009/即時-國際-俄烏戰爭-北約F-16丹麥教官遇空襲身亡-曾培訓烏軍逾百飛行員,"俄羅斯安全部門透露，丹麥飛行員、F-16戰鬥機教官Jepp Hansen近日於烏克蘭的一個武裝部隊訓練中心遭到導彈襲擊身亡。據悉，他去年來到烏克蘭，並培訓逾百名烏克蘭軍人。

烏軍訓練中心遇襲

今日俄羅斯（RT）、塔斯社等於當地時間18日報道，俄安全部門消息人士表示，Jepp Hansen在烏克蘭中部克里維里赫市（Krivoy Rog）的武裝部隊訓練中心遇襲。俄軍當時使用導彈襲擊該市一座被改建為軍事設施的廢棄大學，該建築物上層被完全摧毀，外牆也遭到嚴重損壞。

相關新聞：俄烏戰爭｜施紀賢訪烏克蘭將簽署條約 承諾保障烏安全100年",singtao,international,2025-01-20 00:30
TikTok美國停服務︱應用程式平台下架   字節跳動旗下App同步停運,2025-01-19 14:20:21,https://std.stheadline.com/realtime/article/2047978/即時-國際-TikTok美國停服務︱應用程式平台下架-字節跳動旗下App同步停運,"在美國「不賣就禁」法令生效前夕，TikTok在當地時間18日晚宣布，將暫時對使用者停止服務。蘋果和谷歌應用程式平台亦已將TikTok下架。

新華社報道，TikTok於美國西岸時間大約18日19時30分開始停止服務，這比外界早前預計比原先時間提早。用戶打開TikTok手機應用程序或官網頁面，會看到一個彈窗通告：「Sorry，TikTok isn't available right now」（對不起，TikTok現已不可用）。 ​

TikTok提早停運

對於TikTok預早暫停服務，國內網民紛紛形容是「先發制人」、「寧為玉碎不為瓦全」，甚至有人留言，「高哥觀車:沒事，他們還有小紅書」。

內",singtao,international,2025-01-20 00:30
青年躺平調查︱近三成人認「已躺平」 大專生稱努力不獲認同：乾脆打機 團體指勿妖魔化,2025-01-19 14:08:58,https://std.stheadline.com/realtime/article/2048006/即時-港聞-青年躺平調查︱近三成人認-已躺平-大專生稱努力不獲認同-乾脆打機-團體指勿妖魔化,"【躺平/內卷/青年/中學生】香港基督教女青年會（女青）今日（19日）發布調查結果，發現有約六成半對「躺平」持正面或中立態度，且近三成受訪者聲稱「已躺平」，躺平行為包括輕鬆生活、不想社交、不追求好成績等。

躺平青年︱調查發現「躺平」可能是衡量利弊後的理性決定

女青認為，中學生只是暫時想休息或沒有找到目標，或平衡利弊後採取的生活態度，強調社會不應妖魔化「躺平青年」。",singtao,local,2025-01-20 00:29
《富爸爸》作者料比特幣今年升至25萬美元 揚言「白銀即將起飛」,2025-01-19 13:56:32,https://std.stheadline.com/realtime/article/2048004/即時-財經-富爸爸-作者料比特幣今年升至25萬美元-揚言-白銀即將起飛,"投資理財暢銷書《富爸爸，窮爸爸》作者羅伯特清崎（Robert Kiyosaki）近日再在社交平台X發文唱好白銀及比特幣，其中預計比特幣今年價格將升至25萬美元。

「比特幣讓致富變得容易」

帖文指出，「白銀即將起飛」，因為供應低、需求增加，並呼籲投資者在白銀價格上漲之前立即買入。

羅伯特清崎在另一帖文中則提到，作為一個老人，必須非常聰明才能致富，但比特幣讓致富變得容易，只需買入及堅定持有，而不能用比特幣致富的人是愚蠢的。

相關文章：

特朗普推迷因幣「TRUMP」掀震盪 市值狂飆至240億美元 大量資金卻做空以太幣

比特幣趁特朗普就職再現炒味 黃國英：無論如何要持貨 MSTR也諗得過",singtao,finance,2025-01-20 00:30
意甲│拿玻里3:2阿特蘭大 前曼聯兵麥湯文尼、盧卡古各入一球 分列首次席射手,2025-01-19 13:41:17,https://std.stheadline.com/realtime/article/2048003/即時-體育-意甲│拿玻里3-2阿特蘭大-前曼聯兵麥湯文尼-盧卡古各入一球-分列首次席射手,"周六意甲，拿玻里憑兩位前曼聯兵麥湯文尼和盧卡古各入一球，在前列大戰作客3:2擊敗阿特蘭大，取得重要3分。而兩位舊魔將今季在到拿玻里後大放異彩，盧卡古今季各賽事已入8球；麥湯文尼就有6球，分別是球隊首、次席射手，是拿玻里在意甲領放的最主要功臣。

拿玻里意甲6連勝

面對主攻的阿特蘭大，拿玻里憑效率和防守反擊致勝，他們全場只有6次射門，較主隊少9次，但3次命中目標就全部轉化成入球，麥湯文尼、盧卡古和鋒將保列坦奴各入一球，最終3:2擊敗有中鋒列基古和翼鋒盧卡文建功的阿特蘭大。拿玻里於意甲已6連勝，包括2025年3場全奏，目前21輪累積50分高踞榜首，比次席、踢少2輪的國際米蘭多6分。",singtao,sport,2025-01-20 00:30
珍惜生命︱上海小學生未考到100分被罵  一家三口先後墜樓亡,2025-01-19 13:06:57,https://std.stheadline.com/realtime/article/2047999/即時-中國-珍惜生命︱上海小學生未考到100分被罵-一家三口先後墜樓亡,"上海日前發生一家三口墜樓死亡悲劇。有小學女生疑因期末考未取得100分滿分，遭母親怪責後從十多樓跳下，母親及父親不堪刺激，相繼墜樓，全部身亡。當地公安暫未就事件通報確認。

官方暫未確認 

據網上流傳的影片及消息指，事發於14日，在上海閔行區一個屋苑，一名小學五年級女生，疑因期末考試沒有考到100分，被母親訓斥。",singtao,greater_china,2025-01-20 00:30
全球百大難頂食物出爐  深受港人喜愛廣式XX竟上榜,2025-01-19 12:33:52,https://std.stheadline.com/realtime/article/2047994/即時-國際-全球百大難頂食物出爐-深受港人喜愛廣式XX竟上榜,"搜羅世界各地美食資訊的網站「世界美食地圖」（TasteAtlas）最近公布2025年全球百大「最難食食物」名單。深受港人熱愛的月餅竟排在名單第25位。今年「榮登」榜首的是瑞典的血煎餅（Blodplättar）。第二及第三位分別是芬蘭的血餃子（blodpalt）及瑞典披薩餃（Calskrove）。「世界美食地圖」總部位於英國倫敦，其名單根據全球近60萬個評分，匯集出網民最討厭的100種食物。

1. 血煎餅

瑞典、芬蘭和挪威都有血煎餅這道料理，它們由傳統的煎餅麵糊製成，並添加動物血液。煎餅口感煙韌，呈現出棕紅色。它們也可添加洋蔥和其他香料，或配合果醬食用。以5顆星為滿分計算，它僅獲得1.6顆星",singtao,international,2025-01-20 00:30
斷骨增高︱央視揭灰色產業鏈  1.5米矮妹為高6厘米致腳噴膿,2025-01-19 12:29:32,https://std.stheadline.com/realtime/article/2047993/即時-中國-斷骨增高︱央視揭灰色產業鏈-1-5米矮妹為高6厘米致腳噴膿,"內地自2006年禁止的「斷骨增高」手術，被央視發現繼續有人用於美容，在網上推銷，甚至有「醫托」安排客戶出國做手術，有受害人在土耳其增高6厘米，卻發生嚴重感染，腿部膿液不斷噴出，多重併發症下，現在走500米也困難。

增高手術費12萬人民幣

據央視報道，去年11月在網上找到一名「醫托」阿迪，聲稱有合作醫生可以幫人增高，費用12萬人民幣，著記者到福建泉州，接受一名孟姓醫生面診，強調對方是醫院院長，技術高超。",singtao,greater_china,2025-01-20 00:30
煤氣公司周三起 各門店免費派蛇年揮春,2025-01-19 12:29:00,https://std.stheadline.com/realtime/article/2047992/即時-財經-煤氣公司周三起-各門店免費派蛇年揮春,"農曆新年將至，煤氣公司（003）設計了兩對蛇年揮春，將於1月22日（周三）起於全港各間TGC煤氣客戶中心免費派發，歡迎市民索取，為大家送上新年祝福，惟揮春數量有限，派完即止。

紅、金兩色為主調

兩對蛇年揮春分別為「時運亨通」、「靈蛇獻瑞」、「蛇來運轉」及「豐衣足食」，以紅、金兩色為主調，其中「時運亨通」及「靈蛇獻瑞」由煤氣公司一位員工揮毫，字體剛勁有力，而「豐衣足食」及「蛇來運轉」則配以靈蛇圖案，既具玩味又充滿喜慶元素。

煤氣公司分店地址如下：

北角煤氣陳列室：北角渣華道363號地下

香港仔TGC：香港仔中心商場第三期地下2號

康怡TGC：鰂魚涌康山道1號康怡廣場北座2樓S23號舖",singtao,finance,2025-01-20 00:30
天水圍栢慧豪廷銀主盤395萬拍賣 低估價19%,2025-01-19 12:17:25,https://std.stheadline.com/realtime/article/2047991/即時-地產-天水圍栢慧豪廷銀主盤395萬拍賣-低估價19,"臨近農曆年，本周拍賣市場仍熱鬧，3場拍賣會共推出122項物業。環亞拍賣行發言人表示，天水圍栢慧豪廷8座高層A室銀主盤，面積約510方呎，開價395萬元，較銀行估價489萬低19%，呎價7,745元，將於1月21日（本周二）拍賣，同場共有58項物業可供競投。


      
      
              



      
            
      
    
        
    
  



      
      
              



      
            
      
    
        
    
  


柴灣",singtao,property,2025-01-20 00:30
祥賭必贏｜張繼聰事前不知老婆獲邀客串 冧爆指人生最大賭注贏到謝安琪返嚟 Kay用13字甜爆回覆,2025-01-19 12:15:15,https://std.stheadline.com/realtime/article/2047988/即時-娛樂-祥賭必贏-張繼聰事前不知老婆獲邀客串-冧爆指人生最大賭注贏到謝安琪返嚟-Kay用13字甜爆回覆,"張繼聰和謝安琪夫妻檔現身，雖然二人在戲中並無同場演出，但張繼聰笑指謝安琪拍攝當日，因要送她到片場而順道探班，「送她上班可以體現到我的…溫柔，差點想講是孝心。」謝安琪即爆他有時會將老婆叫錯做老豆，非常搞笑。

張繼聰指忍笑是他的弱點

張繼聰指事前不知太太被邀請客串演出，但她是一個出色的演員，會找她演出並不出奇。講到蔡卓妍爆他經常爆肚又忍不到笑，張繼聰直言忍笑是他的弱點，就算是自己講笑話都忍不住，所以NG多了都會識做萬歲。",singtao,entertainment,2025-01-20 00:30
祥賭必贏｜邱士縉要MIRROR隊友每人包10場睇戲 蔡卓妍對胡楓五體投地：非常精靈,2025-01-19 11:18:11,https://std.stheadline.com/realtime/article/2047985/即時-娛樂-祥賭必贏-邱士縉要MIRROR隊友每人包10場睇戲-蔡卓妍對胡楓五體投地-非常精靈,"蔡卓妍、邱士縉等晚上（18日）出席電影《祥賭必贏》首映禮，蔡卓妍和邱士縉在戲中演姊弟，邱士縉表示非常榮幸，蔡卓妍指很開心有個靚仔細佬，雖然他很大隻，但因是演姊弟，如有心跳感覺似亂倫，又說拍攝時人人都有爆肚，爆得最多是張繼聰，而且她連自己度出來的笑話都忍不到笑，令其他人亦爆笑，更讚胡楓（修哥）非常厲害，「我本身很尊敬修哥，今次合作完簡直是五體投地，他每次都會做足功課，背好劇本，但我們會臨場改對白，他又完全無問題，非常精靈。」


邀請Joey睇首映可惜有工作在身

邱士縉笑言當你以為修哥沒有聽他們說話，但其實他一直有聽，有需要時就會出聲，問到之後可會與女朋友一起入場看戲？他笑言會，MIRROR隊",singtao,entertainment,2025-01-20 00:30
香港環島賽｜香港亞運帆船代表蔡穎姿、易希澧「拆夥」  各有得著,2025-01-19 11:17:28,https://std.stheadline.com/realtime/article/2047983/即時-體育-香港環島賽-香港亞運帆船代表蔡穎姿-易希澧-拆夥-各有得著,原定在去年10月26日舉行的一年一度新鴻基公司帆船香港環島大賽，因颱風延至本周六舉行，吸引230支船隊共約1500名帆手參賽，焦點之一的杭州亞運49erFX 代表蔡穎姿（Sandy）及易希澧（Maddalena Di Salvo）今仗「拆夥」，前者跟父母合作大帆船，以第8名衝線，易希澧夥拍年僅16歲的普珺麗（Emily Polson）駕駛的49erFX以5小時10分第59名完成比賽。,singtao,sport,2025-01-20 00:30
溫哥華港式快餐店無聲結業  華埠經營逾20年,2025-01-19 11:16:14,https://std.stheadline.com/realtime/article/2047984/即時-國際-溫哥華港式快餐店無聲結業-華埠經營逾20年,"加拿大溫哥華家庭式經營的食肆又少一間，一間在華埠經營逾20年且曾深受歡迎的港式快餐店已無聲告別。位於華埠廣場（Chinatown Plaza）美食廣場內的「民豐快餐」，向來主打粵式小菜和港式炒粉麵，成為華埠街坊和上班族解決兩餐的好去處。

價平量足「鑊氣」夠

店方介紹，他們這裡的食品不但選擇多，而且碟頭十足，價錢實惠。這裡的出品以相宜價錢和有「鑊氣」而聞名，特別推介乾炒牛河和星洲炒米兩道美食，還有燒味供應。

相關新聞：加拿大有業主拒租樓給華人 港移民受歧視 「有朋友無法適應患抑鬱回流」",singtao,international,2025-01-20 00:30
祥賭必贏｜洪嘉豪強調與Ivy So只是朋友 ：唔好搞到人哋  年紀唔細揀另一半想繼續走下去,2025-01-19 11:15:31,https://std.stheadline.com/realtime/article/2047979/即時-娛樂-祥賭必贏-洪嘉豪強調與Ivy-So只是朋友-唔好搞到人哋-年紀唔細揀另一半想繼續走下去,"洪嘉豪晚上（18日）出席電影《祥賭必贏》首映禮，近日盛傳他與COLLAR成員蘇雅琳（Ivy So）拍拖，洪嘉豪表示有看報道，笑言連不問世事的爸爸都知道。他強調與Ivy So是朋友，都有想過為什麼會有這些傳言

洪嘉豪：我都33歲唔好搞到人哋

洪嘉豪指相信是因為一個綜藝節目的片段而引起揣測，「我一早知入面是Win Win，但要有節目效果，而且我們又有一起做廣播劇，所以大家才有揣測。（Ivy So不是你杯茶？）我認識她之後，她是一個對工作很認真，開朗又嚴格的人，相信大家都很喜歡她，大家也包括我，很多人我都很喜歡。（一起做廣播劇可以近水樓台？）要近水樓台就一早得了，我也見到很多奇怪的說法，又說我髮",singtao,entertainment,2025-01-20 00:30
東京大學漸「中國化」  華生佔逾12%惹國安疑慮,2025-01-19 10:57:14,https://std.stheadline.com/realtime/article/2047981/即時-國際-東京大學漸-中國化-華生佔逾12-惹國安疑慮,"日本最高學府東京大學正在逐漸「中國化」，根據統計，東大在校生中有超過12%是中國人。調查發現，背後原因包括中國人追求名牌、中國高考競爭激烈等。有東大教授擔心華生佔比過高有潛在國安風險。

華留學生10年飆升3倍

東大相關人士指出，近年進入東大大學部和研究所的中國留學生人數，持續穩定增長。截至2024年5月，東大的學部生（大學部）約有1.4萬人、研究所學生1.35萬人，合計約2.75萬人，其中，中國留學生有3396人。也就是說，在校生中有超過12%是中國人，而且還沒包括從日本高中畢業、未被計入留學生的中國人，因此實際人數可能更多。

相關新聞：日本校園無差別攻擊 女大生揮鐵鎚砸傷至少8人",singtao,international,2025-01-20 00:30
英超│利物浦2:0賓福特 達雲紐尼斯後備梅開二度 福星另有其人？,2025-01-19 10:45:49,https://std.stheadline.com/realtime/article/2047973/即時-體育-英超│利物浦2-0賓福特-達雲紐尼斯後備梅開二度-福星另有其人,"利物浦在周六英超作客賓福特，憑後備入替的前鋒達雲紐尼斯在補時階段梅開二度贏2:0，驚險地全取3分。這名25歲烏拉圭前鋒包辦2個入球固然是英雄，但福星卻另有其人，翼鋒費達歷高基艾沙87分鐘出場前，球隊34次射門都未能轉化成入球，他出場隊友3射就2次破網；而出場10分鐘策劃1球和交出1次助攻的哈維艾利諾，亦充滿福氣。

利物浦今場狂射37腳

面對擅踢防守反擊的賓福特，利物浦今場炮製一浪接一接的攻勢，可是一直久不下，直到補時階段才連入2球反勝。補時1分鐘，右閘阿歴山大阿諾特右路傳中，達雲紐尼斯快腳射入，領先1:0。3分鐘後，紅軍策動快速反擊，費達歷高基艾沙傳予另一位後備上陣的鋒將哈維艾利諾，後者再",singtao,sport,2025-01-20 00:30
軍工系｜「殲-20」之父楊偉 被免中國航工集團副總經理,2025-01-19 10:29:26,https://std.stheadline.com/realtime/article/2047976/即時-中國-軍工系-殲-20-之父楊偉-被免中國航工集團副總經理,"伴隨着軍方反腐風暴，軍工央企也風起雲湧！昨日中國航空工業集團官網「領導團隊」欄目最新顯示，中航工業總經理郝照平、副總經理楊偉的簡歷訊息已被撤下。楊偉是中國「殲-20」隱形戰機總設計師，有「殲-20之父」之稱。

殲-20追上世界頂級水平

中國軍事工業中，航空方面一直落後於西方，直至「殲-20」隱形戰機出現，才能追上世界頂級水平，它的總設計師楊偉也成為軍工界無人不識的人物。楊偉是中國科學院院士、十九屆中共中央候補委員。",singtao,greater_china,2025-01-20 00:30
特朗普2.0｜「邊境沙皇」預告：上任即全國搜捕非法移民,2025-01-19 10:08:53,https://std.stheadline.com/realtime/article/2047975/即時-國際-特朗普2-0-邊境沙皇-預告-上任即全國搜捕非法移民,"特朗普新政府將於當地時間周一上台，有「邊境沙皇」之稱的候任移民及海關執法局局長霍曼預告，在特朗普就職總統翌日，全國將會大規模搜捕及遣返非法移民。

首先搜捕威脅公共安全個案

《華爾街日報》報道，當局21日將派出100至200人到芝加哥，持續一周搜捕非法移民，特別是有犯罪背景的人。不過，霍曼接受霍士新聞訪問時表示，芝加哥只是其中一個地點，有關行動覆蓋全國；並稱已向執法官員下令，首先集中於最惡劣及威脅公共安全的個案，但亦強調無任何非法移民能幸免。

相關新聞：特朗普1月20日上任美國總統 就職典禮8大重點率先睇",singtao,international,2025-01-20 00:30
內地去年954萬人出生  七年來首次回升,2025-01-19 09:54:52,https://std.stheadline.com/realtime/article/2047972/即時-中國-內地去年954萬人出生-七年來首次回升,"1月17日，國家統計局發佈的資料顯示，2024年年末全國人口140828萬人，比上年末減少139萬人。全年出生人口954萬人，人口出生率為6.77‰；死亡人口1093萬人，人口死亡率為7.76‰；人口自然增長率為-0.99‰。

龍年效應助催生

就此，國家統計局人口和就業統計司司長王萍萍在解讀文章中稱，2024年，全國出生人口為954萬人，比2023年增加52萬人，自2017年以來首次回升，主要受近幾年生育意願累積、各地生育支援政策逐漸落實以及龍年生肖偏好等因素影響，但也要看到育齡婦女特別是生育旺盛期育齡婦女仍在減少，對我國下階段出生人口依然存在影響。",singtao,greater_china,2025-01-20 00:30
特朗普推迷因幣「TRUMP」掀震盪 市值狂飆至240億美元 大量資金卻做空以太幣,2025-01-19 09:45:57,https://std.stheadline.com/realtime/article/2047971/即時-財經-特朗普推迷因幣-TRUMP-掀震盪-市值狂飆至240億美元-大量資金卻做空以太幣,"隨着特朗普即將正式就任美國總統，比特幣價格亦重上10萬美元大關，並一度逼近10.6萬美元水平；更令市場意外的是，特朗普昨日在Truth Social和X上的賬號上，宣布推出個人迷因幣（Meme Coin）「TRUMP」，用戶需造訪「gettrumpmemes」網站才能取得該幣，隨即掀起搶購潮，理論市值已突破240億美元。不過，消息亦引發幣圈震盪，有大量資金進場做空以太幣，最新報約3,340美元，跌約3.6%；比特幣則微跌0.08%至104,359美元。

稱旨在「頌揚不退縮領導者」

特朗普發文表示，「是時候慶祝我們的勝利了！加入我的特朗普社區（Trump Community），拿到你的TRU",singtao,finance,2025-01-20 00:30
超級750印度公開賽｜11日前爆冷勝艾素臣   阿耀周日決賽有望破５年多冠軍荒,2025-01-19 09:30:03,https://std.stheadline.com/realtime/article/2047969/即時-體育-超級750印度公開賽-11日前爆冷勝艾素臣-阿耀周日決賽有望破５年多冠軍荒,"世界排名20的李卓耀再在印度「福地」發威，周六晚在新德里舉行的超級750印度公開賽準決賽在68分鐘激戰中以2:1反勝中國的翁泓陽，繼去年同一個比賽再次躋身周日晚約6時半的決賽，跟巴黎奧運金牌、丹麥的艾素臣（Viktor Axelsen）爭取2025年首冠，這對決亦是本月7號大馬公開賽首圈翻版，當時勝方是阿耀，港將有望破５年多冠軍荒。


      
      
              



      
            
      
    
        
    
  



阿耀周六面對比自己排名低一位的翁泓陽，第一局開段港將曾領先5:1，小休前還有一分領先優勢（1",singtao,sport,2025-01-20 00:30
北京將辦全球首個機械人「半馬」賽事,2025-01-19 09:15:33,https://std.stheadline.com/realtime/article/2047968/即時-中國-北京將辦全球首個機械人-半馬-賽事,"人形機械人產業正在全球冒起，有望成為繼電腦、智能手機、新能源汽車之後的又一顛覆產品。北京經濟技術開發區（又稱北京亦莊）昨日公布，全球首個人形機械人馬拉松將於今年上半年與2025北京亦莊半程馬拉松共同起跑。

擬辦各種運動賽事

經過多年發展，人形機械人已從最初的概念驗證階段逐漸進入到實際應用場景。剛結束的北京兩會，北京市政府工作報告明確指出，將舉辦世界人形機械人「一會一賽」。「一會」指擬於今年8月舉辦世界人形機械人運動會，包括田徑、足球、綜合技能等賽事。

相關新聞：未來世界？︱深圳街頭現超逼真機械人 「嚇倒」NVIDIA專家",singtao,greater_china,2025-01-20 00:30
又有軍工巨頭神隱  中核董事長缺席反腐會議,2025-01-19 09:13:58,https://std.stheadline.com/realtime/article/2047967/即時-中國-又有軍工巨頭神隱-中核董事長缺席反腐會議,"又有軍工巨頭神隱！中國核工業集團集團2025年黨風廉政建設和反腐敗工作會議前天在京召開，集團高層幾乎都現身，獨缺黨組書記、董事長余劍鋒。國務院前天召開廉政工作會議，出身航天系的工業和信息化部部長金壯龍再度缺席。

工信部長金壯龍再度缺席",singtao,greater_china,2025-01-20 00:30
星巴克擬3月裁員 前線員工獲保留 稱不影響店內投資,2025-01-19 09:05:02,https://std.stheadline.com/realtime/article/2047966/即時-財經-星巴克擬3月裁員-前線員工獲保留-稱不影響店內投資,"連鎖咖啡店星巴克（Starbucks，SBUX）行政總裁Brian Niccol在一份備忘錄中表示，將作出艱難的決定和選擇，裁減職位以提高營運效率，並作為公司扭虧計劃的一部分，預計員工將於今年3月初收到通知；不過，咖啡師和門市其他前線員工將獲保留，亦強調不會影響店內投資。

層級太多或拖慢發展

他又表示，集團目前規模和結構可能會拖慢發展速度，因為層級太多，而未來小型團隊的管理者將專注於協調工作。

備忘錄中沒有提及受影響員工人數。截至去年9月29日，星巴克在全球有約36.1萬員工，其中美國員工有21.1萬人，大部分是門市員工，企業層面員工則約1萬人。",singtao,finance,2025-01-20 00:30
KK園區︱泰強化邊境護照檢查  設中英泰文防騙警示牌,2025-01-19 09:03:00,https://std.stheadline.com/realtime/article/2047965/即時-中國-KK園區︱泰強化邊境護照檢查-設中英泰文防騙警示牌,"電騙陰影籠罩泰國，重創遊客信心。近日泰國軍方在多個邊境地區設置中英泰文警示牌，同時加強對外國護照的檢查，提示民眾遊客謹防詐騙。泰國總理佩通坦前日開會商討如何增強遊客對泰國旅遊安全的信心，特別是中國遊客。

泰媒報道，泰國警方近日製作了大型警示海報，以中文、英文和泰文標註資訊，提醒民眾及外國遊客警惕詐騙風險。海報分布在12個關鍵地點，包括4個安全檢查站和8個泰緬邊境通道。",singtao,greater_china,2025-01-20 00:30
蘇州日本母子遇襲案  共同社：周四宣判,2025-01-19 08:53:21,https://std.stheadline.com/realtime/article/2047964/即時-中國-蘇州日本母子遇襲案-共同社-周四宣判,"共同社引述日本政府消息人士透露，去年6月在江蘇蘇州市發生的日本母子遇襲案，蘇州市中級人民法院將於周四對50多歲的中國籍男疑兇作出宣判。

案發於去年6月24日，一名30多歲日本女子和其兒子在巴士站等候校車期間，被人用刀割傷。試圖阻止疑犯行兇的中國籍校車女保母胡友平被刺中，傷重不治。疑犯當場被捕，去年11月底被起訴。",singtao,greater_china,2025-01-20 00:30
英超│阿仙奴領先又被追和 對前10名只得2勝 2大問題仍然存在,2025-01-19 08:47:40,https://std.stheadline.com/realtime/article/2047963/即時-體育-英超│阿仙奴領先又被追和-對前10名只得2勝-2大問題仍然存在,"阿仙奴在周六英超領先2球下，主場被阿士東維拉逼和2:2，近5場各賽事只計法定時間僅得1勝3和1負。同時槍手今季的兩大問題仍然存在，首先是欺善怕惡，連同今仗球隊本季聯賽11次面對頭10位球隊，僅得2勝；而今屆英超領先下總共失了12分，是近5季最多。

6分落後少踢一輪的利物浦

今場阿仙奴大部份時間主導比賽，還一度輕鬆領先2球，可是最終於60和68分鐘連失2球，將本已入袋的3分交還出來，僅得1分，完成22輪後累積44分，比踢少一輪的利物浦少6分，要後上奪冠難度頗大。",singtao,sport,2025-01-20 00:30
習近平同駐京部隊老幹部觀看文藝表演,2025-01-19 08:43:04,https://std.stheadline.com/realtime/article/2047962/即時-中國-習近平同駐京部隊老幹部觀看文藝表演,"春節將至，中央軍委按慣例前晚在京舉行「慰問駐京部隊老幹部迎新春文藝演出」。中央軍委主席習近平觀看演出，並向在座的離退休老幹部致以節日問候，了解他們身體和生活情況。中央軍委副主席張又俠、何衛東，中央軍委委員劉振立、張升民，以及原中央軍委副主席曹剛川、范長龍等一同觀看。

央視報道稱，現場人士表示要深入貫徹習近平強軍思想，貫徹軍委主席負責制，為全面推進強國建設、民族復興偉業作出積極貢獻。",singtao,greater_china,2025-01-20 00:30
KK園區︱西安大學生疑被賣入詐騙園區 自稱參加電競失聯身處中越邊境,2025-01-19 08:39:29,https://std.stheadline.com/realtime/article/2047960/即時-中國-KK園區︱西安大學生疑被賣入詐騙園區-自稱參加電競失聯身處中越邊境,"陝西西安某大學學生小段寒假期間自稱要離家參加電競比賽，近日失聯，疑被賣到東南亞詐騙園區。警方調查證實，本月16日晚他從廣西附近的中越邊境出境，現正「走水路」，需約3天才知會到哪國。據稱，大學附近網吧常有人以幫助學生參加電競比賽為由進行引誘，已有不少無社會經驗的青少年上當。此前公安部指出，境外詐騙集團作案手法加速翻新，為各背景人士量身訂製「詐騙劇本」。

▍中國組 ▍

19歲的小段是西安某大學大一學生，本月11日學校放寒假，他告訴家人自己要參加一個CS（槍戰競技遊戲）電競比賽，比完後就回家。12日晚小段告訴媽媽段女士，所在隊伍成功晉級。13日下午，小段稱自己「又贏了」，下一場8強賽在17日，比",singtao,greater_china,2025-01-20 00:30
新盤貨尾市場沽13伙 畢架山BEACON PEAK逾3703萬成交,2025-01-19 08:39:25,https://std.stheadline.com/realtime/article/2047961/即時-地產-新盤貨尾市場沽13伙-畢架山BEACON-PEAK逾3703萬成交,"新盤餘貨市場昨單日沽約13伙，世茂旗下畢架山豪宅項目BEACON PEAK以招標方式沽3伙，套現逾9,366萬，其中6座17樓A室，面積1,555方呎，以3,703.08萬成交，呎價約23,814元。

DOUBLE COAST一房賣571萬

由會德豐地產、恒基、中國海外及新世界合作發展的啟德現樓新盤DOUBLE COAST I，昨再添成交，為3座30樓L室，面積320方呎，屬1房戶，開放式廚房設計，以571.3萬成交，呎價約17,853元。

洪水橋滙都兩房452萬成交

泛海國際洪水橋大型住宅項目滙都昨連沽3伙，成交價介乎347.7萬至452.38萬，呎價約10,288至10,496元，",singtao,property,2025-01-20 00:30
長實攻德國安老院業務 擬擴至更多歐洲國家 分析：較發展地產吸引,2025-01-19 08:30:18,https://std.stheadline.com/realtime/article/2047959/即時-財經-長實攻德國安老院業務-擬擴至更多歐洲國家-分析-較發展地產吸引,"長實（1113）最近斥資3億歐羅（約24億港元）收購德國一系列護老房屋項目，令相關資產規模增至約191億港元。市場人士指，近年環球政經形勢劇變，做生意墨守成規、故步自封，很難找到出路。長實執行委員會委員趙汝成表示，是次項目內部回報率達雙位數，與收購策略一致，正積極將支援房屋版圖擴展至更多歐洲國家。

內部回報率達雙位數

長實減少地產投資，趨向高回報率及能提供穩定收入之項目發展。而德國護老房屋項目內部回報率（IRR）為雙位數，亦是只有大約6%的香港物業發展難以達至水平，物業發展投資額高昂，利息環境、建築成本、市場需求等存在不確定性，投資風險龐大。

多地物色項目 瑞典小試牛刀

長實在2023",singtao,finance,2025-01-20 00:30
美國會預算辦公室料財赤1.87萬億美元 未來數年漸減後或反彈,2025-01-19 08:18:06,https://std.stheadline.com/realtime/article/2047958/即時-財經-美國會預算辦公室料財赤1-87萬億美元-未來數年漸減後或反彈,"美國國會預算辦公室（CBO）預測，截至今年9月底止2025財年，美國財赤為1.87萬億美元，相當於國內生產總值（GDP）約6.2%。CBO預測，美國財赤未來數年將逐年減少，至2027年降至1.687萬億美元，相當於GDP約5.2%；但2033年財赤會反彈至2.637萬億美元，相當於GDP約6.5%。

公共債務恐破二戰後紀錄

另外，該辦公室警告，美國政府4年後將打破二戰後創下的債務紀錄。到2029年，美國的公共債務與GDP佔比料達107%，超過1946年二戰剛結束時創下106%的紀錄。

到2035年，債務總額料達52.1萬億美元，相當於GDP的118.5%。",singtao,finance,2025-01-20 00:30
據報特朗普計劃上任後訪問中國 雙方代表正進行磋商,2025-01-19 08:10:18,https://std.stheadline.com/realtime/article/2047957/即時-國際-據報特朗普計劃上任後訪問中國-雙方代表正進行磋商,"《華爾街日報》報道，美國當選總統特朗普已告知顧問，他計劃在就職後訪問中國。知情人士透露，特朗普希望在上任後的前100天內開啟訪華之行。

據報，特朗普與習近平已透過各自代表就面對面會晤的可能性進行磋商，其中一個方案是特朗普將邀請習近平訪問美國。中國駐華盛頓大使館尚未就相關消息發表評論。


      
      
              



      
            
      
    
        
    
  


特朗普即將在星期一（1月20日）正式就職。此前北京當局通報稱，中國國家副主席韓正將出席就職典禮。分析認為，習近平與特朗普通話並派韓正出席典禮，",singtao,international,2025-01-20 00:30
溫哥華新盤間隔多元 售價380萬起,2025-01-19 08:00:31,https://std.stheadline.com/realtime/article/2047397/即時-地產-溫哥華新盤間隔多元-售價380萬起,"加拿大溫哥華為港人升學、移居的熱門地，當地亦有不少全新住宅項目發售，最新來港推售的W68，售價約由加幣70萬起，折合港幣約380萬。

項目只有10層高

由Westland Living發展，位於溫哥華Granville Street及West 68th Ave.交匯處的W68，項目由著名建築事務所Chris Dikeakos Architects設計。

項目只有10層高，地下設有商舖，2樓為辦公空間，3樓至10樓為住宅部分，合共提供64個單位，每層設有8戶，設有開放式至3房多元化間隔，面積介乎344至958方呎，項目售價由加幣約70萬起，折合港幣約380萬。",singtao,property,2025-01-20 00:30
英超│阿仙奴2:2阿士東維拉 夏維斯絕殺入球被判手球 維拉射手：「佢有啲慘﹗」,2025-01-19 07:42:24,https://std.stheadline.com/realtime/article/2047956/即時-體育-英超│阿仙奴2-2阿士東維拉-夏維斯絕殺入球被判手球-維拉射手-佢有啲慘﹗,"周六英超尾場，阿仙奴主場對阿士東維拉在領先2球下，最終被逼和2:2。槍手原本於88分鐘射成3:2，絕殺功臣更是近期屢受批評的前鋒夏維斯，隊友米基爾馬連奴的射門省中其身體改變方向破網，可是球證認為是省中手而判入球無效，令他未能做英雄，維拉射手奧尼屈堅斯亦同情他，指自己進到的角度不似手球。

阿仙奴領先2球被追和

阿仙奴今場大部份時間取得優勢，並在34分鐘打破僵局。翼鋒李安度杜沙特左路發難底緞傳中，右翼加比爾馬天尼利撞射破網領先1:0。他們在55分鐘再下一城，同時是左路的攻城，杜沙特再於左路突破地波傳中，夏維斯前柱快腳撞射得手，領先至2:0。正當以為槍手全取3分之際，維拉8分鐘內連入2球扳平，首",singtao,sport,2025-01-20 00:30
青島女子買下日本70萬平方米小島  今年夏季將帶員工去團建,2025-01-19 07:30:00,https://std.stheadline.com/realtime/article/2047862/即時-中國-青島女子買下日本70萬平方米小島-今年夏季將帶員工去團建,"36歲的中國青島姑娘張書卿，2023年初曾於網上爆紅，因為當時她號稱擁有日本沖繩一座無人小島「屋那霸島」，並在網上暱稱「島主老張」發布影片，引發熱議。張書卿近況如何？買下小島之後有什麼進展？

嫁日本華裔富豪

能買島，這家庭背景和經濟實力不得十分強大？對於很多網友的猜測，張書卿坦言，出身於普通家庭，從小爸媽就分開，她是母親一手帶大的。後來去日本讀書，認識了初戀馬先生，3個月就閃婚，丈夫是日本華裔，家庭條件很好，其中一項家族業務就是特殊土地買賣。",singtao,greater_china,2025-01-20 00:30
倫敦新盤入門價428萬 提供1房至3房,2025-01-19 07:00:56,https://std.stheadline.com/realtime/article/2047395/即時-地產-倫敦新盤入門價428萬-提供1房至3房,"英國為港人投資物業主要的歐洲國家，當地近年不少新盤銷售，最新來港推售位於倫敦的Royal Gateway，售價約由英鎊45萬起，折合港幣約428萬。

面積419至1146方呎

由英國著名發展商Barratt London發展，位於倫敦的Royal Gateway坐落於Borough of Ealing內的Acton區，佔地4英畝，建有6幢16層高的紅色及淡黃色磚住宅物業，享有倫敦的壯闊景致，由著名建築師事務所Allies and Morrison所打造，大部分單位均採用雙向設計，所有內園景單位均恍若置身園林之中。

為了配合該項目的命名，每幢大廈均以不同的寶石切割而命名，第1期名為Marq",singtao,property,2025-01-20 00:30
專欄 陳炳安│森林高幾班穩操「聖」券,2025-01-19 07:00:55,https://std.stheadline.com/realtime/article/2047911/即時-體育-專欄-陳炳安│森林高幾班穩操-聖-券,"英格蘭超級聯賽踏入2025年，剛於周中完成的賽事中，今季異軍突起的諾定咸森林勇態持續，能夠與榜首利物浦握手言和，球員的比賽態度值得肯定之餘，整體發揮亦保持水準，今夜主場迎戰榜尾修咸頓，他們只要穩打穩紮戒驕戒躁，延續過去8仗7勝1和的理想佳績機會甚濃。

諾定咸森林上季一度深陷降班危機，今屆能夠置身前列實始料不及，領隊紐奴採取的策略明顯帶來影響，當中一對中堅米蘭高域、梅里路以至中鋒基斯活的表現絕對物超所值，連同艾利阿治安達臣、傑斯韋治等年輕新秀大熟大勇，球隊前中後三線人腳頗為平均，配合知己知彼打法，能夠躋身前列全非僥倖。適逢對手聖徒整體實力屬「有限公司」，攻力疲弱之餘防線經常錯漏百出，今夜客場出",singtao,sport,2025-01-20 00:30
英超│防反專家未必穩「聖」 諾定咸森林博「細」更划算,2025-01-19 07:00:54,https://std.stheadline.com/realtime/article/2047916/即時-體育-英超│防反專家未必穩-聖-諾定咸森林博-細-更划算,"足智彩球賽編號：FB6343
諾定咸森林 VS 修咸頓
Now623，Viu 96台今晚10:00直播
推介：入球大細[2.5/3球]細

諾定咸森林近期有越戰越勇之勢，強如利物浦亦只能跟其打成平手，然而，森林一向以防守反擊為主，在主攻的格局表現只一般，季內在主場只曾一次以多於1球取勝，今場即使面對榜尾的聖徒修咸頓讓一球/球半風險仍高，客隊攻力弱，近6場只入兩球，入球大細兩球半/三球細盤穩陣而值博。",singtao,sport,2025-01-20 00:30
專欄 蔡育瑜│憶省港盃的外援足跡,2025-01-19 07:00:54,https://std.stheadline.com/realtime/article/2047912/即時-體育-專欄-蔡育瑜│憶省港盃的外援足跡,"星期三傍晚直播省港盃首回合，坐在螢光幕前的我即時泛起一幕又一幕的回憶，我曾參與第1至第4屆省港盃，當中有樣東西很樂意跟讀者們分享的。

第4屆舉行前，廣東足協跟香港足總達成協議，為了提高比賽的競爭性及叫座力，同意香港的註冊外援可以參與，外援上陣的最多名額是5個，而我記得當年上陣的5個外援分別是龍門嘉納、後防韋伯、中場迪莊、翼鋒沙尼以及中鋒列治。經此之後這個傳統賽事常見外援們留下足跡。

那一年香港精英盡出再加上來自德國、荷蘭及澳洲的多位外援，廣東省也只是稍為落下風而已，可見廣東隊的實力比港隊更扎實，沒有外援的介入，香港不容易贏得第4屆省港盃。蔡育瑜",singtao,sport,2025-01-20 00:30
專欄 葉鴻輝│迪亞路別走上福仔歪路,2025-01-19 07:00:49,https://std.stheadline.com/realtime/article/2047913/即時-體育-專欄-葉鴻輝│迪亞路別走上福仔歪路,"拉舒福特在曼聯前途未卜之際，今季在魯賓艾摩廉上任後獲委以重任的阿密特迪亞路就表現爆發，成為曼聯今季的一大驚喜亮點。周中對修咸頓的賽事，曼聯憑?阿密特迪亞路在比賽最後階段連入3球，成功反勝位處榜尾的修咸頓，阿密特迪亞路亦完成個人職業生涯首個帽子戲法。

太受關注會影響心態

對於阿密特迪亞路的突出表現，艾摩廉除了感謝他對球隊的貢獻外，亦有指出年紀尚輕的阿密特迪亞路仍有很多地方需要進步。此說話不單止是對他有更高的要求，而是更希望保護他的成長之路，避免傳媒或球迷對阿密特迪亞路有過度的期望。作為球員出身的艾摩廉深明年輕球員突然受到外界的關注和期望會影響他們的發展，例如過大的心理壓力或過度自我膨脹等的因",singtao,sport,2025-01-20 00:30
意甲│萊切進攻乏術 捧卡利亞里主勝無走雞,2025-01-19 07:00:44,https://std.stheadline.com/realtime/article/2047922/即時-體育-意甲│萊切進攻乏術-捧卡利亞里主勝無走雞,"足智彩球賽編號：FB6304
卡利亞里 VS 萊切
香港時間今晚10:00開賽
推介：主客和主勝

卡利亞里現時雖只排在意甲第18位，從入球數字上亦只屬中下游水平，然而其整體運作卻頗為出色，創造黃金機會的次數排在聯賽第5位，只是把握力較差而已，最近兩場取得4分絕不令人意外，今場面對攻力最弱的萊切，主勝值得追捧，若走勢回穩可視之為下半季的最佳投注對象。",singtao,sport,2025-01-20 00:30
英超│曼城回勇打落力狗 半場「客勝」放心捧場,2025-01-19 07:00:40,https://std.stheadline.com/realtime/article/2047923/即時-體育-英超│曼城回勇打落力狗-半場-客勝-放心捧場,"足智彩球賽編號：FB6342
葉士域治 VS 曼城
Now621、611台周一凌晨12:30直播
推介：半場讓球[-0.5/-1]客勝

主隊葉士域治今場仍有次席射手施姆迪斯因傷未能上陣，本身疲弱的攻力雪上加霜， 作客的曼城近態已比早前回升不少，射手艾寧夏蘭特周中簽下賣身契，此子面對弱隊特別醒神，而球隊最近4場全數先入球，當中有3場在換邊前已開紀錄，今仗可望由頭贏到尾，半場讓球半球/一球足水抵玩。",singtao,sport,2025-01-20 00:30
專欄 郭嘉諾│愛華頓病急亂投醫 莫耶斯難起死回生,2025-01-19 07:00:35,https://std.stheadline.com/realtime/article/2047906/即時-體育-專欄-郭嘉諾│愛華頓病急亂投醫-莫耶斯難起死回生,"英超今晚上演愛華頓迎戰熱刺的大戰，亦是新任領隊莫耶斯重返球會執教的第2場主場賽事。其實愛華頓自從莫耶斯離開後，經歷了馬天尼斯、朗奴高文、馬高施華，甚至安察洛堤及賓尼迪斯等教頭上任，戰績一直飄忽。該隊上季經歷奇蹟護級的成功，今季又打回原形，總需要轉換球隊方針，才有突破。這次莫耶斯重返球會，相信要令愛華頓起死回生，機會微乎其微，但起碼球迷會歡迎這位曾為球會立下不少汗馬功勞的領隊回歸，是暫時為止最好的一個選擇。

愛華頓現時排名暫時脫離降班區域，但仍是有降班危機。球隊上月初大敗予曼聯後，曾經出現一段小陽春，曾主場贈狼隊4隻光蛋，之後面對阿仙奴車路士曼城都能保持不敗，經歷了一輪士氣波，但隨即又迎來3連",singtao,sport,2025-01-20 00:30
意甲│作客帕爾馬有力一拼 威尼斯受讓值博,2025-01-19 07:00:34,https://std.stheadline.com/realtime/article/2047918/即時-體育-意甲│作客帕爾馬有力一拼-威尼斯受讓值博,"足智彩球賽編號：FB6303
帕爾馬 VS 威尼斯
香港時間今晚10:00開賽
推介：讓球[0/+0.5]客勝

帕爾馬近期表現回落近兩場只得1和1負，面對熱拿亞和拖連奴時皆處於下風，今晚縱有主場之利，但面對近期表現進步極大的威尼斯仍難以被看好，客隊近6場取得1勝3和2負，落敗兩仗皆只以0:1僅負國際米蘭和拿玻里，表現極佳，後防更有超新星史坦高域把守最後一關，今場應可坐和望贏。",singtao,sport,2025-01-20 00:30
奇案解密︱「笑面殺手」成瑞龍背負10餘人命  逃亡13年面對死刑面帶微笑,2025-01-19 07:00:00,https://std.stheadline.com/realtime/article/2047858/即時-中國-奇案解密︱-笑面殺手-成瑞龍背負10餘人命-逃亡13年面對死刑面帶微笑,"身負13條人命、槍殺3名警察，1996至2005年間在廣東、廣西、湖南、浙江、重慶、江西等地犯下10宗搶劫、殺人、強姦驚天大案，有「廣東第一悍匪」之稱的成瑞龍，殺死13人，其中包括多數警察，亡命天涯13載，面對死刑判決竟面帶笑容，向法官連說「新年好」，因此又被命為「笑面殺手」。

經歷甚麼走上犯罪之路？

1995年的廣東南海，當時，成瑞龍還只是一個初出茅廬的犯罪分子，與同伴一同策劃了一宗綁架案，目標是一位海鮮餐館老闆。雖然這次行動因警方迅速介入而未能全身而退，但成瑞龍卻僥倖逃脫，從此踏上了一條不歸路。",singtao,greater_china,2025-01-20 00:30
大阪新盤來港推260萬入場 主攻1房戶面積293呎起,2025-01-19 06:00:17,https://std.stheadline.com/realtime/article/2047391/即時-地產-大阪新盤來港推260萬入場-主攻1房戶面積293呎起,"日圓近期匯率跌至五算，吸引不少港人到當地旅遊，當地物業市場租金回報率高，入場門檻低，吸引港人到當地投資物業，最新位於大阪的新盤，售價僅260萬起，適合用作旅遊度假及投資用途。

由FMI JAPAN株式會社發展，位於大阪南船場（Minamisenba）的The Peak Shinsaibashi Jewel全新住宅項目，屬FMI JAPAN大阪旗艦項目之一，樓高14層。",singtao,property,2025-01-20 00:30
貓奴尋租盤列8大要求 預算1.8萬 要有浴缸及梗廚 睇中馬灣大型屋苑｜區區睇樓,2025-01-19 06:00:00,https://std.stheadline.com/realtime/article/2047750/即時-地產-貓奴尋租盤列8大要求-預算1-8萬-要有浴缸及梗廚-睇中馬灣大型屋苑-區區睇樓,"有女網友在社交平台Threads表示自己正在尋找租盤，不過就發覺現時很多新樓一般都是開放式廚房，但由於她本人養了貓，因此希望尋找有梗廚的租盤，較為安全。她列出數個租盤要求，例如要有梗廚、浴室有浴缸、租金1.8萬元以下，加上她在中環及荃灣工作，最好返工時間45分鐘以內。她認為位於馬灣的珀麗灣是不錯的選擇，有海景夠悠閒，樓齡又唔會太大，性價比高，藉此問問有沒有住在珀麗灣的居民能分享優缺，今期《區區睇樓》將介紹屋苑兩個兩房租盤，月租分別1.6萬元及1.7萬元。

租金叫價1.5萬起",singtao,property,2025-01-20 00:30
特朗普上任四出點火 美股未來兩年跌市機會逾四成 林本利：看看美國哪些人捱不住,2025-01-19 06:00:00,https://std.stheadline.com/realtime/article/2047902/即時-財經-特朗普上任四出點火-美股未來兩年跌市機會逾四成-林本利-看看美國哪些人捱不住,"特朗普明天（20日）就任美國總統，這位「狂人」未上任已「四出點火」，除了擬向加拿大、墨西哥、中國加徵關稅，又聲言不排除以武力奪取格陵蘭及巴拿馬運河。展望美股前景，林本利直言特朗普是全球最大不確定性。對於特朗普重掌白宮會否觸發大跌市，林本利整理了1928至2024年的美股數據，提醒在新任總統上任後首兩年，投資者要格外小心，因標普500指數有四成以上是下跌，相反在任內第三及第四年則大多數是升市。

林本利根據歷史數據指出，自1928至2024年、總共25個美國總統大選，標指在總統上任第一及第二年，分別有10次及11次下跌，下跌比例分別為41.7%及45.8%；連同股息回報的話，上任首兩年同樣有10",singtao,finance,2025-01-20 00:30
南韓法院凌晨正式批准逮捕尹錫悅 指可能銷毀證據 支持者闖入法院破壞 與警發生衝突,2025-01-19 03:54:19,https://std.stheadline.com/realtime/article/2047950/即時-國際-南韓法院凌晨正式批准逮捕尹錫悅-指可能銷毀證據-支持者闖入法院破壞-與警發生衝突,"韓國首爾西部地方法院周日（19日）凌晨批准被逮捕總統尹錫悅的拘留令。尹錫悅成為韓國憲政史上首位以現任總統身分接受拘留調查的總統。

首爾西部地方法院18日下午開始對尹錫悅進行拘留令必要性審查，並於19日凌晨以「嫌疑人可能銷毀證據」為由批准對尹錫悅的拘留令。韓國「共同調查本部」表示，將依據法律和相關程序對尹錫悅案件進行調查。",singtao,international,2025-01-20 00:30
以色列特拉維夫發生持刀傷人案 刀手遭持槍市民擊斃,2025-01-19 02:10:42,https://std.stheadline.com/realtime/article/2047947/即時-國際-以色列特拉維夫發生持刀傷人案-刀手遭持槍市民擊斃,"以色列特拉維夫發生持刀傷人案，一名男子被刺傷，刀手被持搶市民擊斃。

據多間以色列媒體報道，以色列特拉維夫萊文廷街周六發生持刀傷人案，造成數人受傷。警方指襲擊事件為恐怖攻擊，並表示襲擊者曾試圖刺傷路人，隨後被一名持有特許武器的公民當場擊斃。",singtao,international,2025-01-20 00:30
西班牙北部滑雪場纜車意外 至少30人受傷,2025-01-19 00:23:22,https://std.stheadline.com/realtime/article/2047944/即時-國際-西班牙北部滑雪場纜車意外-至少30人受傷,"西班牙北部一個滑雪場發生纜車意外，造成至少30人受傷，其中17人傷勢較重。

事件發生在比利牛斯山脈，接近法國邊境阿斯頓滑雪勝地。西班牙阿拉貢地區政府稱，該地區一個度假勝地的滑雪纜車周六發生倒塌，造成數十人受傷，其中 9 人傷勢非常嚴重，8 人重傷。

根據國家電視台 TVE 報道，目前約有 80 人仍被困在纜車上。其中一名目擊者稱：「就好像電纜斷了一樣，椅子彈了起來，人們都被拋起。」


      
      
              



      
            
      
    
        
    
  


意外發生後，多架直升機在現在協助拯救，並",singtao,international,2025-01-20 00:30
李小龍二姐李秋鳳離世！李香凝發文悼念姑媽：她總是很高興見到我和我的家人,2025-01-18 20:16:32,https://std.stheadline.com/realtime/article/2047924/即時-娛樂-李小龍二姐李秋鳳離世-李香凝發文悼念姑媽-她總是很高興見到我和我的家人,,singtao,entertainment,2025-01-20 00:30
美銀向全球員工發放10億美元股票激勵,2025-01-18 17:40:05,https://std.stheadline.com/realtime/article/2047895/即時-財經-美銀向全球員工發放10億美元股票激勵,"外電報道指，美國銀行(BAC)由於去年業績表現強勁，該銀行將自2017年以來第八次向其全球大部分員工獎勵股票。

這些股票獎勵將在年終激勵獎勵之外發放，將發放給年度總薪酬不超過50萬美元的員工，覆蓋該行全球約97%的員工。截至去年底，美銀擁有213,193名員工，這意味着股票獎勵總額將略高於10億美元。

美銀日前發佈第四季及2024全年業績，受交易活動提振，全年收入超過1000億美元，利潤達271億美元。",singtao,finance,2025-01-20 00:30
任天堂發佈Nintendo Switch2後股價插水 分析師：驚喜欠奉,2025-01-18 16:00:38,https://std.stheadline.com/realtime/article/2047872/即時-財經-任天堂發佈Nintendo-Switch2後股價插水-分析師-驚喜欠奉,"任天堂日前發佈Switch 2宣傳片，揭開Switch 2遊戲主機的神秘面紗。不過任天堂股價剛在周四創出歷史新高後，周五一度大跌超過7%，最終跌4.26%，單日市值蒸發超過5300億日元。

任天堂周四晚上突襲式發佈Nintendo Switch 2的預告片，公開這部新世代手提遊戲機的外觀造型，螢幕尺寸更大之餘，Joy-Con手掣更改作磁吸式。公司同時宣布，將在4月2日舉行發佈會介紹新主機，以及潛在首發遊戲。

相關新聞：任天堂Nintendo Switch 2正式發表｜大螢幕配磁吸Joy-Con造型曝光 兼容初代遊戲《Mario Kart 9》有望打頭陣

即睇Nintendo Switch",singtao,finance,2025-01-20 00:30
日產全球裁員9000人 據報將包括日本國內員工,2025-01-18 15:39:16,https://std.stheadline.com/realtime/article/2047868/即時-財經-日產全球裁員9000人-據報將包括日本國內員工,"日產汽車全球裁員9000人的計劃中，據報包括日本員工，作為經營合理化措施的其中一環。

據《共同社》報道，日產考慮到力爭在6月與本田汽車簽署經營合併協議，日產將徹底在架構上實現「瘦身」，以消除本田對日產重振經營的疑慮。

報道指，目前日產在今年1月1日有63名董事，公司將削減其中的一部分，同時簡化管理職位的層級，以迅速進行決策，縮短車輛和發動機的開發時間，並根據需求靈活調整銷售戰略。

日產在去年11月發佈財年中期合併財報時，同時公佈了經營合理化措施，核心內容是在全球裁員超過13.3萬人中削減9000人，相當於大約7%員工，但當時未有透露是否包括日本員工。日本員工約佔總體僱員的45%，北美約佔",singtao,finance,2025-01-20 00:30
去年二手交投屯門最多 3區按年增兩成,2025-01-18 15:24:54,https://std.stheadline.com/realtime/article/2047865/即時-地產-去年二手交投屯門最多-3區按年增兩成,"美聯物業研究中心綜合土地註冊處買賣註冊登記個案，並將全港劃分為130分區分析，2024年二手住宅註冊量首10位中，有7區宗數按年增長，當中更有3區增加超過兩成；屯門市中心全年錄得1,655宗二手註冊高踞榜首。

美聯物業首席分析師劉嘉輝指出，去年二手最活躍的10區中，宗數升幅最大的是大圍，2024年全年共錄831宗二手註冊，較2023年全年增約27.1%；北角/炮台山錄950宗，粉嶺/粉嶺北/沙頭角/打鼓嶺錄770宗，兩區宗數均按年增加約23.2%。",singtao,property,2025-01-20 00:30
特朗普1.20就職 盤點5大影響經濟政策 專家：驅逐非法移民推升通脹 貿易戰掀全球風險,2025-01-18 14:54:42,https://std.stheadline.com/realtime/article/2047860/即時-財經-特朗普1-20就職-盤點5大影響經濟政策-專家-驅逐非法移民推升通脹-貿易戰掀全球風險,"特朗普將於1月20日就職，他在競選期間作出了不少，對經濟及股市構成重大影響的競選承諾。有專家認為，驅逐非法移民會較大機會落實，此舉勢必推升美國通脹；而特朗普一旦大幅加外國商品關稅，引發國際貿易戰的話，將是全球一個較大的風險。

1.驅逐非法移民

特朗普將移民問題作為去年競選的核心議題，曾經聲言上任第一天，「會啟動美國歷史上最大規模的驅逐移民計劃，把罪犯趕出去。」

美國有線電視新聞網（CNN）周五引述2名知情人士報道，特朗普團隊正敲定一系列積極的移民行政命令，預計將在他20日宣誓就職後數小時內發布，就此揭開打擊非法移民的序幕。

有分析指，非法移民或貢獻美國非農就業增長約一半，由於這些非法移",singtao,finance,2025-01-20 00:30
美國將啟用非常規措施以避免債務違約 4年後料打破戰後債務紀錄,2025-01-18 14:27:57,https://std.stheadline.com/realtime/article/2047853/即時-財經-美國將啟用非常規措施以避免債務違約-4年後料打破戰後債務紀錄,"即將卸任的美國財長耶倫表示，財政部將從1月21日開始採取特殊會計操作，以避免突破債務上限。她再次敦促議員採取措施提高或暫停法定上限。

耶倫周五在致國會兩黨領袖的信中寫道，她正告知議員財政部將從1月21日開始使用非常規措施。一些債券市場策略師預計隨著特朗普1月20日再度上任，將更容易能夠就暫停或取消上限達成協議，原因是共和黨人控制著國會兩院和白宮。不過，在協議達成之前，財政部將需要採取幾十年來反覆使用的措施以避免突破上限。

貝森特：不會出現債務違約

特普提名接替耶倫的財長人選貝森特（Scott Bessent）周四在參議院聽證會上承諾，如果他的提名獲得確認，美國將不會出現債務違約。

另外",singtao,finance,2025-01-20 00:30
黃金海灣·珀岸首輪沽218伙 成2025年銷售第一 英國華僑「Full Pay」700萬購2伙,2025-01-18 11:56:57,https://std.stheadline.com/realtime/article/2047834/即時-地產-黃金海灣-珀岸首輪沽218伙-成2025年銷售第一-英國華僑-Full-Pay-700萬購2伙,,singtao,property,2025-01-20 00:30
明嘉福家族1.2億沽銅鑼灣舖,2025-01-18 10:20:52,https://std.stheadline.com/realtime/article/2047815/即時-地產-明嘉福家族1-2億沽銅鑼灣舖,"富豪明嘉福家族後人沽售銅鑼灣駱克道491至499號京都廣場全部地舖，作價1.2億。

該廈由明家發展的，1992年落成，今番沽出持有多年收租的地舖，共約3926方呎，呎價3.06萬。

目前3名租客，BODYBRA(地下1及2A地舖)，建築面積約884方呎，月租10萬，SATAMI(2B及3號地舖)約885方呎，月租13.3萬，MARKET WHOLESOME(4及5號地舖)2157方呎，月租15萬，共38.3萬，回報3.8厘。

盛滙商舖基金創辦人李根興指，該地舖位處銅鑼灣廣場1期對面，過一個街口就是崇光百貨，罕有放售，「有錢都買唔到」。旺市時，上述每組地舖月租逾30萬，價值高，只有現時淡市",singtao,property,2025-01-20 00:30
東涌地削建政府設施增吸引力 事隔2年優化條款重推招標 估值逾5.1億,2025-01-18 10:11:03,https://std.stheadline.com/realtime/article/2047813/即時-地產-東涌地削建政府設施增吸引力-事隔2年優化條款重推招標-估值逾5-1億,"東涌新市鎮擴展區發展如火如荼，而且新填海區住宅地陸續釋出，今季唯一一幅住宅地昨起招標，為曾流標的東涌第106B區地，事隔約2年重推，預計提供約745伙，綜合市場估值約5.1億至6.8億，每方呎估值約1300至1700元。業界人士指，項目位於臨海位置，招標條款簡單，沒有相關政府設施，以增加發展商投地意欲，料項目流標風險低。

上述東涌第106B區（東涌市地段第55號）住宅地，地皮位於東涌新發展區臨海位置，鄰近東涌東環、昇薈等半新屋苑，位置不太遜色，現時配套不成問題；而且日後擴展區內交通、社區設施配套、商業等陸續到位，興建中的港鐵東涌線延線東涌東站，該站預計於2029年竣工。

可建總樓面40萬方",singtao,property,2025-01-20 00:30
強積金美股基金去年吸資247億創新高 逾50%總資金淨流入,2025-01-18 09:43:31,https://std.stheadline.com/realtime/article/2047810/即時-財經-強積金美股基金去年吸資247億創新高-逾50-總資金淨流入,"去年美股表現亮眼，帶挈強積金錄得淨流入。強積金研究機構積金評級估算，美國股票基金在連續兩年全年回報率逾20%的支持下，去年吸引逾50%的強積金總資金淨流入，為最受歡迎的強積金資產類別，並創有紀錄以來最高的約247億元淨流入。

單計2024年第四季，強積金資金淨流入約為110億元，累計全年總資金淨流入約達481億元，為2021年以來最低的年度淨流入，較過去5年平均值約523億元下跌約7.9%。

積金評級指出，香港及中國股票基金雖然打破連續3年虧損紀錄，全年回報率達約15.9%，但數據顯示去年每個季度都錄得資金淨流出，全年總資金淨流出約為105億元，為強積金資金流表現最差的資產類別。

總資金",singtao,finance,2025-01-20 00:30
傳遭公安帶走 萬科祝九勝「報平安」 深圳當局據報已介入或被接管改組,2025-01-18 09:31:29,https://std.stheadline.com/realtime/article/2047807/即時-財經-傳遭公安帶走-萬科祝九勝-報平安-深圳當局據報已介入或被接管改組,"雖然傳出萬科（2202）總裁祝九勝前日被內地公安帶走，不過祝九勝昨日凌晨已更新了微信朋友圈，並與內地記者以電話簡短交談來闢謠。祝九勝又在微信轉發一條連結，附上「節前出差、春節團聚節後返工、短暫過渡選商旅短租，連住更實惠」的言論，來曲線「報平安」。有內媒引述消息指，深圳當局的工作專責小組已經全面介入萬科，該公司或會被接管改組。另外，摩通表示，在消息未確實的情形下，樂觀估計萬科可能因獲「國有化」而得到重生，而負面估計可能是恒大（3333）幾年前的經歷類似。

萬科H股昨日跌逾3%，收市報4.71元。受傳聞影響，部分萬科境內債大幅上落，有些仍跌至短暫停牌，但「21萬科02」、「21萬科04」等均升超",singtao,finance,2025-01-20 00:30
英超｜法蘭克福總監證「新沙拿」將投曼城 隊友贏波餞行 馬穆殊眼濕濕告別球迷,2025-01-18 08:37:57,https://std.stheadline.com/realtime/article/2047804/即時-體育-英超-法蘭克福總監證-新沙拿-將投曼城-隊友贏波餞行-馬穆殊眼濕濕告別球迷,,singtao,sport,2025-01-20 00:30
肇慶新盤間隔多元 售價由36萬起,2025-01-18 07:00:23,https://std.stheadline.com/realtime/article/2047057/即時-地產-肇慶新盤間隔多元-售價由36萬起,"大灣區新盤交投雖然顯著回升，樓價則未有顯著升溫，個別地區樓價仍有下調壓力，造就不少新盤數十萬便有交易，其中肇慶新盤遠大美域小鎮，售價僅約人民幣34萬，折合港幣約36萬，入場門檻低。


      
      
              



      
            
      
    
        
    
  


面積約743至1540呎

由雲浮遠廣置開發，位於肇慶雲浮市雲安區雲祥大道的新盤遠大美域小鎮，佔地33.4萬方米（約360萬方呎），提供2房至4房間隔，面積介乎69至129方米（約743至1,540方呎），項目已2021年7月落成，買家可即買即住，",singtao,property,2025-01-20 00:30
廣州新盤上月錄1.11萬宗升35% 新政連環出台帶動市況漸回穩,2025-01-18 06:00:20,https://std.stheadline.com/realtime/article/2047043/即時-地產-廣州新盤上月錄1-11萬宗升35-新政連環出台帶動市況漸回穩,大灣區多個城市受到新政出台帶動，交投顯著反彈，其中核心城市廣州，市政府於11月份連環推出新政，令12月成交得以維持並有不俗增長，當地上月新盤及二手均錄得逾萬宗成交，其中新盤共錄得1.11萬宗成交，按月上升約35%，由於農曆新年漸近，為傳統淡季，相信交投將放緩。有業界人士指出，有開發商針對農曆新年進行相應促銷活動，相信農曆新年後將迎來今年第一波買樓潮。,singtao,property,2025-01-20 00:30
美股今年回調逾20%機會高 惟美股再貴 仍要繼續買 李聲揚：太擔心股災 或會錯過升浪,2025-01-18 06:00:05,https://std.stheadline.com/realtime/article/2047738/即時-財經-美股今年回調逾20-機會高-惟美股再貴-仍要繼續買-李聲揚-太擔心股災-或會錯過升浪,"即使美股貴，還是繼續維持投資吧！

你是不是錯失了之前的升市，現在有不少現金，但見到美股升了這麼多，就不敢入市，希望「等調整」？又或者，你會不會是有分到過去兩年美股反彈的成果，但現在卻心思思，想「鎖定利潤」，沽貨離場？筆者建議：不要輕舉妄動。

恐懼和貪婪 股市永恒上演

是的，股票市場這回事，表面好像是世界如棋局局新。但看真一點，背後的戲碼，卻是一樣的。都是恐懼和貪婪，boom and bust，狂喜和擔心。皆因人性不變。",singtao,finance,2025-01-20 00:30
居屋走廊驚現巨型入牆鞋櫃  裝修公司稱「最偉大設計」 驗樓師批做法大膽 或涉3大違規,2025-01-18 06:00:00,https://std.stheadline.com/realtime/article/2047751/即時-地產-居屋走廊驚現巨型入牆鞋櫃-裝修公司稱-最偉大設計-驗樓師批做法大膽-或涉3大違規,"香港家居空間有限，普遍業主都要面對收納問題，如要增加儲物量，就需要在裝修時花心思，透過設計規劃開拓更多空間。不過，有網民發現有居屋業主在門外走廊位置安裝巨型鞋櫃，引起熱議。有資深驗樓師直言做法「大膽」，並指出可能涉及3大方面違規，管理公司有權根據大廈公契要求業主移走木櫃及還原牆身，屋宇署亦有權進行執法，對該業主單位進行勘察或發出維修還原命令，若沒有按照要求還原，該居屋業主將面臨被控告的風險。

有設計工程公司在社交媒體上分享筲箕灣東熹苑一個600呎單位的全屋裝修實例片段，從片中可見，一個巨型入牆鞋櫃裝崁在單位門外走廊位置。影片主持人提到是應業主要求，利用門口位置改造成鞋櫃，更稱為「最偉大的設計",singtao,property,2025-01-20 00:30
中證監同意國泰君安合併海通證券 要求一年內制定具體整合方案,2025-01-17 22:20:55,https://std.stheadline.com/realtime/article/2047782/即時-財經-中證監同意國泰君安合併海通證券-要求一年內制定具體整合方案,"中證監公布，同意國泰君安以新增逾59.85億股股，吸收合併海通證券的註冊申請，並同意其配股集資不超過100億元（人民幣，下同）。完成合併後，海通證券將依法解散，其分支機構更為國泰君安分支機構。

中證監同時核准準國泰君安承接海通證券的子公司，包括取得富國基金27.775%股權，取海富通基金51%股權，取得海通期貨83.22%股權。

中證監指，國泰君安應按照初步整合方案確定的方向，在1年內制定並上報具體整合方案，明確時間表，妥善有序推進整合工作。該會指，在整合工作完成前，國泰君安應當切實做好與海通證券及其子公司的風險隔離，嚴格規範關聯交易，嚴防利益衝突和輸送風險。

有序推進客戶及員工銜接方案",singtao,finance,2025-01-20 00:30
海盈山每呎2.26萬加推67伙 入場價965萬,2025-01-17 21:02:06,https://std.stheadline.com/realtime/article/2047767/即時-地產-海盈山每呎2-26萬加推67伙-入場價965萬,"嘉里夥拍信和、太古地產及港鐵合作發展的黃竹坑站上蓋港島南岸新盤海盈山昨日銷售成績不俗，即晚售出逾8成供銷售單位。發展商今隨即趁勢加推新價單67伙，並上載銷售安排，連同部分過往開價單位，於下周二（21日）起公開發售共78伙。

嘉里發展董事及香港區總經理湯耀宗表示，加推的4號價單涵蓋67伙，折實平均呎價約22,662元；涉及多元化戶型，包括28伙2房連開放式廚房單位、19伙2房單位、10伙2房1套房連儲物室單位及 10個3房1套連開放式廚房單位，面積由486方呎至661方呎，折實售價由965.7868萬元起，折實呎價由19,791元起。

與此同時，發展商上載銷售安排第3號，定於下周二起進行銷售",singtao,property,2025-01-20 00:30
「俄羅斯超市」首度進軍香港 每月60萬租西洋菜街舖,2025-01-17 17:29:47,https://std.stheadline.com/realtime/article/2047718/即時-地產-俄羅斯超市-首度進軍香港-每月60萬租西洋菜街舖,"旺角西洋菜南街一個地舖，由電話配件店承租足足逾三年，業主近期終於尋得心儀租客，以「滿意價」租出舖位，租客為專賣俄羅斯產品的超市，首度進軍香港，月租60萬，平均呎租462元。

旺角西洋菜南街34及36號地舖，面積約1,300方呎，自從疫情以來，該舖均由肥仔開倉承租，雖然是短約，惟承租逾3年，業主一直在覓長租客，對租金有堅持，近期該地舖終於由專賣俄羅斯產品的超市承租，月租60萬。

高峰期月租180萬

消息人士透露，業主叫租逾60萬，最終每月約60萬租出，業主感到滿意，租客雖然專賣俄羅斯產品，惟並非俄羅斯資金，而是近年在內地開設同類型超市的財團，首度來港發展。

該舖對上的長租客為萬寧，於20",singtao,property,2025-01-20 00:30
私營按保公司罕推110%按揭成數 按息3.75至4.25厘 業界：估價不足救星,2025-01-17 17:13:55,https://std.stheadline.com/realtime/article/2047728/即時-財經-私營按保公司罕推110-按揭成數-按息3-75至4-25厘-業界-估價不足救星,,singtao,finance,2025-01-20 00:30
新世界皇都基座商場命名STATE THEATRE by K11 3房戶2618萬招標沽 呎價3.13萬,2025-01-17 16:15:00,https://std.stheadline.com/realtime/article/2044978/即時-地產-新世界皇都基座商場命名STATE-THEATRE-by-K11-3房戶2618萬招標沽-呎價3-13萬,"新世界（017）旗下北角大型歷史活化豪宅項目皇都連環錄成交，買家當中不乏國際客及大手豪客，今日再以2,618萬元標售1伙高層3房戶；為迎合買家需要，今再加推2伙於下周二（21日）起招標，即睇項目平面圖、戶型分布及周邊配套。

發展商今日以招標形式售出28樓B1室，3房1套連儲物室間隔，面積834方呎，連同1個車位，以2,618萬成交，呎價31,391元。

項目昨日連沽3伙，單日套現超過1.35億，其中33樓A1室，面積1522方呎，屬4房雙套連儲物室間隔，由新世界集團行政總裁黃少媚以5488萬連車位買入，呎價36,058元，反映對集團及項目有信心。

短短一周內六度加推

新世界發展營業及市",singtao,property,2025-01-20 00:30
屯門新居屋管理費每呎5.2元 超越同區有會所私樓 網民：貴得可怕 專家解釋1個原因難避免,2025-01-17 14:16:35,https://std.stheadline.com/realtime/article/2047675/即時-地產-屯門新居屋管理費每呎5-2元-超越同區有會所私樓-網民-貴得可怕-專家解釋1個原因難避免,"近年落成的新盤標榜大型會所及完善設施配套，管理費普遍每呎4元起跳，個別屋苑更達到每呎5至6元水平，即一個兩房單位每月管理費至少過千元。房委會於2023年推出的資助出售房屋項目陸續接近入伙期，上周有兩個屋苑落實了管理費水平。其中，位於屯門的兆翠苑每戶每月需繳管理費介乎1,457元至最高2,670元，即平均每平方呎管理費達到5.2元。有網民認為，居屋會所及設施欠奉，但每呎管理費竟比新盤及私樓更高，形容「貴得很可怕」。

預計今年入伙的屯門兆翠苑是2023年推出的新居屋項目之一，共有2座，分別為樓高32層的A座及28層的B座，合共提供518個伙單位。根據房委會文件顯示，A座一共有1至29樓的樓層，每",singtao,property,2025-01-20 00:30
尖沙咀萬事昌高層 意向價1050萬放售 每呎1.2萬,2025-01-17 11:13:34,https://std.stheadline.com/realtime/article/2047632/即時-地產-尖沙咀萬事昌高層-意向價1050萬放售-每呎1-2萬,"美聯商業高級營業董事蕭惠碧表示，尖沙咀寶勒巷3號萬事昌廣場高層單位放租售，建築面積833方呎，意向價1,050萬，平均每方呎約1.2萬，業主意向租金2.7萬，折合每呎約32元。

意向呎租32元

蕭氏表示， 是次單位間隔方正外望城市景。大廈採用玻璃幕牆設計，附設3部客梯及1部貨梯，該廈位處商業核心地段，往港鐵尖沙咀站需時約5分鐘。

美聯工商舖資料研究部發表的《商廈快訊》報告指，2024年表現最「硬淨」區域是尖沙咀包括尖東，年內該區甲廈平均售價僅跌4.2%，是表現較好。蕭氏續指，是次代理物業毗鄰多間星級酒店及大型購物商場K11，坐擁尖沙咀及尖東雙鐵匯聚優勢。

佐敦「樓上舖」意向3200萬",singtao,property,2025-01-20 00:30
私樓動工量5030伙 創14年同期新低 去年11月錄「零動工」業界：發展商放緩建屋步伐,2025-01-17 10:19:30,https://std.stheadline.com/realtime/article/2047616/即時-地產-私樓動工量5030伙-創14年同期新低-去年11月錄-零動工-業界-發展商放緩建屋步伐,"在樓市前景未明，動工量進度再度停滯，據屋宇署數據顯示，去年11月錄「零動工」為年內第二次，總結首11個月動工量累計共5030伙，較去年同期的9031伙減少44.3%，創14年同期新低。業界人士指，息口高企及新盤庫存量多等因素情況影響下，發展商放緩建屋步伐以去庫存。

據屋宇署數據顯示，動工量進度再度停滯，據屋宇署數據，該署修改去年部分月份動工量，當中8月及10月由「零動工」，最新修訂為327及48伙，而最新11月再次錄「零動工」，為去年6月後第二度錄「零動工」。至於去年首11個月動工量累計共5030伙，較去年同期的9031伙減少44.3%，創14年同期新低。

按年同期跌44%

另一方面，去",singtao,property,2025-01-20 00:30
